czas;code;val_num;val_str;val_combined
2026-08-24 00:01:37;disc_temp;"22;5";;"22;5"
2026-08-24 00:02:20;comp_freq;"0;0";;"0;0"
2026-08-24 00:02:20;amb_temp;"13;3";;"13;3"
2026-08-24 00:02:20;ac_curr;"0;0";;"0;0"
2026-08-24 00:02:36;fault_flag;;False;"0;0"
2026-08-24 00:02:36;protect_flag;;False;"0;0"
2026-08-24 00:02:36;ac_fan;;close;
2026-08-24 00:02:36;freeze;;False;"0;0"
2026-08-24 00:02:36;defrost;;False;"0;0"
2026-08-24 00:02:36;dc_fan2;"0;0";;"0;0"
2026-08-24 00:03:03;back_temp;"20;5";;"20;5"
2026-08-24 00:03:04;in_water_temp;"21;1";;"21;1"
2026-08-24 00:03:20;m_eev;"480;0";;"480;0"
2026-08-24 00:03:20;dc_fan1;"0;0";;"0;0"
2026-08-24 00:03:53;a_eev;"10;0";;"10;0"
2026-08-24 00:03:53;tank_temp;"44;0";;"44;0"
2026-08-24 00:04:20;out_water_temp;"22;3";;"22;3"
2026-08-24 00:04:36;tidr;"23;1";;"23;1"
2026-08-24 00:04:40;pump_sta;;False;"0;0"
2026-08-24 00:04:40;flow_rate;"0;0";;"0;0"
2026-08-24 00:04:40;valve;;False;"0;0"
2026-08-24 00:06:35;in_water_temp;"20;9";;"20;9"
2026-08-24 00:06:47;disc_temp;"22;2";;"22;2"
2026-08-24 00:07:22;comp_freq;"0;0";;"0;0"
2026-08-24 00:07:22;amb_temp;"13;2";;"13;2"
2026-08-24 00:07:22;ac_curr;"0;0";;"0;0"
2026-08-24 00:07:38;fault_flag;;False;"0;0"
2026-08-24 00:07:38;protect_flag;;False;"0;0"
2026-08-24 00:07:38;ac_fan;;close;
2026-08-24 00:07:38;freeze;;False;"0;0"
2026-08-24 00:07:38;defrost;;False;"0;0"
2026-08-24 00:07:38;dc_fan2;"0;0";;"0;0"
2026-08-24 00:08:07;back_temp;"20;3";;"20;3"
2026-08-24 00:08:27;m_eev;"480;0";;"480;0"
2026-08-24 00:08:27;dc_fan1;"0;0";;"0;0"
2026-08-24 00:08:56;a_eev;"10;0";;"10;0"
2026-08-24 00:08:56;tank_temp;"43;9";;"43;9"
2026-08-24 00:09:23;out_water_temp;"22;1";;"22;1"
2026-08-24 00:09:36;tidr;"23;1";;"23;1"
2026-08-24 00:09:48;pump_sta;;False;"0;0"
2026-08-24 00:09:48;flow_rate;"0;0";;"0;0"
2026-08-24 00:09:48;valve;;False;"0;0"
2026-08-24 00:11:36;in_water_temp;"20;8";;"20;8"
2026-08-24 00:11:49;disc_temp;"22;0";;"22;0"
2026-08-24 00:11:51;out_water_temp;"21;9";;"21;9"
2026-08-24 00:12:23;comp_freq;"0;0";;"0;0"
2026-08-24 00:12:23;amb_temp;"13;0";;"13;0"
2026-08-24 00:12:23;ac_curr;"0;0";;"0;0"
2026-08-24 00:12:39;fault_flag;;False;"0;0"
2026-08-24 00:12:39;protect_flag;;False;"0;0"
2026-08-24 00:12:39;ac_fan;;close;
2026-08-24 00:12:39;freeze;;False;"0;0"
2026-08-24 00:12:39;defrost;;False;"0;0"
2026-08-24 00:12:39;dc_fan2;"0;0";;"0;0"
2026-08-24 00:13:09;back_temp;"20;1";;"20;1"
2026-08-24 00:13:28;m_eev;"480;0";;"480;0"
2026-08-24 00:13:28;dc_fan1;"0;0";;"0;0"
2026-08-24 00:13:56;a_eev;"10;0";;"10;0"
2026-08-24 00:13:56;tank_temp;"43;9";;"43;9"
2026-08-24 00:14:38;tidr;"23;1";;"23;1"
2026-08-24 00:14:49;pump_sta;;False;"0;0"
2026-08-24 00:14:49;flow_rate;"0;0";;"0;0"
2026-08-24 00:14:49;valve;;False;"0;0"
2026-08-24 00:16:37;in_water_temp;"20;6";;"20;6"
2026-08-24 00:16:51;disc_temp;"21;8";;"21;8"
2026-08-24 00:16:52;out_water_temp;"21;8";;"21;8"
2026-08-24 00:17:32;comp_freq;"0;0";;"0;0"
2026-08-24 00:17:32;amb_temp;"13;0";;"13;0"
2026-08-24 00:17:32;ac_curr;"0;0";;"0;0"
2026-08-24 00:17:49;fault_flag;;False;"0;0"
2026-08-24 00:17:49;protect_flag;;False;"0;0"
2026-08-24 00:17:49;ac_fan;;close;
2026-08-24 00:17:49;freeze;;False;"0;0"
2026-08-24 00:17:49;defrost;;False;"0;0"
2026-08-24 00:17:49;dc_fan2;"0;0";;"0;0"
2026-08-24 00:18:12;back_temp;"19;9";;"19;9"
2026-08-24 00:18:28;m_eev;"480;0";;"480;0"
2026-08-24 00:18:28;dc_fan1;"0;0";;"0;0"
2026-08-24 00:18:59;a_eev;"10;0";;"10;0"
2026-08-24 00:18:59;tank_temp;"43;9";;"43;9"
2026-08-24 00:19:42;tidr;"23;1";;"23;1"
2026-08-24 00:19:50;pump_sta;;False;"0;0"
2026-08-24 00:19:50;flow_rate;"0;0";;"0;0"
2026-08-24 00:19:50;valve;;False;"0;0"
2026-08-24 00:21:18;in_water_temp;"20;4";;"20;4"
2026-08-24 00:21:52;disc_temp;"21;4";;"21;4"
2026-08-24 00:21:54;out_water_temp;"21;6";;"21;6"
2026-08-24 00:22:32;comp_freq;"0;0";;"0;0"
2026-08-24 00:22:32;amb_temp;"12;9";;"12;9"
2026-08-24 00:22:32;ac_curr;"0;0";;"0;0"
2026-08-24 00:22:53;fault_flag;;False;"0;0"
2026-08-24 00:22:53;protect_flag;;False;"0;0"
2026-08-24 00:22:53;ac_fan;;close;
2026-08-24 00:22:53;freeze;;False;"0;0"
2026-08-24 00:22:53;defrost;;False;"0;0"
2026-08-24 00:22:53;dc_fan2;"0;0";;"0;0"
2026-08-24 00:23:13;back_temp;"19;8";;"19;8"
2026-08-24 00:23:30;m_eev;"480;0";;"480;0"
2026-08-24 00:23:30;dc_fan1;"0;0";;"0;0"
2026-08-24 00:24:01;a_eev;"10;0";;"10;0"
2026-08-24 00:24:01;tank_temp;"43;9";;"43;9"
2026-08-24 00:24:44;tidr;"23;1";;"23;1"
2026-08-24 00:24:50;pump_sta;;False;"0;0"
2026-08-24 00:24:50;flow_rate;"0;0";;"0;0"
2026-08-24 00:24:50;valve;;False;"0;0"
2026-08-24 00:25:59;out_water_temp;"21;4";;"21;4"
2026-08-24 00:26:15;tidr;"23;0";;"23;0"
2026-08-24 00:26:17;in_water_temp;"20;3";;"20;3"
2026-08-24 00:26:55;disc_temp;"21;2";;"21;2"
2026-08-24 00:27:40;tidr;"23;1";;"23;1"
2026-08-24 00:27:40;comp_freq;"0;0";;"0;0"
2026-08-24 00:27:40;amb_temp;"12;8";;"12;8"
2026-08-24 00:27:40;ac_curr;"0;0";;"0;0"
2026-08-24 00:27:43;tidr;"23;0";;"23;0"
2026-08-24 00:27:56;fault_flag;;False;"0;0"
2026-08-24 00:27:56;protect_flag;;False;"0;0"
2026-08-24 00:27:56;ac_fan;;close;
2026-08-24 00:27:56;freeze;;False;"0;0"
2026-08-24 00:27:56;defrost;;False;"0;0"
2026-08-24 00:27:56;dc_fan2;"0;0";;"0;0"
2026-08-24 00:28:15;back_temp;"19;6";;"19;6"
2026-08-24 00:28:31;m_eev;"480;0";;"480;0"
2026-08-24 00:28:31;dc_fan1;"0;0";;"0;0"
2026-08-24 00:29:03;tidr;"23;1";;"23;1"
2026-08-24 00:29:03;a_eev;"10;0";;"10;0"
2026-08-24 00:29:03;tank_temp;"43;9";;"43;9"
2026-08-24 00:29:51;pump_sta;;False;"0;0"
2026-08-24 00:29:51;flow_rate;"0;0";;"0;0"
2026-08-24 00:29:51;valve;;False;"0;0"
2026-08-24 00:31:01;out_water_temp;"21;3";;"21;3"
2026-08-24 00:31:22;in_water_temp;"20;2";;"20;2"
2026-08-24 00:31:59;disc_temp;"21;2";;"21;2"
2026-08-24 00:32:51;comp_freq;"0;0";;"0;0"
2026-08-24 00:32:51;amb_temp;"12;8";;"12;8"
2026-08-24 00:32:51;ac_curr;"0;0";;"0;0"
2026-08-24 00:32:56;fault_flag;;False;"0;0"
2026-08-24 00:32:56;protect_flag;;False;"0;0"
2026-08-24 00:32:56;ac_fan;;close;
2026-08-24 00:32:56;freeze;;False;"0;0"
2026-08-24 00:32:56;defrost;;False;"0;0"
2026-08-24 00:32:56;dc_fan2;"0;0";;"0;0"
2026-08-24 00:33:17;back_temp;"19;4";;"19;4"
2026-08-24 00:33:32;m_eev;"480;0";;"480;0"
2026-08-24 00:33:32;dc_fan1;"0;0";;"0;0"
2026-08-24 00:34:04;tidr;"23;1";;"23;1"
2026-08-24 00:34:04;a_eev;"10;0";;"10;0"
2026-08-24 00:34:04;tank_temp;"43;8";;"43;8"
2026-08-24 00:34:53;pump_sta;;False;"0;0"
2026-08-24 00:34:53;flow_rate;"0;0";;"0;0"
2026-08-24 00:34:53;valve;;False;"0;0"
2026-08-24 00:35:36;tidr;"23;0";;"23;0"
2026-08-24 00:36:04;out_water_temp;"21;1";;"21;1"
2026-08-24 00:36:22;in_water_temp;"20;0";;"20;0"
2026-08-24 00:37:00;tidr;"23;1";;"23;1"
2026-08-24 00:37:00;disc_temp;"21;0";;"21;0"
2026-08-24 00:37:52;comp_freq;"0;0";;"0;0"
2026-08-24 00:37:52;amb_temp;"12;8";;"12;8"
2026-08-24 00:37:52;ac_curr;"0;0";;"0;0"
2026-08-24 00:38:00;fault_flag;;False;"0;0"
2026-08-24 00:38:00;protect_flag;;False;"0;0"
2026-08-24 00:38:00;ac_fan;;close;
2026-08-24 00:38:00;freeze;;False;"0;0"
2026-08-24 00:38:00;defrost;;False;"0;0"
2026-08-24 00:38:00;dc_fan2;"0;0";;"0;0"
2026-08-24 00:38:35;back_temp;"19;3";;"19;3"
2026-08-24 00:38:35;m_eev;"480;0";;"480;0"
2026-08-24 00:38:35;dc_fan1;"0;0";;"0;0"
2026-08-24 00:39:07;a_eev;"10;0";;"10;0"
2026-08-24 00:39:07;tank_temp;"43;8";;"43;8"
2026-08-24 00:39:35;out_water_temp;"20;9";;"20;9"
2026-08-24 00:39:55;pump_sta;;False;"0;0"
2026-08-24 00:39:55;flow_rate;"0;0";;"0;0"
2026-08-24 00:39:55;valve;;False;"0;0"
2026-08-24 00:41:23;in_water_temp;"19;8";;"19;8"
2026-08-24 00:42:05;tidr;"23;1";;"23;1"
2026-08-24 00:42:05;disc_temp;"20;8";;"20;8"
2026-08-24 00:42:53;comp_freq;"0;0";;"0;0"
2026-08-24 00:42:53;amb_temp;"12;6";;"12;6"
2026-08-24 00:42:53;ac_curr;"0;0";;"0;0"
2026-08-24 00:43:01;fault_flag;;False;"0;0"
2026-08-24 00:43:01;protect_flag;;False;"0;0"
2026-08-24 00:43:01;ac_fan;;close;
2026-08-24 00:43:01;freeze;;False;"0;0"
2026-08-24 00:43:01;defrost;;False;"0;0"
2026-08-24 00:43:01;dc_fan2;"0;0";;"0;0"
2026-08-24 00:43:35;back_temp;"19;1";;"19;1"
2026-08-24 00:43:35;m_eev;"480;0";;"480;0"
2026-08-24 00:43:35;dc_fan1;"0;0";;"0;0"
2026-08-24 00:44:19;a_eev;"10;0";;"10;0"
2026-08-24 00:44:19;tank_temp;"43;9";;"43;9"
2026-08-24 00:44:37;out_water_temp;"20;8";;"20;8"
2026-08-24 00:45:02;pump_sta;;False;"0;0"
2026-08-24 00:45:02;flow_rate;"0;0";;"0;0"
2026-08-24 00:45:02;valve;;False;"0;0"
2026-08-24 00:46:25;in_water_temp;"19;7";;"19;7"
2026-08-24 00:47:08;tidr;"23;1";;"23;1"
2026-08-24 00:47:08;disc_temp;"20;5";;"20;5"
2026-08-24 00:47:55;comp_freq;"0;0";;"0;0"
2026-08-24 00:47:55;amb_temp;"12;6";;"12;6"
2026-08-24 00:47:55;ac_curr;"0;0";;"0;0"
2026-08-24 00:48:02;fault_flag;;False;"0;0"
2026-08-24 00:48:02;protect_flag;;False;"0;0"
2026-08-24 00:48:02;ac_fan;;close;
2026-08-24 00:48:02;freeze;;False;"0;0"
2026-08-24 00:48:02;defrost;;False;"0;0"
2026-08-24 00:48:02;dc_fan2;"0;0";;"0;0"
2026-08-24 00:48:38;back_temp;"18;9";;"18;9"
2026-08-24 00:48:38;m_eev;"480;0";;"480;0"
2026-08-24 00:48:38;dc_fan1;"0;0";;"0;0"
2026-08-24 00:49:21;a_eev;"10;0";;"10;0"
2026-08-24 00:49:21;tank_temp;"43;8";;"43;8"
2026-08-24 00:49:39;out_water_temp;"20;7";;"20;7"
2026-08-24 00:50:02;pump_sta;;False;"0;0"
2026-08-24 00:50:02;flow_rate;"0;0";;"0;0"
2026-08-24 00:50:02;valve;;False;"0;0"
2026-08-24 00:51:27;in_water_temp;"19;5";;"19;5"
2026-08-24 00:51:55;tidr;"23;0";;"23;0"
2026-08-24 00:52:09;disc_temp;"20;3";;"20;3"
2026-08-24 00:53:00;comp_freq;"0;0";;"0;0"
2026-08-24 00:53:00;amb_temp;"12;5";;"12;5"
2026-08-24 00:53:00;ac_curr;"0;0";;"0;0"
2026-08-24 00:53:10;fault_flag;;False;"0;0"
2026-08-24 00:53:10;protect_flag;;False;"0;0"
2026-08-24 00:53:10;ac_fan;;close;
2026-08-24 00:53:10;freeze;;False;"0;0"
2026-08-24 00:53:10;defrost;;False;"0;0"
2026-08-24 00:53:10;dc_fan2;"0;0";;"0;0"
2026-08-24 00:53:16;tidr;"23;1";;"23;1"
2026-08-24 00:53:39;back_temp;"18;8";;"18;8"
2026-08-24 00:53:39;m_eev;"480;0";;"480;0"
2026-08-24 00:53:39;dc_fan1;"0;0";;"0;0"
2026-08-24 00:54:27;a_eev;"10;0";;"10;0"
2026-08-24 00:54:27;tank_temp;"43;8";;"43;8"
2026-08-24 00:54:44;out_water_temp;"20;5";;"20;5"
2026-08-24 00:55:04;pump_sta;;False;"0;0"
2026-08-24 00:55:04;flow_rate;"0;0";;"0;0"
2026-08-24 00:55:04;valve;;False;"0;0"
2026-08-24 00:55:26;tidr;"23;0";;"23;0"
2026-08-24 00:56:27;in_water_temp;"19;3";;"19;3"
2026-08-24 00:56:49;tidr;"23;1";;"23;1"
2026-08-24 00:57:11;disc_temp;"20;3";;"20;3"
2026-08-24 00:58:03;comp_freq;"0;0";;"0;0"
2026-08-24 00:58:03;amb_temp;"12;5";;"12;5"
2026-08-24 00:58:03;ac_curr;"0;0";;"0;0"
2026-08-24 00:58:13;fault_flag;;False;"0;0"
2026-08-24 00:58:13;protect_flag;;False;"0;0"
2026-08-24 00:58:13;ac_fan;;close;
2026-08-24 00:58:13;freeze;;False;"0;0"
2026-08-24 00:58:13;defrost;;False;"0;0"
2026-08-24 00:58:13;dc_fan2;"0;0";;"0;0"
2026-08-24 00:58:40;back_temp;"18;7";;"18;7"
2026-08-24 00:58:40;m_eev;"480;0";;"480;0"
2026-08-24 00:58:40;dc_fan1;"0;0";;"0;0"
2026-08-24 00:59:27;a_eev;"10;0";;"10;0"
2026-08-24 00:59:27;tank_temp;"43;7";;"43;7"
2026-08-24 00:59:45;out_water_temp;"20;3";;"20;3"
2026-08-24 01:00:05;pump_sta;;False;"0;0"
2026-08-24 01:00:05;flow_rate;"0;0";;"0;0"
2026-08-24 01:00:05;valve;;False;"0;0"
2026-08-24 01:01:31;in_water_temp;"19;2";;"19;2"
2026-08-24 01:01:52;tidr;"23;1";;"23;1"
2026-08-24 01:02:12;disc_temp;"19;9";;"19;9"
2026-08-24 01:03:04;comp_freq;"0;0";;"0;0"
2026-08-24 01:03:04;amb_temp;"12;5";;"12;5"
2026-08-24 01:03:04;ac_curr;"0;0";;"0;0"
2026-08-24 01:03:13;fault_flag;;False;"0;0"
2026-08-24 01:03:13;protect_flag;;False;"0;0"
2026-08-24 01:03:13;ac_fan;;close;
2026-08-24 01:03:13;freeze;;False;"0;0"
2026-08-24 01:03:13;defrost;;False;"0;0"
2026-08-24 01:03:13;dc_fan2;"0;0";;"0;0"
2026-08-24 01:03:41;back_temp;"18;5";;"18;5"
2026-08-24 01:03:41;m_eev;"480;0";;"480;0"
2026-08-24 01:03:41;dc_fan1;"0;0";;"0;0"
2026-08-24 01:04:28;a_eev;"10;0";;"10;0"
2026-08-24 01:04:28;tank_temp;"43;7";;"43;7"
2026-08-24 01:04:56;out_water_temp;"20;2";;"20;2"
2026-08-24 01:05:13;pump_sta;;False;"0;0"
2026-08-24 01:05:13;flow_rate;"0;0";;"0;0"
2026-08-24 01:05:13;valve;;False;"0;0"
2026-08-24 01:06:33;in_water_temp;"19;0";;"19;0"
2026-08-24 01:06:58;tidr;"23;1";;"23;1"
2026-08-24 01:07:13;disc_temp;"19;9";;"19;9"
2026-08-24 01:07:26;tidr;"23;0";;"23;0"
2026-08-24 01:08:06;comp_freq;"0;0";;"0;0"
2026-08-24 01:08:06;amb_temp;"12;4";;"12;4"
2026-08-24 01:08:06;ac_curr;"0;0";;"0;0"
2026-08-24 01:08:15;fault_flag;;False;"0;0"
2026-08-24 01:08:15;protect_flag;;False;"0;0"
2026-08-24 01:08:15;ac_fan;;close;
2026-08-24 01:08:15;freeze;;False;"0;0"
2026-08-24 01:08:15;defrost;;False;"0;0"
2026-08-24 01:08:15;dc_fan2;"0;0";;"0;0"
2026-08-24 01:08:42;back_temp;"18;3";;"18;3"
2026-08-24 01:08:42;m_eev;"480;0";;"480;0"
2026-08-24 01:08:42;dc_fan1;"0;0";;"0;0"
2026-08-24 01:08:43;tidr;"23;1";;"23;1"
2026-08-24 01:09:29;a_eev;"10;0";;"10;0"
2026-08-24 01:09:29;tank_temp;"43;8";;"43;8"
2026-08-24 01:10:00;out_water_temp;"20;0";;"20;0"
2026-08-24 01:10:25;pump_sta;;False;"0;0"
2026-08-24 01:10:25;flow_rate;"0;0";;"0;0"
2026-08-24 01:10:25;valve;;False;"0;0"
2026-08-24 01:11:36;in_water_temp;"18;9";;"18;9"
2026-08-24 01:12:16;disc_temp;"19;7";;"19;7"
2026-08-24 01:12:53;tidr;"23;0";;"23;0"
2026-08-24 01:13:08;comp_freq;"0;0";;"0;0"
2026-08-24 01:13:08;amb_temp;"12;3";;"12;3"
2026-08-24 01:13:08;ac_curr;"0;0";;"0;0"
2026-08-24 01:13:24;fault_flag;;False;"0;0"
2026-08-24 01:13:24;protect_flag;;False;"0;0"
2026-08-24 01:13:24;ac_fan;;close;
2026-08-24 01:13:24;freeze;;False;"0;0"
2026-08-24 01:13:24;defrost;;False;"0;0"
2026-08-24 01:13:24;dc_fan2;"0;0";;"0;0"
2026-08-24 01:13:46;back_temp;"18;2";;"18;2"
2026-08-24 01:13:46;m_eev;"480;0";;"480;0"
2026-08-24 01:13:46;dc_fan1;"0;0";;"0;0"
2026-08-24 01:14:13;tidr;"23;1";;"23;1"
2026-08-24 01:14:32;a_eev;"10;0";;"10;0"
2026-08-24 01:14:32;tank_temp;"43;7";;"43;7"
2026-08-24 01:15:01;out_water_temp;"19;8";;"19;8"
2026-08-24 01:15:27;pump_sta;;False;"0;0"
2026-08-24 01:15:27;flow_rate;"0;0";;"0;0"
2026-08-24 01:15:27;valve;;False;"0;0"
2026-08-24 01:16:36;in_water_temp;"18;8";;"18;8"
2026-08-24 01:17:16;disc_temp;"19;5";;"19;5"
2026-08-24 01:18:09;comp_freq;"0;0";;"0;0"
2026-08-24 01:18:09;amb_temp;"12;3";;"12;3"
2026-08-24 01:18:09;ac_curr;"0;0";;"0;0"
2026-08-24 01:18:25;fault_flag;;False;"0;0"
2026-08-24 01:18:25;protect_flag;;False;"0;0"
2026-08-24 01:18:25;ac_fan;;close;
2026-08-24 01:18:25;freeze;;False;"0;0"
2026-08-24 01:18:25;defrost;;False;"0;0"
2026-08-24 01:18:25;dc_fan2;"0;0";;"0;0"
2026-08-24 01:18:51;back_temp;"18;1";;"18;1"
2026-08-24 01:18:51;m_eev;"480;0";;"480;0"
2026-08-24 01:18:51;dc_fan1;"0;0";;"0;0"
2026-08-24 01:19:16;tidr;"23;1";;"23;1"
2026-08-24 01:19:36;a_eev;"10;0";;"10;0"
2026-08-24 01:19:36;tank_temp;"43;7";;"43;7"
2026-08-24 01:20:04;out_water_temp;"19;7";;"19;7"
2026-08-24 01:20:28;pump_sta;;False;"0;0"
2026-08-24 01:20:28;flow_rate;"0;0";;"0;0"
2026-08-24 01:20:28;valve;;False;"0;0"
2026-08-24 01:21:37;in_water_temp;"18;6";;"18;6"
2026-08-24 01:22:20;disc_temp;"19;3";;"19;3"
2026-08-24 01:23:11;comp_freq;"0;0";;"0;0"
2026-08-24 01:23:11;amb_temp;"12;3";;"12;3"
2026-08-24 01:23:11;ac_curr;"0;0";;"0;0"
2026-08-24 01:23:33;fault_flag;;False;"0;0"
2026-08-24 01:23:33;protect_flag;;False;"0;0"
2026-08-24 01:23:33;ac_fan;;close;
2026-08-24 01:23:33;freeze;;False;"0;0"
2026-08-24 01:23:33;defrost;;False;"0;0"
2026-08-24 01:23:33;dc_fan2;"0;0";;"0;0"
2026-08-24 01:23:52;back_temp;"17;9";;"17;9"
2026-08-24 01:23:52;m_eev;"480;0";;"480;0"
2026-08-24 01:23:52;dc_fan1;"0;0";;"0;0"
2026-08-24 01:24:17;tidr;"23;1";;"23;1"
2026-08-24 01:24:38;a_eev;"10;0";;"10;0"
2026-08-24 01:24:38;tank_temp;"43;6";;"43;6"
2026-08-24 01:25:05;out_water_temp;"19;6";;"19;6"
2026-08-24 01:25:28;pump_sta;;False;"0;0"
2026-08-24 01:25:28;flow_rate;"0;0";;"0;0"
2026-08-24 01:25:28;valve;;False;"0;0"
2026-08-24 01:26:04;tidr;"23;0";;"23;0"
2026-08-24 01:26:44;in_water_temp;"18;5";;"18;5"
2026-08-24 01:27:30;disc_temp;"19;3";;"19;3"
2026-08-24 01:27:47;tidr;"23;1";;"23;1"
2026-08-24 01:27:53;out_water_temp;"19;4";;"19;4"
2026-08-24 01:28:12;comp_freq;"0;0";;"0;0"
2026-08-24 01:28:12;amb_temp;"12;3";;"12;3"
2026-08-24 01:28:12;ac_curr;"0;0";;"0;0"
2026-08-24 01:28:23;tidr;"23;0";;"23;0"
2026-08-24 01:28:33;fault_flag;;False;"0;0"
2026-08-24 01:28:33;protect_flag;;False;"0;0"
2026-08-24 01:28:33;ac_fan;;close;
2026-08-24 01:28:33;freeze;;False;"0;0"
2026-08-24 01:28:33;defrost;;False;"0;0"
2026-08-24 01:28:33;dc_fan2;"0;0";;"0;0"
2026-08-24 01:28:55;back_temp;"17;8";;"17;8"
2026-08-24 01:28:55;m_eev;"480;0";;"480;0"
2026-08-24 01:28:55;dc_fan1;"0;0";;"0;0"
2026-08-24 01:29:40;a_eev;"10;0";;"10;0"
2026-08-24 01:29:40;tank_temp;"43;7";;"43;7"
2026-08-24 01:30:45;pump_sta;;False;"0;0"
2026-08-24 01:30:45;flow_rate;"0;0";;"0;0"
2026-08-24 01:30:45;valve;;False;"0;0"
2026-08-24 01:31:39;tank_temp;"43;4";;"43;4"
2026-08-24 01:31:45;in_water_temp;"18;3";;"18;3"
2026-08-24 01:32:33;disc_temp;"19;1";;"19;1"
2026-08-24 01:32:53;out_water_temp;"19;3";;"19;3"
2026-08-24 01:33:04;tank_temp;"43;7";;"43;7"
2026-08-24 01:33:14;comp_freq;"0;0";;"0;0"
2026-08-24 01:33:14;amb_temp;"12;3";;"12;3"
2026-08-24 01:33:14;ac_curr;"0;0";;"0;0"
2026-08-24 01:33:26;tidr;"23;0";;"23;0"
2026-08-24 01:33:44;fault_flag;;False;"0;0"
2026-08-24 01:33:44;protect_flag;;False;"0;0"
2026-08-24 01:33:44;ac_fan;;close;
2026-08-24 01:33:44;freeze;;False;"0;0"
2026-08-24 01:33:44;defrost;;False;"0;0"
2026-08-24 01:33:44;dc_fan2;"0;0";;"0;0"
2026-08-24 01:34:00;back_temp;"17;7";;"17;7"
2026-08-24 01:34:00;m_eev;"480;0";;"480;0"
2026-08-24 01:34:00;dc_fan1;"0;0";;"0;0"
2026-08-24 01:34:40;a_eev;"10;0";;"10;0"
2026-08-24 01:35:28;tank_temp;"43;4";;"43;4"
2026-08-24 01:35:48;pump_sta;;False;"0;0"
2026-08-24 01:35:48;flow_rate;"0;0";;"0;0"
2026-08-24 01:35:48;valve;;False;"0;0"
2026-08-24 01:36:48;in_water_temp;"18;2";;"18;2"
2026-08-24 01:37:36;disc_temp;"18;9";;"18;9"
2026-08-24 01:37:56;out_water_temp;"19;2";;"19;2"
2026-08-24 01:38:16;comp_freq;"0;0";;"0;0"
2026-08-24 01:38:16;amb_temp;"12;3";;"12;3"
2026-08-24 01:38:16;ac_curr;"0;0";;"0;0"
2026-08-24 01:38:28;tidr;"23;0";;"23;0"
2026-08-24 01:38:44;fault_flag;;False;"0;0"
2026-08-24 01:38:44;protect_flag;;False;"0;0"
2026-08-24 01:38:44;ac_fan;;close;
2026-08-24 01:38:44;freeze;;False;"0;0"
2026-08-24 01:38:44;defrost;;False;"0;0"
2026-08-24 01:38:44;dc_fan2;"0;0";;"0;0"
2026-08-24 01:39:03;back_temp;"17;5";;"17;5"
2026-08-24 01:39:03;m_eev;"480;0";;"480;0"
2026-08-24 01:39:03;dc_fan1;"0;0";;"0;0"
2026-08-24 01:39:06;tidr;"23;1";;"23;1"
2026-08-24 01:39:41;a_eev;"10;0";;"10;0"
2026-08-24 01:40:29;tank_temp;"43;6";;"43;6"
2026-08-24 01:40:49;pump_sta;;False;"0;0"
2026-08-24 01:40:49;flow_rate;"0;0";;"0;0"
2026-08-24 01:40:49;valve;;False;"0;0"
2026-08-24 01:41:50;in_water_temp;"18;1";;"18;1"
2026-08-24 01:42:11;tidr;"23;0";;"23;0"
2026-08-24 01:42:37;disc_temp;"18;7";;"18;7"
2026-08-24 01:42:58;out_water_temp;"19;0";;"19;0"
2026-08-24 01:43:17;comp_freq;"0;0";;"0;0"
2026-08-24 01:43:17;amb_temp;"12;2";;"12;2"
2026-08-24 01:43:17;ac_curr;"0;0";;"0;0"
2026-08-24 01:43:35;tidr;"23;1";;"23;1"
2026-08-24 01:43:53;fault_flag;;False;"0;0"
2026-08-24 01:43:53;protect_flag;;False;"0;0"
2026-08-24 01:43:53;ac_fan;;close;
2026-08-24 01:43:53;freeze;;False;"0;0"
2026-08-24 01:43:53;defrost;;False;"0;0"
2026-08-24 01:43:53;dc_fan2;"0;0";;"0;0"
2026-08-24 01:44:04;back_temp;"17;4";;"17;4"
2026-08-24 01:44:04;m_eev;"480;0";;"480;0"
2026-08-24 01:44:04;dc_fan1;"0;0";;"0;0"
2026-08-24 01:44:41;a_eev;"10;0";;"10;0"
2026-08-24 01:45:32;in_water_temp;"17;9";;"17;9"
2026-08-24 01:45:32;tank_temp;"43;6";;"43;6"
2026-08-24 01:45:52;pump_sta;;False;"0;0"
2026-08-24 01:45:52;flow_rate;"0;0";;"0;0"
2026-08-24 01:45:52;valve;;False;"0;0"
2026-08-24 01:47:41;disc_temp;"18;5";;"18;5"
2026-08-24 01:47:52;tidr;"23;0";;"23;0"
2026-08-24 01:48:00;out_water_temp;"18;9";;"18;9"
2026-08-24 01:48:19;comp_freq;"0;0";;"0;0"
2026-08-24 01:48:19;amb_temp;"12;1";;"12;1"
2026-08-24 01:48:19;ac_curr;"0;0";;"0;0"
2026-08-24 01:48:54;fault_flag;;False;"0;0"
2026-08-24 01:48:54;protect_flag;;False;"0;0"
2026-08-24 01:48:54;ac_fan;;close;
2026-08-24 01:48:54;freeze;;False;"0;0"
2026-08-24 01:48:54;defrost;;False;"0;0"
2026-08-24 01:48:54;dc_fan2;"0;0";;"0;0"
2026-08-24 01:49:03;tank_temp;"43;3";;"43;3"
2026-08-24 01:49:05;back_temp;"17;3";;"17;3"
2026-08-24 01:49:05;m_eev;"480;0";;"480;0"
2026-08-24 01:49:05;dc_fan1;"0;0";;"0;0"
2026-08-24 01:49:13;tank_temp;"43;6";;"43;6"
2026-08-24 01:49:16;tidr;"23;1";;"23;1"
2026-08-24 01:49:44;a_eev;"10;0";;"10;0"
2026-08-24 01:50:28;tank_temp;"43;3";;"43;3"
2026-08-24 01:50:33;in_water_temp;"17;8";;"17;8"
2026-08-24 01:50:39;tank_temp;"43;6";;"43;6"
2026-08-24 01:50:47;tidr;"23;0";;"23;0"
2026-08-24 01:50:53;pump_sta;;False;"0;0"
2026-08-24 01:50:53;flow_rate;"0;0";;"0;0"
2026-08-24 01:50:53;valve;;False;"0;0"
2026-08-24 01:51:32;tank_temp;"43;3";;"43;3"
2026-08-24 01:52:12;tidr;"23;1";;"23;1"
2026-08-24 01:52:24;tank_temp;"43;6";;"43;6"
2026-08-24 01:52:42;disc_temp;"18;5";;"18;5"
2026-08-24 01:53:06;out_water_temp;"18;8";;"18;8"
2026-08-24 01:53:13;tidr;"23;0";;"23;0"
2026-08-24 01:53:22;comp_freq;"0;0";;"0;0"
2026-08-24 01:53:22;amb_temp;"12;0";;"12;0"
2026-08-24 01:53:22;ac_curr;"0;0";;"0;0"
2026-08-24 01:53:40;tank_temp;"43;3";;"43;3"
2026-08-24 01:53:52;tank_temp;"43;6";;"43;6"
2026-08-24 01:53:56;fault_flag;;False;"0;0"
2026-08-24 01:53:56;protect_flag;;False;"0;0"
2026-08-24 01:53:56;ac_fan;;close;
2026-08-24 01:53:56;freeze;;False;"0;0"
2026-08-24 01:53:56;defrost;;False;"0;0"
2026-08-24 01:53:56;dc_fan2;"0;0";;"0;0"
2026-08-24 01:54:08;back_temp;"17;3";;"17;3"
2026-08-24 01:54:08;m_eev;"480;0";;"480;0"
2026-08-24 01:54:08;dc_fan1;"0;0";;"0;0"
2026-08-24 01:54:45;a_eev;"10;0";;"10;0"
2026-08-24 01:55:08;tank_temp;"43;3";;"43;3"
2026-08-24 01:55:28;tank_temp;"43;6";;"43;6"
2026-08-24 01:55:33;in_water_temp;"17;8";;"17;8"
2026-08-24 01:55:57;pump_sta;;False;"0;0"
2026-08-24 01:55:57;flow_rate;"0;0";;"0;0"
2026-08-24 01:55:57;valve;;False;"0;0"
2026-08-24 01:56:21;tidr;"23;1";;"23;1"
2026-08-24 01:56:21;tank_temp;"43;3";;"43;3"
2026-08-24 01:56:24;tank_temp;"43;6";;"43;6"
2026-08-24 01:56:41;tank_temp;"43;3";;"43;3"
2026-08-24 01:57:29;tidr;"23;0";;"23;0"
2026-08-24 01:57:42;disc_temp;"18;3";;"18;3"
2026-08-24 01:57:49;tank_temp;"43;6";;"43;6"
2026-08-24 01:58:09;out_water_temp;"18;7";;"18;7"
2026-08-24 01:58:24;comp_freq;"0;0";;"0;0"
2026-08-24 01:58:24;amb_temp;"12;0";;"12;0"
2026-08-24 01:58:24;ac_curr;"0;0";;"0;0"
2026-08-24 01:58:44;tank_temp;"43;3";;"43;3"
2026-08-24 01:58:47;tank_temp;"43;6";;"43;6"
2026-08-24 01:58:57;fault_flag;;False;"0;0"
2026-08-24 01:58:57;protect_flag;;False;"0;0"
2026-08-24 01:58:57;ac_fan;;close;
2026-08-24 01:58:57;freeze;;False;"0;0"
2026-08-24 01:58:57;defrost;;False;"0;0"
2026-08-24 01:58:57;dc_fan2;"0;0";;"0;0"
2026-08-24 01:59:09;back_temp;"17;1";;"17;1"
2026-08-24 01:59:09;m_eev;"480;0";;"480;0"
2026-08-24 01:59:09;dc_fan1;"0;0";;"0;0"
2026-08-24 01:59:12;tank_temp;"43;3";;"43;3"
2026-08-24 01:59:20;tank_temp;"43;6";;"43;6"
2026-08-24 01:59:52;a_eev;"10;0";;"10;0"
2026-08-24 02:00:34;in_water_temp;"17;6";;"17;6"
2026-08-24 02:00:58;pump_sta;;False;"0;0"
2026-08-24 02:00:58;flow_rate;"0;0";;"0;0"
2026-08-24 02:00:58;valve;;False;"0;0"
2026-08-24 02:01:53;tank_temp;"43;3";;"43;3"
2026-08-24 02:02:29;tidr;"23;0";;"23;0"
2026-08-24 02:02:44;disc_temp;"18;1";;"18;1"
2026-08-24 02:03:10;out_water_temp;"18;5";;"18;5"
2026-08-24 02:03:25;comp_freq;"0;0";;"0;0"
2026-08-24 02:03:25;amb_temp;"12;0";;"12;0"
2026-08-24 02:03:25;ac_curr;"0;0";;"0;0"
2026-08-24 02:04:01;fault_flag;;False;"0;0"
2026-08-24 02:04:01;protect_flag;;False;"0;0"
2026-08-24 02:04:01;ac_fan;;close;
2026-08-24 02:04:01;freeze;;False;"0;0"
2026-08-24 02:04:01;defrost;;False;"0;0"
2026-08-24 02:04:01;dc_fan2;"0;0";;"0;0"
2026-08-24 02:04:09;back_temp;"17;0";;"17;0"
2026-08-24 02:04:09;m_eev;"480;0";;"480;0"
2026-08-24 02:04:09;dc_fan1;"0;0";;"0;0"
2026-08-24 02:04:54;a_eev;"10;0";;"10;0"
2026-08-24 02:05:40;in_water_temp;"17;5";;"17;5"
2026-08-24 02:06:08;pump_sta;;False;"0;0"
2026-08-24 02:06:08;flow_rate;"0;0";;"0;0"
2026-08-24 02:06:08;valve;;False;"0;0"
2026-08-24 02:06:54;tank_temp;"43;3";;"43;3"
2026-08-24 02:07:33;tidr;"23;0";;"23;0"
2026-08-24 02:07:45;disc_temp;"18;1";;"18;1"
2026-08-24 02:08:12;out_water_temp;"18;3";;"18;3"
2026-08-24 02:08:29;comp_freq;"0;0";;"0;0"
2026-08-24 02:08:29;amb_temp;"11;9";;"11;9"
2026-08-24 02:08:29;ac_curr;"0;0";;"0;0"
2026-08-24 02:09:02;fault_flag;;False;"0;0"
2026-08-24 02:09:02;protect_flag;;False;"0;0"
2026-08-24 02:09:02;ac_fan;;close;
2026-08-24 02:09:02;freeze;;False;"0;0"
2026-08-24 02:09:02;defrost;;False;"0;0"
2026-08-24 02:09:02;dc_fan2;"0;0";;"0;0"
2026-08-24 02:09:10;back_temp;"16;8";;"16;8"
2026-08-24 02:09:10;m_eev;"480;0";;"480;0"
2026-08-24 02:09:10;dc_fan1;"0;0";;"0;0"
2026-08-24 02:09:56;a_eev;"10;0";;"10;0"
2026-08-24 02:10:41;in_water_temp;"17;4";;"17;4"
2026-08-24 02:11:08;pump_sta;;False;"0;0"
2026-08-24 02:11:08;flow_rate;"0;0";;"0;0"
2026-08-24 02:11:08;valve;;False;"0;0"
2026-08-24 02:12:00;tank_temp;"43;4";;"43;4"
2026-08-24 02:12:40;tidr;"23;0";;"23;0"
2026-08-24 02:12:46;disc_temp;"17;8";;"17;8"
2026-08-24 02:13:13;out_water_temp;"18;3";;"18;3"
2026-08-24 02:13:30;comp_freq;"0;0";;"0;0"
2026-08-24 02:13:30;amb_temp;"11;8";;"11;8"
2026-08-24 02:13:30;ac_curr;"0;0";;"0;0"
2026-08-24 02:14:04;fault_flag;;False;"0;0"
2026-08-24 02:14:04;protect_flag;;False;"0;0"
2026-08-24 02:14:04;ac_fan;;close;
2026-08-24 02:14:04;freeze;;False;"0;0"
2026-08-24 02:14:04;defrost;;False;"0;0"
2026-08-24 02:14:04;dc_fan2;"0;0";;"0;0"
2026-08-24 02:14:13;back_temp;"16;7";;"16;7"
2026-08-24 02:14:13;m_eev;"480;0";;"480;0"
2026-08-24 02:14:13;dc_fan1;"0;0";;"0;0"
2026-08-24 02:14:56;a_eev;"10;0";;"10;0"
2026-08-24 02:15:41;in_water_temp;"17;3";;"17;3"
2026-08-24 02:16:09;pump_sta;;False;"0;0"
2026-08-24 02:16:09;flow_rate;"0;0";;"0;0"
2026-08-24 02:16:09;valve;;False;"0;0"
2026-08-24 02:17:00;tank_temp;"43;3";;"43;3"
2026-08-24 02:17:40;tidr;"23;0";;"23;0"
2026-08-24 02:17:46;disc_temp;"17;8";;"17;8"
2026-08-24 02:18:22;out_water_temp;"18;2";;"18;2"
2026-08-24 02:18:30;comp_freq;"0;0";;"0;0"
2026-08-24 02:18:30;amb_temp;"11;9";;"11;9"
2026-08-24 02:18:30;ac_curr;"0;0";;"0;0"
2026-08-24 02:19:07;fault_flag;;False;"0;0"
2026-08-24 02:19:07;protect_flag;;False;"0;0"
2026-08-24 02:19:07;ac_fan;;close;
2026-08-24 02:19:07;freeze;;False;"0;0"
2026-08-24 02:19:07;defrost;;False;"0;0"
2026-08-24 02:19:07;dc_fan2;"0;0";;"0;0"
2026-08-24 02:19:14;back_temp;"16;6";;"16;6"
2026-08-24 02:19:14;m_eev;"480;0";;"480;0"
2026-08-24 02:19:14;dc_fan1;"0;0";;"0;0"
2026-08-24 02:19:44;tidr;"23;1";;"23;1"
2026-08-24 02:19:57;a_eev;"10;0";;"10;0"
2026-08-24 02:20:33;tidr;"23;0";;"23;0"
2026-08-24 02:20:42;in_water_temp;"17;2";;"17;2"
2026-08-24 02:21:10;pump_sta;;False;"0;0"
2026-08-24 02:21:10;flow_rate;"0;0";;"0;0"
2026-08-24 02:21:10;valve;;False;"0;0"
2026-08-24 02:22:01;tank_temp;"43;3";;"43;3"
2026-08-24 02:22:49;disc_temp;"17;6";;"17;6"
2026-08-24 02:23:29;out_water_temp;"18;0";;"18;0"
2026-08-24 02:23:39;comp_freq;"0;0";;"0;0"
2026-08-24 02:23:39;amb_temp;"11;8";;"11;8"
2026-08-24 02:23:39;ac_curr;"0;0";;"0;0"
2026-08-24 02:24:12;fault_flag;;False;"0;0"
2026-08-24 02:24:12;protect_flag;;False;"0;0"
2026-08-24 02:24:12;ac_fan;;close;
2026-08-24 02:24:12;freeze;;False;"0;0"
2026-08-24 02:24:12;defrost;;False;"0;0"
2026-08-24 02:24:12;dc_fan2;"0;0";;"0;0"
2026-08-24 02:24:17;back_temp;"16;5";;"16;5"
2026-08-24 02:24:17;m_eev;"480;0";;"480;0"
2026-08-24 02:24:17;dc_fan1;"0;0";;"0;0"
2026-08-24 02:24:57;a_eev;"10;0";;"10;0"
2026-08-24 02:25:34;tidr;"23;0";;"23;0"
2026-08-24 02:25:45;in_water_temp;"17;0";;"17;0"
2026-08-24 02:26:13;pump_sta;;False;"0;0"
2026-08-24 02:26:13;flow_rate;"0;0";;"0;0"
2026-08-24 02:26:13;valve;;False;"0;0"
2026-08-24 02:27:01;tank_temp;"43;2";;"43;2"
2026-08-24 02:27:50;disc_temp;"17;4";;"17;4"
2026-08-24 02:28:30;out_water_temp;"17;8";;"17;8"
2026-08-24 02:28:41;comp_freq;"0;0";;"0;0"
2026-08-24 02:28:41;amb_temp;"11;7";;"11;7"
2026-08-24 02:28:41;ac_curr;"0;0";;"0;0"
2026-08-24 02:29:13;fault_flag;;False;"0;0"
2026-08-24 02:29:13;protect_flag;;False;"0;0"
2026-08-24 02:29:13;ac_fan;;close;
2026-08-24 02:29:13;freeze;;False;"0;0"
2026-08-24 02:29:13;defrost;;False;"0;0"
2026-08-24 02:29:13;dc_fan2;"0;0";;"0;0"
2026-08-24 02:29:17;back_temp;"16;5";;"16;5"
2026-08-24 02:29:17;m_eev;"480;0";;"480;0"
2026-08-24 02:29:17;dc_fan1;"0;0";;"0;0"
2026-08-24 02:29:59;a_eev;"10;0";;"10;0"
2026-08-24 02:30:36;tidr;"23;0";;"23;0"
2026-08-24 02:30:46;in_water_temp;"16;9";;"16;9"
2026-08-24 02:31:19;pump_sta;;False;"0;0"
2026-08-24 02:31:19;flow_rate;"0;0";;"0;0"
2026-08-24 02:31:19;valve;;False;"0;0"
2026-08-24 02:32:02;tank_temp;"43;3";;"43;3"
2026-08-24 02:32:55;disc_temp;"17;4";;"17;4"
2026-08-24 02:33:35;out_water_temp;"17;8";;"17;8"
2026-08-24 02:33:42;comp_freq;"0;0";;"0;0"
2026-08-24 02:33:42;amb_temp;"11;6";;"11;6"
2026-08-24 02:33:42;ac_curr;"0;0";;"0;0"
2026-08-24 02:34:13;fault_flag;;False;"0;0"
2026-08-24 02:34:13;protect_flag;;False;"0;0"
2026-08-24 02:34:13;ac_fan;;close;
2026-08-24 02:34:13;freeze;;False;"0;0"
2026-08-24 02:34:13;defrost;;False;"0;0"
2026-08-24 02:34:13;dc_fan2;"0;0";;"0;0"
2026-08-24 02:34:18;back_temp;"16;4";;"16;4"
2026-08-24 02:34:18;m_eev;"480;0";;"480;0"
2026-08-24 02:34:18;dc_fan1;"0;0";;"0;0"
2026-08-24 02:35:01;a_eev;"10;0";;"10;0"
2026-08-24 02:35:37;tidr;"23;0";;"23;0"
2026-08-24 02:35:49;in_water_temp;"16;8";;"16;8"
2026-08-24 02:36:25;pump_sta;;False;"0;0"
2026-08-24 02:36:25;flow_rate;"0;0";;"0;0"
2026-08-24 02:36:25;valve;;False;"0;0"
2026-08-24 02:37:10;tank_temp;"43;3";;"43;3"
2026-08-24 02:37:54;disc_temp;"17;2";;"17;2"
2026-08-24 02:38:38;out_water_temp;"17;7";;"17;7"
2026-08-24 02:38:44;comp_freq;"0;0";;"0;0"
2026-08-24 02:38:44;amb_temp;"11;6";;"11;6"
2026-08-24 02:38:44;ac_curr;"0;0";;"0;0"
2026-08-24 02:39:15;fault_flag;;False;"0;0"
2026-08-24 02:39:15;protect_flag;;False;"0;0"
2026-08-24 02:39:15;ac_fan;;close;
2026-08-24 02:39:15;freeze;;False;"0;0"
2026-08-24 02:39:15;defrost;;False;"0;0"
2026-08-24 02:39:15;dc_fan2;"0;0";;"0;0"
2026-08-24 02:39:18;back_temp;"16;3";;"16;3"
2026-08-24 02:39:18;m_eev;"480;0";;"480;0"
2026-08-24 02:39:18;dc_fan1;"0;0";;"0;0"
2026-08-24 02:40:02;a_eev;"10;0";;"10;0"
2026-08-24 02:40:38;tidr;"23;0";;"23;0"
2026-08-24 02:40:53;in_water_temp;"16;6";;"16;6"
2026-08-24 02:41:25;pump_sta;;False;"0;0"
2026-08-24 02:41:25;flow_rate;"0;0";;"0;0"
2026-08-24 02:41:25;valve;;False;"0;0"
2026-08-24 02:42:11;tank_temp;"43;2";;"43;2"
2026-08-24 02:42:57;disc_temp;"17;2";;"17;2"
2026-08-24 02:43:40;out_water_temp;"17;5";;"17;5"
2026-08-24 02:43:47;comp_freq;"0;0";;"0;0"
2026-08-24 02:43:47;amb_temp;"11;6";;"11;6"
2026-08-24 02:43:47;ac_curr;"0;0";;"0;0"
2026-08-24 02:44:17;fault_flag;;False;"0;0"
2026-08-24 02:44:17;protect_flag;;False;"0;0"
2026-08-24 02:44:17;ac_fan;;close;
2026-08-24 02:44:17;freeze;;False;"0;0"
2026-08-24 02:44:17;defrost;;False;"0;0"
2026-08-24 02:44:17;dc_fan2;"0;0";;"0;0"
2026-08-24 02:44:19;back_temp;"16;1";;"16;1"
2026-08-24 02:44:19;m_eev;"480;0";;"480;0"
2026-08-24 02:44:19;dc_fan1;"0;0";;"0;0"
2026-08-24 02:45:05;a_eev;"10;0";;"10;0"
2026-08-24 02:45:41;tidr;"23;0";;"23;0"
2026-08-24 02:45:54;in_water_temp;"16;5";;"16;5"
2026-08-24 02:46:26;pump_sta;;False;"0;0"
2026-08-24 02:46:26;flow_rate;"0;0";;"0;0"
2026-08-24 02:46:26;valve;;False;"0;0"
2026-08-24 02:47:14;tank_temp;"43;2";;"43;2"
2026-08-24 02:47:57;disc_temp;"17;0";;"17;0"
2026-08-24 02:48:40;out_water_temp;"17;4";;"17;4"
2026-08-24 02:48:52;comp_freq;"0;0";;"0;0"
2026-08-24 02:48:52;amb_temp;"11;5";;"11;5"
2026-08-24 02:48:52;ac_curr;"0;0";;"0;0"
2026-08-24 02:49:18;fault_flag;;False;"0;0"
2026-08-24 02:49:18;protect_flag;;False;"0;0"
2026-08-24 02:49:18;ac_fan;;close;
2026-08-24 02:49:18;freeze;;False;"0;0"
2026-08-24 02:49:18;defrost;;False;"0;0"
2026-08-24 02:49:18;dc_fan2;"0;0";;"0;0"
2026-08-24 02:49:30;back_temp;"16;0";;"16;0"
2026-08-24 02:49:30;m_eev;"480;0";;"480;0"
2026-08-24 02:49:30;dc_fan1;"0;0";;"0;0"
2026-08-24 02:50:05;a_eev;"10;0";;"10;0"
2026-08-24 02:50:41;tidr;"23;0";;"23;0"
2026-08-24 02:50:57;in_water_temp;"16;5";;"16;5"
2026-08-24 02:51:27;pump_sta;;False;"0;0"
2026-08-24 02:51:27;flow_rate;"0;0";;"0;0"
2026-08-24 02:51:27;valve;;False;"0;0"
2026-08-24 02:52:17;tank_temp;"43;2";;"43;2"
2026-08-24 02:53:01;disc_temp;"17;0";;"17;0"
2026-08-24 02:53:43;out_water_temp;"17;3";;"17;3"
2026-08-24 02:53:52;comp_freq;"0;0";;"0;0"
2026-08-24 02:53:52;amb_temp;"11;5";;"11;5"
2026-08-24 02:53:52;ac_curr;"0;0";;"0;0"
2026-08-24 02:54:32;fault_flag;;False;"0;0"
2026-08-24 02:54:32;back_temp;"15;9";;"15;9"
2026-08-24 02:54:32;protect_flag;;False;"0;0"
2026-08-24 02:54:32;m_eev;"480;0";;"480;0"
2026-08-24 02:54:32;ac_fan;;close;
2026-08-24 02:54:32;freeze;;False;"0;0"
2026-08-24 02:54:32;dc_fan1;"0;0";;"0;0"
2026-08-24 02:54:32;defrost;;False;"0;0"
2026-08-24 02:54:32;dc_fan2;"0;0";;"0;0"
2026-08-24 02:55:06;a_eev;"10;0";;"10;0"
2026-08-24 02:55:44;tidr;"23;0";;"23;0"
2026-08-24 02:56:02;in_water_temp;"16;4";;"16;4"
2026-08-24 02:56:33;pump_sta;;False;"0;0"
2026-08-24 02:56:33;flow_rate;"0;0";;"0;0"
2026-08-24 02:56:33;valve;;False;"0;0"
2026-08-24 02:57:17;tank_temp;"43;2";;"43;2"
2026-08-24 02:58:03;disc_temp;"16;8";;"16;8"
2026-08-24 02:58:46;out_water_temp;"17;2";;"17;2"
2026-08-24 02:58:53;comp_freq;"0;0";;"0;0"
2026-08-24 02:58:53;amb_temp;"11;5";;"11;5"
2026-08-24 02:58:53;ac_curr;"0;0";;"0;0"
2026-08-24 02:59:44;fault_flag;;False;"0;0"
2026-08-24 02:59:44;back_temp;"15;8";;"15;8"
2026-08-24 02:59:44;protect_flag;;False;"0;0"
2026-08-24 02:59:44;m_eev;"480;0";;"480;0"
2026-08-24 02:59:44;ac_fan;;close;
2026-08-24 02:59:44;freeze;;False;"0;0"
2026-08-24 02:59:44;dc_fan1;"0;0";;"0;0"
2026-08-24 02:59:44;defrost;;False;"0;0"
2026-08-24 02:59:44;dc_fan2;"0;0";;"0;0"
2026-08-24 03:00:09;a_eev;"10;0";;"10;0"
2026-08-24 03:00:17;tank_temp;"42;9";;"42;9"
2026-08-24 03:00:22;tank_temp;"43;2";;"43;2"
2026-08-24 03:00:45;tidr;"23;0";;"23;0"
2026-08-24 03:01:03;in_water_temp;"16;2";;"16;2"
2026-08-24 03:01:33;pump_sta;;False;"0;0"
2026-08-24 03:01:33;flow_rate;"0;0";;"0;0"
2026-08-24 03:01:33;valve;;False;"0;0"
2026-08-24 03:03:03;disc_temp;"16;8";;"16;8"
2026-08-24 03:03:47;out_water_temp;"17;1";;"17;1"
2026-08-24 03:03:55;comp_freq;"0;0";;"0;0"
2026-08-24 03:03:55;amb_temp;"11;5";;"11;5"
2026-08-24 03:03:55;ac_curr;"0;0";;"0;0"
2026-08-24 03:03:58;tank_temp;"42;9";;"42;9"
2026-08-24 03:04:25;tank_temp;"43;2";;"43;2"
2026-08-24 03:04:45;fault_flag;;False;"0;0"
2026-08-24 03:04:45;back_temp;"15;8";;"15;8"
2026-08-24 03:04:45;protect_flag;;False;"0;0"
2026-08-24 03:04:45;m_eev;"480;0";;"480;0"
2026-08-24 03:04:45;ac_fan;;close;
2026-08-24 03:04:45;freeze;;False;"0;0"
2026-08-24 03:04:45;dc_fan1;"0;0";;"0;0"
2026-08-24 03:04:45;defrost;;False;"0;0"
2026-08-24 03:04:45;dc_fan2;"0;0";;"0;0"
2026-08-24 03:04:49;tank_temp;"42;9";;"42;9"
2026-08-24 03:05:09;tank_temp;"43;2";;"43;2"
2026-08-24 03:05:10;a_eev;"10;0";;"10;0"
2026-08-24 03:05:46;tidr;"23;0";;"23;0"
2026-08-24 03:06:05;in_water_temp;"16;1";;"16;1"
2026-08-24 03:06:36;pump_sta;;False;"0;0"
2026-08-24 03:06:36;flow_rate;"0;0";;"0;0"
2026-08-24 03:06:36;valve;;False;"0;0"
2026-08-24 03:06:41;tank_temp;"42;9";;"42;9"
2026-08-24 03:06:49;tank_temp;"43;2";;"43;2"
2026-08-24 03:08:05;disc_temp;"16;6";;"16;6"
2026-08-24 03:08:25;tank_temp;"42;9";;"42;9"
2026-08-24 03:08:42;out_water_temp;"16;9";;"16;9"
2026-08-24 03:09:01;comp_freq;"0;0";;"0;0"
2026-08-24 03:09:01;amb_temp;"11;5";;"11;5"
2026-08-24 03:09:01;ac_curr;"0;0";;"0;0"
2026-08-24 03:09:05;tank_temp;"43;2";;"43;2"
2026-08-24 03:09:17;tank_temp;"42;9";;"42;9"
2026-08-24 03:09:47;fault_flag;;False;"0;0"
2026-08-24 03:09:47;back_temp;"15;7";;"15;7"
2026-08-24 03:09:47;protect_flag;;False;"0;0"
2026-08-24 03:09:47;m_eev;"480;0";;"480;0"
2026-08-24 03:09:47;ac_fan;;close;
2026-08-24 03:09:47;freeze;;False;"0;0"
2026-08-24 03:09:47;dc_fan1;"0;0";;"0;0"
2026-08-24 03:09:47;defrost;;False;"0;0"
2026-08-24 03:09:47;dc_fan2;"0;0";;"0;0"
2026-08-24 03:10:15;a_eev;"10;0";;"10;0"
2026-08-24 03:10:46;tidr;"23;0";;"23;0"
2026-08-24 03:10:48;tank_temp;"43;2";;"43;2"
2026-08-24 03:11:11;in_water_temp;"16;0";;"16;0"
2026-08-24 03:11:18;tank_temp;"42;9";;"42;9"
2026-08-24 03:11:38;pump_sta;;False;"0;0"
2026-08-24 03:11:38;flow_rate;"0;0";;"0;0"
2026-08-24 03:11:38;valve;;False;"0;0"
2026-08-24 03:12:09;tank_temp;"43;2";;"43;2"
2026-08-24 03:12:46;tank_temp;"42;9";;"42;9"
2026-08-24 03:13:01;tank_temp;"43;2";;"43;2"
2026-08-24 03:13:06;disc_temp;"16;6";;"16;6"
2026-08-24 03:13:37;tank_temp;"42;9";;"42;9"
2026-08-24 03:13:42;out_water_temp;"16;8";;"16;8"
2026-08-24 03:14:03;comp_freq;"0;0";;"0;0"
2026-08-24 03:14:03;amb_temp;"11;5";;"11;5"
2026-08-24 03:14:03;ac_curr;"0;0";;"0;0"
2026-08-24 03:14:50;fault_flag;;False;"0;0"
2026-08-24 03:14:50;back_temp;"15;6";;"15;6"
2026-08-24 03:14:50;protect_flag;;False;"0;0"
2026-08-24 03:14:50;m_eev;"480;0";;"480;0"
2026-08-24 03:14:50;ac_fan;;close;
2026-08-24 03:14:50;freeze;;False;"0;0"
2026-08-24 03:14:50;dc_fan1;"0;0";;"0;0"
2026-08-24 03:14:50;defrost;;False;"0;0"
2026-08-24 03:14:50;dc_fan2;"0;0";;"0;0"
2026-08-24 03:15:17;a_eev;"10;0";;"10;0"
2026-08-24 03:15:17;tank_temp;"43;2";;"43;2"
2026-08-24 03:15:37;tank_temp;"42;9";;"42;9"
2026-08-24 03:15:45;tank_temp;"43;2";;"43;2"
2026-08-24 03:15:46;tidr;"23;0";;"23;0"
2026-08-24 03:16:01;tank_temp;"42;9";;"42;9"
2026-08-24 03:16:13;in_water_temp;"15;9";;"15;9"
2026-08-24 03:16:39;pump_sta;;False;"0;0"
2026-08-24 03:16:39;flow_rate;"0;0";;"0;0"
2026-08-24 03:16:39;valve;;False;"0;0"
2026-08-24 03:18:08;disc_temp;"16;3";;"16;3"
2026-08-24 03:18:46;out_water_temp;"16;7";;"16;7"
2026-08-24 03:19:06;comp_freq;"0;0";;"0;0"
2026-08-24 03:19:06;amb_temp;"11;5";;"11;5"
2026-08-24 03:19:06;ac_curr;"0;0";;"0;0"
2026-08-24 03:19:50;fault_flag;;False;"0;0"
2026-08-24 03:19:50;back_temp;"15;5";;"15;5"
2026-08-24 03:19:50;protect_flag;;False;"0;0"
2026-08-24 03:19:50;m_eev;"480;0";;"480;0"
2026-08-24 03:19:50;ac_fan;;close;
2026-08-24 03:19:50;freeze;;False;"0;0"
2026-08-24 03:19:50;dc_fan1;"0;0";;"0;0"
2026-08-24 03:19:50;defrost;;False;"0;0"
2026-08-24 03:19:50;dc_fan2;"0;0";;"0;0"
2026-08-24 03:20:18;a_eev;"10;0";;"10;0"
2026-08-24 03:20:51;tidr;"23;0";;"23;0"
2026-08-24 03:21:02;tank_temp;"42;9";;"42;9"
2026-08-24 03:21:14;in_water_temp;"15;8";;"15;8"
2026-08-24 03:21:47;pump_sta;;False;"0;0"
2026-08-24 03:21:47;flow_rate;"0;0";;"0;0"
2026-08-24 03:21:47;valve;;False;"0;0"
2026-08-24 03:23:10;disc_temp;"16;3";;"16;3"
2026-08-24 03:23:48;out_water_temp;"16;6";;"16;6"
2026-08-24 03:24:06;comp_freq;"0;0";;"0;0"
2026-08-24 03:24:06;amb_temp;"11;5";;"11;5"
2026-08-24 03:24:06;ac_curr;"0;0";;"0;0"
2026-08-24 03:24:59;fault_flag;;False;"0;0"
2026-08-24 03:24:59;back_temp;"15;4";;"15;4"
2026-08-24 03:24:59;protect_flag;;False;"0;0"
2026-08-24 03:24:59;m_eev;"480;0";;"480;0"
2026-08-24 03:24:59;ac_fan;;close;
2026-08-24 03:24:59;freeze;;False;"0;0"
2026-08-24 03:24:59;dc_fan1;"0;0";;"0;0"
2026-08-24 03:24:59;defrost;;False;"0;0"
2026-08-24 03:24:59;dc_fan2;"0;0";;"0;0"
2026-08-24 03:25:20;a_eev;"10;0";;"10;0"
2026-08-24 03:25:54;tidr;"23;0";;"23;0"
2026-08-24 03:26:03;tank_temp;"42;9";;"42;9"
2026-08-24 03:26:13;in_water_temp;"15;8";;"15;8"
2026-08-24 03:26:48;pump_sta;;False;"0;0"
2026-08-24 03:26:48;flow_rate;"0;0";;"0;0"
2026-08-24 03:26:48;valve;;False;"0;0"
2026-08-24 03:28:11;disc_temp;"16;1";;"16;1"
2026-08-24 03:28:50;out_water_temp;"16;5";;"16;5"
2026-08-24 03:29:07;comp_freq;"0;0";;"0;0"
2026-08-24 03:29:07;amb_temp;"11;5";;"11;5"
2026-08-24 03:29:07;ac_curr;"0;0";;"0;0"
2026-08-24 03:29:59;fault_flag;;False;"0;0"
2026-08-24 03:29:59;back_temp;"15;4";;"15;4"
2026-08-24 03:29:59;protect_flag;;False;"0;0"
2026-08-24 03:29:59;m_eev;"480;0";;"480;0"
2026-08-24 03:29:59;ac_fan;;close;
2026-08-24 03:29:59;freeze;;False;"0;0"
2026-08-24 03:29:59;dc_fan1;"0;0";;"0;0"
2026-08-24 03:29:59;defrost;;False;"0;0"
2026-08-24 03:29:59;dc_fan2;"0;0";;"0;0"
2026-08-24 03:30:21;a_eev;"10;0";;"10;0"
2026-08-24 03:30:55;tidr;"23;0";;"23;0"
2026-08-24 03:31:06;tank_temp;"42;9";;"42;9"
2026-08-24 03:31:16;in_water_temp;"15;7";;"15;7"
2026-08-24 03:31:54;pump_sta;;False;"0;0"
2026-08-24 03:31:54;flow_rate;"0;0";;"0;0"
2026-08-24 03:31:54;valve;;False;"0;0"
2026-08-24 03:33:13;disc_temp;"16;1";;"16;1"
2026-08-24 03:33:50;out_water_temp;"16;5";;"16;5"
2026-08-24 03:34:10;comp_freq;"0;0";;"0;0"
2026-08-24 03:34:10;amb_temp;"11;6";;"11;6"
2026-08-24 03:34:10;ac_curr;"0;0";;"0;0"
2026-08-24 03:35:01;fault_flag;;False;"0;0"
2026-08-24 03:35:01;back_temp;"15;3";;"15;3"
2026-08-24 03:35:01;protect_flag;;False;"0;0"
2026-08-24 03:35:01;m_eev;"480;0";;"480;0"
2026-08-24 03:35:01;ac_fan;;close;
2026-08-24 03:35:01;freeze;;False;"0;0"
2026-08-24 03:35:01;dc_fan1;"0;0";;"0;0"
2026-08-24 03:35:01;defrost;;False;"0;0"
2026-08-24 03:35:01;dc_fan2;"0;0";;"0;0"
2026-08-24 03:35:23;a_eev;"10;0";;"10;0"
2026-08-24 03:35:57;tidr;"23;0";;"23;0"
2026-08-24 03:36:07;tank_temp;"42;9";;"42;9"
2026-08-24 03:36:18;in_water_temp;"15;6";;"15;6"
2026-08-24 03:36:55;pump_sta;;False;"0;0"
2026-08-24 03:36:55;flow_rate;"0;0";;"0;0"
2026-08-24 03:36:55;valve;;False;"0;0"
2026-08-24 03:38:14;disc_temp;"16;1";;"16;1"
2026-08-24 03:38:54;out_water_temp;"16;4";;"16;4"
2026-08-24 03:39:20;comp_freq;"0;0";;"0;0"
2026-08-24 03:39:20;amb_temp;"11;7";;"11;7"
2026-08-24 03:39:20;ac_curr;"0;0";;"0;0"
2026-08-24 03:40:04;fault_flag;;False;"0;0"
2026-08-24 03:40:04;back_temp;"15;3";;"15;3"
2026-08-24 03:40:04;protect_flag;;False;"0;0"
2026-08-24 03:40:04;m_eev;"480;0";;"480;0"
2026-08-24 03:40:04;ac_fan;;close;
2026-08-24 03:40:04;freeze;;False;"0;0"
2026-08-24 03:40:04;dc_fan1;"0;0";;"0;0"
2026-08-24 03:40:04;defrost;;False;"0;0"
2026-08-24 03:40:04;dc_fan2;"0;0";;"0;0"
2026-08-24 03:40:25;a_eev;"10;0";;"10;0"
2026-08-24 03:41:06;tidr;"23;0";;"23;0"
2026-08-24 03:41:10;tank_temp;"42;8";;"42;8"
2026-08-24 03:41:19;in_water_temp;"15;5";;"15;5"
2026-08-24 03:41:58;pump_sta;;False;"0;0"
2026-08-24 03:41:58;flow_rate;"0;0";;"0;0"
2026-08-24 03:41:58;valve;;False;"0;0"
2026-08-24 03:43:15;disc_temp;"16;1";;"16;1"
2026-08-24 03:43:56;out_water_temp;"16;3";;"16;3"
2026-08-24 03:44:09;tank_temp;"43;1";;"43;1"
2026-08-24 03:44:14;tank_temp;"42;8";;"42;8"
2026-08-24 03:44:20;comp_freq;"0;0";;"0;0"
2026-08-24 03:44:20;amb_temp;"11;8";;"11;8"
2026-08-24 03:44:20;ac_curr;"0;0";;"0;0"
2026-08-24 03:45:06;fault_flag;;False;"0;0"
2026-08-24 03:45:06;back_temp;"15;3";;"15;3"
2026-08-24 03:45:06;protect_flag;;False;"0;0"
2026-08-24 03:45:06;m_eev;"480;0";;"480;0"
2026-08-24 03:45:06;ac_fan;;close;
2026-08-24 03:45:06;freeze;;False;"0;0"
2026-08-24 03:45:06;dc_fan1;"0;0";;"0;0"
2026-08-24 03:45:06;defrost;;False;"0;0"
2026-08-24 03:45:06;dc_fan2;"0;0";;"0;0"
2026-08-24 03:45:25;a_eev;"10;0";;"10;0"
2026-08-24 03:46:10;tidr;"23;0";;"23;0"
2026-08-24 03:46:21;in_water_temp;"15;5";;"15;5"
2026-08-24 03:47:06;pump_sta;;False;"0;0"
2026-08-24 03:47:06;flow_rate;"0;0";;"0;0"
2026-08-24 03:47:06;valve;;False;"0;0"
2026-08-24 03:48:18;disc_temp;"15;9";;"15;9"
2026-08-24 03:48:59;out_water_temp;"16;2";;"16;2"
2026-08-24 03:49:17;tank_temp;"42;9";;"42;9"
2026-08-24 03:49:21;comp_freq;"0;0";;"0;0"
2026-08-24 03:49:21;amb_temp;"11;7";;"11;7"
2026-08-24 03:49:21;ac_curr;"0;0";;"0;0"
2026-08-24 03:50:09;fault_flag;;False;"0;0"
2026-08-24 03:50:09;back_temp;"15;3";;"15;3"
2026-08-24 03:50:09;protect_flag;;False;"0;0"
2026-08-24 03:50:09;m_eev;"480;0";;"480;0"
2026-08-24 03:50:09;ac_fan;;close;
2026-08-24 03:50:09;freeze;;False;"0;0"
2026-08-24 03:50:09;dc_fan1;"0;0";;"0;0"
2026-08-24 03:50:09;defrost;;False;"0;0"
2026-08-24 03:50:09;dc_fan2;"0;0";;"0;0"
2026-08-24 03:50:34;a_eev;"10;0";;"10;0"
2026-08-24 03:51:11;tidr;"23;0";;"23;0"
2026-08-24 03:51:22;in_water_temp;"15;3";;"15;3"
2026-08-24 03:52:10;pump_sta;;False;"0;0"
2026-08-24 03:52:10;flow_rate;"0;0";;"0;0"
2026-08-24 03:52:10;valve;;False;"0;0"
2026-08-24 03:53:19;disc_temp;"15;9";;"15;9"
2026-08-24 03:54:00;out_water_temp;"16;1";;"16;1"
2026-08-24 03:54:02;tank_temp;"42;4";;"42;4"
2026-08-24 03:54:23;comp_freq;"0;0";;"0;0"
2026-08-24 03:54:23;amb_temp;"11;7";;"11;7"
2026-08-24 03:54:23;ac_curr;"0;0";;"0;0"
2026-08-24 03:54:38;tank_temp;"42;0";;"42;0"
2026-08-24 03:55:10;fault_flag;;False;"0;0"
2026-08-24 03:55:10;back_temp;"15;2";;"15;2"
2026-08-24 03:55:10;protect_flag;;False;"0;0"
2026-08-24 03:55:10;m_eev;"480;0";;"480;0"
2026-08-24 03:55:10;ac_fan;;close;
2026-08-24 03:55:10;freeze;;False;"0;0"
2026-08-24 03:55:10;dc_fan1;"0;0";;"0;0"
2026-08-24 03:55:10;defrost;;False;"0;0"
2026-08-24 03:55:10;dc_fan2;"0;0";;"0;0"
2026-08-24 03:55:40;a_eev;"10;0";;"10;0"
2026-08-24 03:56:11;tidr;"23;0";;"23;0"
2026-08-24 03:56:21;in_water_temp;"15;3";;"15;3"
2026-08-24 03:56:46;tank_temp;"41;6";;"41;6"
2026-08-24 03:57:10;pump_sta;;False;"0;0"
2026-08-24 03:57:10;flow_rate;"0;0";;"0;0"
2026-08-24 03:57:10;valve;;False;"0;0"
2026-08-24 03:58:22;disc_temp;"15;9";;"15;9"
2026-08-24 03:59:02;out_water_temp;"16;1";;"16;1"
2026-08-24 03:59:26;comp_freq;"0;0";;"0;0"
2026-08-24 03:59:26;amb_temp;"11;7";;"11;7"
2026-08-24 03:59:26;ac_curr;"0;0";;"0;0"
2026-08-24 04:00:12;fault_flag;;False;"0;0"
2026-08-24 04:00:12;back_temp;"15;1";;"15;1"
2026-08-24 04:00:12;protect_flag;;False;"0;0"
2026-08-24 04:00:12;m_eev;"480;0";;"480;0"
2026-08-24 04:00:12;ac_fan;;close;
2026-08-24 04:00:12;freeze;;False;"0;0"
2026-08-24 04:00:12;dc_fan1;"0;0";;"0;0"
2026-08-24 04:00:12;defrost;;False;"0;0"
2026-08-24 04:00:12;dc_fan2;"0;0";;"0;0"
2026-08-24 04:00:43;a_eev;"10;0";;"10;0"
2026-08-24 04:01:12;tidr;"23;0";;"23;0"
2026-08-24 04:01:26;in_water_temp;"15;3";;"15;3"
2026-08-24 04:01:48;tank_temp;"41;6";;"41;6"
2026-08-24 04:02:11;pump_sta;;False;"0;0"
2026-08-24 04:02:11;flow_rate;"0;0";;"0;0"
2026-08-24 04:02:11;valve;;False;"0;0"
2026-08-24 04:03:24;disc_temp;"15;9";;"15;9"
2026-08-24 04:04:02;out_water_temp;"16;0";;"16;0"
2026-08-24 04:04:27;comp_freq;"0;0";;"0;0"
2026-08-24 04:04:27;amb_temp;"11;7";;"11;7"
2026-08-24 04:04:27;ac_curr;"0;0";;"0;0"
2026-08-24 04:05:15;fault_flag;;False;"0;0"
2026-08-24 04:05:15;back_temp;"15;1";;"15;1"
2026-08-24 04:05:15;protect_flag;;False;"0;0"
2026-08-24 04:05:15;m_eev;"480;0";;"480;0"
2026-08-24 04:05:15;ac_fan;;close;
2026-08-24 04:05:15;freeze;;False;"0;0"
2026-08-24 04:05:15;dc_fan1;"0;0";;"0;0"
2026-08-24 04:05:15;defrost;;False;"0;0"
2026-08-24 04:05:15;dc_fan2;"0;0";;"0;0"
2026-08-24 04:05:18;tidr;"22;9";;"22;9"
2026-08-24 04:05:46;a_eev;"10;0";;"10;0"
2026-08-24 04:06:27;in_water_temp;"15;2";;"15;2"
2026-08-24 04:06:38;tidr;"23;0";;"23;0"
2026-08-24 04:06:50;tank_temp;"41;4";;"41;4"
2026-08-24 04:07:12;pump_sta;;False;"0;0"
2026-08-24 04:07:12;flow_rate;"0;0";;"0;0"
2026-08-24 04:07:12;valve;;False;"0;0"
2026-08-24 04:07:18;tank_temp;"41;7";;"41;7"
2026-08-24 04:08:26;disc_temp;"15;7";;"15;7"
2026-08-24 04:09:04;out_water_temp;"15;9";;"15;9"
2026-08-24 04:09:28;comp_freq;"0;0";;"0;0"
2026-08-24 04:09:28;amb_temp;"11;8";;"11;8"
2026-08-24 04:09:28;ac_curr;"0;0";;"0;0"
2026-08-24 04:10:15;fault_flag;;False;"0;0"
2026-08-24 04:10:15;back_temp;"15;1";;"15;1"
2026-08-24 04:10:15;protect_flag;;False;"0;0"
2026-08-24 04:10:15;m_eev;"480;0";;"480;0"
2026-08-24 04:10:15;ac_fan;;close;
2026-08-24 04:10:15;freeze;;False;"0;0"
2026-08-24 04:10:15;dc_fan1;"0;0";;"0;0"
2026-08-24 04:10:15;defrost;;False;"0;0"
2026-08-24 04:10:15;dc_fan2;"0;0";;"0;0"
2026-08-24 04:10:19;tank_temp;"41;4";;"41;4"
2026-08-24 04:10:47;a_eev;"10;0";;"10;0"
2026-08-24 04:11:27;in_water_temp;"15;2";;"15;2"
2026-08-24 04:11:39;tidr;"23;0";;"23;0"
2026-08-24 04:12:10;tank_temp;"40;9";;"40;9"
2026-08-24 04:12:15;pump_sta;;False;"0;0"
2026-08-24 04:12:15;flow_rate;"0;0";;"0;0"
2026-08-24 04:12:15;valve;;False;"0;0"
2026-08-24 04:13:27;disc_temp;"15;7";;"15;7"
2026-08-24 04:14:06;out_water_temp;"15;8";;"15;8"
2026-08-24 04:14:31;comp_freq;"0;0";;"0;0"
2026-08-24 04:14:31;amb_temp;"11;8";;"11;8"
2026-08-24 04:14:31;ac_curr;"0;0";;"0;0"
2026-08-24 04:15:19;fault_flag;;False;"0;0"
2026-08-24 04:15:19;back_temp;"15;0";;"15;0"
2026-08-24 04:15:19;protect_flag;;False;"0;0"
2026-08-24 04:15:19;m_eev;"480;0";;"480;0"
2026-08-24 04:15:19;ac_fan;;close;
2026-08-24 04:15:19;freeze;;False;"0;0"
2026-08-24 04:15:19;dc_fan1;"0;0";;"0;0"
2026-08-24 04:15:19;defrost;;False;"0;0"
2026-08-24 04:15:19;dc_fan2;"0;0";;"0;0"
2026-08-24 04:15:48;a_eev;"10;0";;"10;0"
2026-08-24 04:16:28;in_water_temp;"15;1";;"15;1"
2026-08-24 04:16:39;tidr;"23;0";;"23;0"
2026-08-24 04:16:50;tank_temp;"40;4";;"40;4"
2026-08-24 04:16:54;tank_temp;"40;8";;"40;8"
2026-08-24 04:17:16;pump_sta;;False;"0;0"
2026-08-24 04:17:16;flow_rate;"0;0";;"0;0"
2026-08-24 04:17:16;valve;;False;"0;0"
2026-08-24 04:18:27;disc_temp;"15;7";;"15;7"
2026-08-24 04:19:09;out_water_temp;"15;8";;"15;8"
2026-08-24 04:19:34;comp_freq;"0;0";;"0;0"
2026-08-24 04:19:34;amb_temp;"11;8";;"11;8"
2026-08-24 04:19:34;ac_curr;"0;0";;"0;0"
2026-08-24 04:20:26;fault_flag;;False;"0;0"
2026-08-24 04:20:26;back_temp;"15;0";;"15;0"
2026-08-24 04:20:26;protect_flag;;False;"0;0"
2026-08-24 04:20:26;m_eev;"480;0";;"480;0"
2026-08-24 04:20:26;ac_fan;;close;
2026-08-24 04:20:26;freeze;;False;"0;0"
2026-08-24 04:20:26;dc_fan1;"0;0";;"0;0"
2026-08-24 04:20:26;defrost;;False;"0;0"
2026-08-24 04:20:26;dc_fan2;"0;0";;"0;0"
2026-08-24 04:20:51;a_eev;"10;0";;"10;0"
2026-08-24 04:21:31;in_water_temp;"15;0";;"15;0"
2026-08-24 04:21:41;tidr;"23;0";;"23;0"
2026-08-24 04:21:56;tank_temp;"40;8";;"40;8"
2026-08-24 04:22:18;pump_sta;;False;"0;0"
2026-08-24 04:22:18;flow_rate;"0;0";;"0;0"
2026-08-24 04:22:18;valve;;False;"0;0"
2026-08-24 04:23:29;disc_temp;"15;7";;"15;7"
2026-08-24 04:24:10;out_water_temp;"15;7";;"15;7"
2026-08-24 04:24:35;comp_freq;"0;0";;"0;0"
2026-08-24 04:24:35;amb_temp;"11;9";;"11;9"
2026-08-24 04:24:35;ac_curr;"0;0";;"0;0"
2026-08-24 04:25:27;fault_flag;;False;"0;0"
2026-08-24 04:25:27;back_temp;"15;0";;"15;0"
2026-08-24 04:25:27;protect_flag;;False;"0;0"
2026-08-24 04:25:27;m_eev;"480;0";;"480;0"
2026-08-24 04:25:27;ac_fan;;close;
2026-08-24 04:25:27;freeze;;False;"0;0"
2026-08-24 04:25:27;dc_fan1;"0;0";;"0;0"
2026-08-24 04:25:27;defrost;;False;"0;0"
2026-08-24 04:25:27;dc_fan2;"0;0";;"0;0"
2026-08-24 04:25:51;a_eev;"10;0";;"10;0"
2026-08-24 04:26:32;in_water_temp;"14;9";;"14;9"
2026-08-24 04:26:43;tidr;"23;0";;"23;0"
2026-08-24 04:26:58;tank_temp;"40;7";;"40;7"
2026-08-24 04:27:23;pump_sta;;False;"0;0"
2026-08-24 04:27:23;flow_rate;"0;0";;"0;0"
2026-08-24 04:27:23;valve;;False;"0;0"
2026-08-24 04:28:31;disc_temp;"15;7";;"15;7"
2026-08-24 04:28:35;tank_temp;"40;4";;"40;4"
2026-08-24 04:29:11;out_water_temp;"15;7";;"15;7"
2026-08-24 04:29:36;comp_freq;"0;0";;"0;0"
2026-08-24 04:29:36;amb_temp;"12;0";;"12;0"
2026-08-24 04:29:36;ac_curr;"0;0";;"0;0"
2026-08-24 04:30:30;fault_flag;;False;"0;0"
2026-08-24 04:30:30;back_temp;"14;9";;"14;9"
2026-08-24 04:30:30;protect_flag;;False;"0;0"
2026-08-24 04:30:30;m_eev;"480;0";;"480;0"
2026-08-24 04:30:30;ac_fan;;close;
2026-08-24 04:30:30;freeze;;False;"0;0"
2026-08-24 04:30:30;dc_fan1;"0;0";;"0;0"
2026-08-24 04:30:30;defrost;;False;"0;0"
2026-08-24 04:30:30;dc_fan2;"0;0";;"0;0"
2026-08-24 04:30:51;a_eev;"10;0";;"10;0"
2026-08-24 04:31:34;in_water_temp;"14;9";;"14;9"
2026-08-24 04:31:44;tidr;"23;0";;"23;0"
2026-08-24 04:32:24;pump_sta;;False;"0;0"
2026-08-24 04:32:24;flow_rate;"0;0";;"0;0"
2026-08-24 04:32:24;valve;;False;"0;0"
2026-08-24 04:33:32;disc_temp;"15;5";;"15;5"
2026-08-24 04:33:36;tank_temp;"40;2";;"40;2"
2026-08-24 04:34:14;out_water_temp;"15;6";;"15;6"
2026-08-24 04:34:39;comp_freq;"0;0";;"0;0"
2026-08-24 04:34:39;amb_temp;"11;9";;"11;9"
2026-08-24 04:34:39;ac_curr;"0;0";;"0;0"
2026-08-24 04:35:32;fault_flag;;False;"0;0"
2026-08-24 04:35:32;back_temp;"14;9";;"14;9"
2026-08-24 04:35:32;protect_flag;;False;"0;0"
2026-08-24 04:35:32;m_eev;"480;0";;"480;0"
2026-08-24 04:35:32;ac_fan;;close;
2026-08-24 04:35:32;freeze;;False;"0;0"
2026-08-24 04:35:32;dc_fan1;"0;0";;"0;0"
2026-08-24 04:35:32;defrost;;False;"0;0"
2026-08-24 04:35:32;dc_fan2;"0;0";;"0;0"
2026-08-24 04:35:52;a_eev;"10;0";;"10;0"
2026-08-24 04:36:35;in_water_temp;"14;8";;"14;8"
2026-08-24 04:36:46;tidr;"23;0";;"23;0"
2026-08-24 04:37:26;pump_sta;;False;"0;0"
2026-08-24 04:37:26;flow_rate;"0;0";;"0;0"
2026-08-24 04:37:26;valve;;False;"0;0"
2026-08-24 04:38:34;disc_temp;"15;5";;"15;5"
2026-08-24 04:38:37;tank_temp;"40;1";;"40;1"
2026-08-24 04:39:17;out_water_temp;"15;5";;"15;5"
2026-08-24 04:39:40;comp_freq;"0;0";;"0;0"
2026-08-24 04:39:40;amb_temp;"12;0";;"12;0"
2026-08-24 04:39:40;ac_curr;"0;0";;"0;0"
2026-08-24 04:40:32;fault_flag;;False;"0;0"
2026-08-24 04:40:32;back_temp;"14;8";;"14;8"
2026-08-24 04:40:32;protect_flag;;False;"0;0"
2026-08-24 04:40:32;m_eev;"480;0";;"480;0"
2026-08-24 04:40:32;ac_fan;;close;
2026-08-24 04:40:32;freeze;;False;"0;0"
2026-08-24 04:40:32;dc_fan1;"0;0";;"0;0"
2026-08-24 04:40:32;defrost;;False;"0;0"
2026-08-24 04:40:32;dc_fan2;"0;0";;"0;0"
2026-08-24 04:40:53;a_eev;"10;0";;"10;0"
2026-08-24 04:41:37;in_water_temp;"14;8";;"14;8"
2026-08-24 04:41:49;tidr;"23;0";;"23;0"
2026-08-24 04:42:27;pump_sta;;False;"0;0"
2026-08-24 04:42:27;flow_rate;"0;0";;"0;0"
2026-08-24 04:42:27;valve;;False;"0;0"
2026-08-24 04:43:35;disc_temp;"15;5";;"15;5"
2026-08-24 04:43:37;tank_temp;"40;2";;"40;2"
2026-08-24 04:44:18;out_water_temp;"15;4";;"15;4"
2026-08-24 04:44:42;comp_freq;"0;0";;"0;0"
2026-08-24 04:44:42;amb_temp;"12;0";;"12;0"
2026-08-24 04:44:42;ac_curr;"0;0";;"0;0"
2026-08-24 04:45:34;fault_flag;;False;"0;0"
2026-08-24 04:45:34;back_temp;"14;8";;"14;8"
2026-08-24 04:45:34;protect_flag;;False;"0;0"
2026-08-24 04:45:34;m_eev;"480;0";;"480;0"
2026-08-24 04:45:34;ac_fan;;close;
2026-08-24 04:45:34;freeze;;False;"0;0"
2026-08-24 04:45:34;dc_fan1;"0;0";;"0;0"
2026-08-24 04:45:34;defrost;;False;"0;0"
2026-08-24 04:45:34;dc_fan2;"0;0";;"0;0"
2026-08-24 04:46:02;a_eev;"10;0";;"10;0"
2026-08-24 04:46:23;tank_temp;"39;9";;"39;9"
2026-08-24 04:46:39;in_water_temp;"14;8";;"14;8"
2026-08-24 04:46:55;tidr;"23;0";;"23;0"
2026-08-24 04:47:31;pump_sta;;False;"0;0"
2026-08-24 04:47:31;flow_rate;"0;0";;"0;0"
2026-08-24 04:47:31;valve;;False;"0;0"
2026-08-24 04:48:37;disc_temp;"15;2";;"15;2"
2026-08-24 04:49:19;out_water_temp;"15;4";;"15;4"
2026-08-24 04:49:43;comp_freq;"0;0";;"0;0"
2026-08-24 04:49:43;amb_temp;"12;1";;"12;1"
2026-08-24 04:49:43;ac_curr;"0;0";;"0;0"
2026-08-24 04:50:37;fault_flag;;False;"0;0"
2026-08-24 04:50:37;back_temp;"14;8";;"14;8"
2026-08-24 04:50:37;protect_flag;;False;"0;0"
2026-08-24 04:50:37;m_eev;"480;0";;"480;0"
2026-08-24 04:50:37;ac_fan;;close;
2026-08-24 04:50:37;freeze;;False;"0;0"
2026-08-24 04:50:37;dc_fan1;"0;0";;"0;0"
2026-08-24 04:50:37;defrost;;False;"0;0"
2026-08-24 04:50:37;dc_fan2;"0;0";;"0;0"
2026-08-24 04:51:03;a_eev;"10;0";;"10;0"
2026-08-24 04:51:23;tank_temp;"39;8";;"39;8"
2026-08-24 04:51:40;in_water_temp;"14;8";;"14;8"
2026-08-24 04:51:55;tidr;"23;0";;"23;0"
2026-08-24 04:52:32;pump_sta;;False;"0;0"
2026-08-24 04:52:32;flow_rate;"0;0";;"0;0"
2026-08-24 04:52:32;valve;;False;"0;0"
2026-08-24 04:53:39;disc_temp;"15;2";;"15;2"
2026-08-24 04:54:20;out_water_temp;"15;3";;"15;3"
2026-08-24 04:54:47;comp_freq;"0;0";;"0;0"
2026-08-24 04:54:47;amb_temp;"12;1";;"12;1"
2026-08-24 04:54:47;ac_curr;"0;0";;"0;0"
2026-08-24 04:55:43;fault_flag;;False;"0;0"
2026-08-24 04:55:43;back_temp;"14;8";;"14;8"
2026-08-24 04:55:43;protect_flag;;False;"0;0"
2026-08-24 04:55:43;m_eev;"480;0";;"480;0"
2026-08-24 04:55:43;ac_fan;;close;
2026-08-24 04:55:43;freeze;;False;"0;0"
2026-08-24 04:55:43;dc_fan1;"0;0";;"0;0"
2026-08-24 04:55:43;defrost;;False;"0;0"
2026-08-24 04:55:43;dc_fan2;"0;0";;"0;0"
2026-08-24 04:56:05;a_eev;"10;0";;"10;0"
2026-08-24 04:56:23;tank_temp;"39;9";;"39;9"
2026-08-24 04:56:46;in_water_temp;"14;7";;"14;7"
2026-08-24 04:56:57;tidr;"23;0";;"23;0"
2026-08-24 04:57:37;pump_sta;;False;"0;0"
2026-08-24 04:57:37;flow_rate;"0;0";;"0;0"
2026-08-24 04:57:37;valve;;False;"0;0"
2026-08-24 04:58:42;disc_temp;"15;2";;"15;2"
2026-08-24 04:59:22;out_water_temp;"15;3";;"15;3"
2026-08-24 04:59:48;comp_freq;"0;0";;"0;0"
2026-08-24 04:59:48;amb_temp;"12;2";;"12;2"
2026-08-24 04:59:48;ac_curr;"0;0";;"0;0"
2026-08-24 05:00:51;fault_flag;;False;"0;0"
2026-08-24 05:00:51;back_temp;"14;8";;"14;8"
2026-08-24 05:00:51;protect_flag;;False;"0;0"
2026-08-24 05:00:51;m_eev;"480;0";;"480;0"
2026-08-24 05:00:51;ac_fan;;close;
2026-08-24 05:00:51;freeze;;False;"0;0"
2026-08-24 05:00:51;dc_fan1;"0;0";;"0;0"
2026-08-24 05:00:51;defrost;;False;"0;0"
2026-08-24 05:00:51;dc_fan2;"0;0";;"0;0"
2026-08-24 05:01:14;a_eev;"10;0";;"10;0"
2026-08-24 05:01:27;tank_temp;"39;8";;"39;8"
2026-08-24 05:01:47;in_water_temp;"14;7";;"14;7"
2026-08-24 05:02:00;tidr;"23;0";;"23;0"
2026-08-24 05:02:40;pump_sta;;False;"0;0"
2026-08-24 05:02:40;flow_rate;"0;0";;"0;0"
2026-08-24 05:02:40;valve;;False;"0;0"
2026-08-24 05:03:48;disc_temp;"15;2";;"15;2"
2026-08-24 05:04:26;out_water_temp;"15;3";;"15;3"
2026-08-24 05:04:51;comp_freq;"0;0";;"0;0"
2026-08-24 05:04:51;amb_temp;"12;3";;"12;3"
2026-08-24 05:04:51;ac_curr;"0;0";;"0;0"
2026-08-24 05:05:52;fault_flag;;False;"0;0"
2026-08-24 05:05:52;back_temp;"14;8";;"14;8"
2026-08-24 05:05:52;protect_flag;;False;"0;0"
2026-08-24 05:05:52;m_eev;"480;0";;"480;0"
2026-08-24 05:05:52;ac_fan;;close;
2026-08-24 05:05:52;freeze;;False;"0;0"
2026-08-24 05:05:52;dc_fan1;"0;0";;"0;0"
2026-08-24 05:05:52;defrost;;False;"0;0"
2026-08-24 05:05:52;dc_fan2;"0;0";;"0;0"
2026-08-24 05:06:14;a_eev;"10;0";;"10;0"
2026-08-24 05:06:29;tank_temp;"39;8";;"39;8"
2026-08-24 05:06:48;in_water_temp;"14;6";;"14;6"
2026-08-24 05:07:03;tidr;"23;0";;"23;0"
2026-08-24 05:07:41;pump_sta;;False;"0;0"
2026-08-24 05:07:41;flow_rate;"0;0";;"0;0"
2026-08-24 05:07:41;valve;;False;"0;0"
2026-08-24 05:08:50;disc_temp;"15;2";;"15;2"
2026-08-24 05:09:28;out_water_temp;"15;2";;"15;2"
2026-08-24 05:09:53;comp_freq;"0;0";;"0;0"
2026-08-24 05:09:53;amb_temp;"12;3";;"12;3"
2026-08-24 05:09:53;ac_curr;"0;0";;"0;0"
2026-08-24 05:10:52;fault_flag;;False;"0;0"
2026-08-24 05:10:52;back_temp;"14;8";;"14;8"
2026-08-24 05:10:52;protect_flag;;False;"0;0"
2026-08-24 05:10:52;m_eev;"480;0";;"480;0"
2026-08-24 05:10:52;ac_fan;;close;
2026-08-24 05:10:52;freeze;;False;"0;0"
2026-08-24 05:10:52;dc_fan1;"0;0";;"0;0"
2026-08-24 05:10:52;defrost;;False;"0;0"
2026-08-24 05:10:52;dc_fan2;"0;0";;"0;0"
2026-08-24 05:11:16;a_eev;"10;0";;"10;0"
2026-08-24 05:11:34;tank_temp;"39;8";;"39;8"
2026-08-24 05:11:51;in_water_temp;"14;6";;"14;6"
2026-08-24 05:12:04;tidr;"23;0";;"23;0"
2026-08-24 05:12:43;pump_sta;;False;"0;0"
2026-08-24 05:12:43;flow_rate;"0;0";;"0;0"
2026-08-24 05:12:43;valve;;False;"0;0"
2026-08-24 05:13:52;disc_temp;"15;2";;"15;2"
2026-08-24 05:14:28;out_water_temp;"15;2";;"15;2"
2026-08-24 05:14:53;comp_freq;"0;0";;"0;0"
2026-08-24 05:14:53;amb_temp;"12;4";;"12;4"
2026-08-24 05:14:53;ac_curr;"0;0";;"0;0"
2026-08-24 05:16:10;fault_flag;;False;"0;0"
2026-08-24 05:16:10;back_temp;"14;8";;"14;8"
2026-08-24 05:16:10;protect_flag;;False;"0;0"
2026-08-24 05:16:10;m_eev;"480;0";;"480;0"
2026-08-24 05:16:10;ac_fan;;close;
2026-08-24 05:16:10;freeze;;False;"0;0"
2026-08-24 05:16:10;dc_fan1;"0;0";;"0;0"
2026-08-24 05:16:10;defrost;;False;"0;0"
2026-08-24 05:16:10;dc_fan2;"0;0";;"0;0"
2026-08-24 05:16:18;a_eev;"10;0";;"10;0"
2026-08-24 05:16:35;tank_temp;"39;8";;"39;8"
2026-08-24 05:17:03;in_water_temp;"14;5";;"14;5"
2026-08-24 05:17:05;tidr;"23;0";;"23;0"
2026-08-24 05:17:46;pump_sta;;False;"0;0"
2026-08-24 05:17:46;flow_rate;"0;0";;"0;0"
2026-08-24 05:17:46;valve;;False;"0;0"
2026-08-24 05:18:53;disc_temp;"15;2";;"15;2"
2026-08-24 05:19:30;out_water_temp;"15;2";;"15;2"
2026-08-24 05:19:53;comp_freq;"0;0";;"0;0"
2026-08-24 05:19:53;amb_temp;"12;6";;"12;6"
2026-08-24 05:19:53;ac_curr;"0;0";;"0;0"
2026-08-24 05:21:13;fault_flag;;False;"0;0"
2026-08-24 05:21:13;back_temp;"14;8";;"14;8"
2026-08-24 05:21:13;protect_flag;;False;"0;0"
2026-08-24 05:21:13;m_eev;"480;0";;"480;0"
2026-08-24 05:21:13;ac_fan;;close;
2026-08-24 05:21:13;freeze;;False;"0;0"
2026-08-24 05:21:13;dc_fan1;"0;0";;"0;0"
2026-08-24 05:21:13;defrost;;False;"0;0"
2026-08-24 05:21:13;dc_fan2;"0;0";;"0;0"
2026-08-24 05:21:25;a_eev;"10;0";;"10;0"
2026-08-24 05:21:37;tank_temp;"39;8";;"39;8"
2026-08-24 05:22:05;in_water_temp;"14;5";;"14;5"
2026-08-24 05:22:08;tidr;"23;0";;"23;0"
2026-08-24 05:22:50;pump_sta;;False;"0;0"
2026-08-24 05:22:50;flow_rate;"0;0";;"0;0"
2026-08-24 05:22:50;valve;;False;"0;0"
2026-08-24 05:23:56;disc_temp;"15;2";;"15;2"
2026-08-24 05:24:33;out_water_temp;"15;1";;"15;1"
2026-08-24 05:24:55;comp_freq;"0;0";;"0;0"
2026-08-24 05:24:55;amb_temp;"12;7";;"12;7"
2026-08-24 05:24:55;ac_curr;"0;0";;"0;0"
2026-08-24 05:26:14;fault_flag;;False;"0;0"
2026-08-24 05:26:14;back_temp;"14;8";;"14;8"
2026-08-24 05:26:14;protect_flag;;False;"0;0"
2026-08-24 05:26:14;m_eev;"480;0";;"480;0"
2026-08-24 05:26:14;ac_fan;;close;
2026-08-24 05:26:14;freeze;;False;"0;0"
2026-08-24 05:26:14;dc_fan1;"0;0";;"0;0"
2026-08-24 05:26:14;defrost;;False;"0;0"
2026-08-24 05:26:14;dc_fan2;"0;0";;"0;0"
2026-08-24 05:26:36;a_eev;"10;0";;"10;0"
2026-08-24 05:26:40;tank_temp;"39;9";;"39;9"
2026-08-24 05:27:11;tidr;"23;0";;"23;0"
2026-08-24 05:27:11;in_water_temp;"14;5";;"14;5"
2026-08-24 05:27:51;pump_sta;;False;"0;0"
2026-08-24 05:27:51;flow_rate;"0;0";;"0;0"
2026-08-24 05:27:51;valve;;False;"0;0"
2026-08-24 05:28:57;disc_temp;"15;2";;"15;2"
2026-08-24 05:29:36;out_water_temp;"15;1";;"15;1"
2026-08-24 05:29:56;comp_freq;"0;0";;"0;0"
2026-08-24 05:29:56;amb_temp;"12;8";;"12;8"
2026-08-24 05:29:56;ac_curr;"0;0";;"0;0"
2026-08-24 05:31:15;fault_flag;;False;"0;0"
2026-08-24 05:31:15;back_temp;"14;8";;"14;8"
2026-08-24 05:31:15;protect_flag;;False;"0;0"
2026-08-24 05:31:15;m_eev;"480;0";;"480;0"
2026-08-24 05:31:15;ac_fan;;close;
2026-08-24 05:31:15;freeze;;False;"0;0"
2026-08-24 05:31:15;dc_fan1;"0;0";;"0;0"
2026-08-24 05:31:15;defrost;;False;"0;0"
2026-08-24 05:31:15;dc_fan2;"0;0";;"0;0"
2026-08-24 05:31:36;a_eev;"10;0";;"10;0"
2026-08-24 05:31:40;tank_temp;"39;8";;"39;8"
2026-08-24 05:32:12;tidr;"23;0";;"23;0"
2026-08-24 05:32:12;in_water_temp;"14;5";;"14;5"
2026-08-24 05:32:51;pump_sta;;False;"0;0"
2026-08-24 05:32:51;flow_rate;"0;0";;"0;0"
2026-08-24 05:32:51;valve;;False;"0;0"
2026-08-24 05:34:07;disc_temp;"15;2";;"15;2"
2026-08-24 05:34:37;out_water_temp;"15;1";;"15;1"
2026-08-24 05:34:57;comp_freq;"0;0";;"0;0"
2026-08-24 05:34:57;amb_temp;"12;7";;"12;7"
2026-08-24 05:34:57;ac_curr;"0;0";;"0;0"
2026-08-24 05:36:15;fault_flag;;False;"0;0"
2026-08-24 05:36:15;back_temp;"14;8";;"14;8"
2026-08-24 05:36:15;protect_flag;;False;"0;0"
2026-08-24 05:36:15;m_eev;"480;0";;"480;0"
2026-08-24 05:36:15;ac_fan;;close;
2026-08-24 05:36:15;freeze;;False;"0;0"
2026-08-24 05:36:15;dc_fan1;"0;0";;"0;0"
2026-08-24 05:36:15;defrost;;False;"0;0"
2026-08-24 05:36:15;dc_fan2;"0;0";;"0;0"
2026-08-24 05:36:37;a_eev;"10;0";;"10;0"
2026-08-24 05:36:40;tank_temp;"39;8";;"39;8"
2026-08-24 05:37:13;tidr;"23;0";;"23;0"
2026-08-24 05:37:13;in_water_temp;"14;4";;"14;4"
2026-08-24 05:37:52;pump_sta;;False;"0;0"
2026-08-24 05:37:52;flow_rate;"0;0";;"0;0"
2026-08-24 05:37:52;valve;;False;"0;0"
2026-08-24 05:39:08;disc_temp;"15;2";;"15;2"
2026-08-24 05:39:42;out_water_temp;"15;0";;"15;0"
2026-08-24 05:40:01;comp_freq;"0;0";;"0;0"
2026-08-24 05:40:01;amb_temp;"12;8";;"12;8"
2026-08-24 05:40:01;ac_curr;"0;0";;"0;0"
2026-08-24 05:41:28;fault_flag;;False;"0;0"
2026-08-24 05:41:28;back_temp;"14;8";;"14;8"
2026-08-24 05:41:28;protect_flag;;False;"0;0"
2026-08-24 05:41:28;m_eev;"480;0";;"480;0"
2026-08-24 05:41:28;ac_fan;;close;
2026-08-24 05:41:28;freeze;;False;"0;0"
2026-08-24 05:41:28;dc_fan1;"0;0";;"0;0"
2026-08-24 05:41:28;defrost;;False;"0;0"
2026-08-24 05:41:28;dc_fan2;"0;0";;"0;0"
2026-08-24 05:41:38;a_eev;"10;0";;"10;0"
2026-08-24 05:41:42;tank_temp;"39;8";;"39;8"
2026-08-24 05:42:16;tidr;"23;0";;"23;0"
2026-08-24 05:42:16;in_water_temp;"14;4";;"14;4"
2026-08-24 05:42:53;pump_sta;;False;"0;0"
2026-08-24 05:42:53;flow_rate;"0;0";;"0;0"
2026-08-24 05:42:53;valve;;False;"0;0"
2026-08-24 05:44:08;disc_temp;"15;2";;"15;2"
2026-08-24 05:44:44;out_water_temp;"15;0";;"15;0"
2026-08-24 05:45:01;comp_freq;"0;0";;"0;0"
2026-08-24 05:45:01;amb_temp;"13;0";;"13;0"
2026-08-24 05:45:01;ac_curr;"0;0";;"0;0"
2026-08-24 05:46:30;fault_flag;;False;"0;0"
2026-08-24 05:46:30;back_temp;"14;8";;"14;8"
2026-08-24 05:46:30;protect_flag;;False;"0;0"
2026-08-24 05:46:30;m_eev;"480;0";;"480;0"
2026-08-24 05:46:30;ac_fan;;close;
2026-08-24 05:46:30;freeze;;False;"0;0"
2026-08-24 05:46:30;dc_fan1;"0;0";;"0;0"
2026-08-24 05:46:30;defrost;;False;"0;0"
2026-08-24 05:46:30;dc_fan2;"0;0";;"0;0"
2026-08-24 05:46:42;a_eev;"10;0";;"10;0"
2026-08-24 05:46:45;tank_temp;"39;8";;"39;8"
2026-08-24 05:47:17;tidr;"23;0";;"23;0"
2026-08-24 05:47:17;in_water_temp;"14;4";;"14;4"
2026-08-24 05:47:56;pump_sta;;False;"0;0"
2026-08-24 05:47:56;flow_rate;"0;0";;"0;0"
2026-08-24 05:47:56;valve;;False;"0;0"
2026-08-24 05:49:09;disc_temp;"15;2";;"15;2"
2026-08-24 05:49:45;out_water_temp;"15;0";;"15;0"
2026-08-24 05:50:03;comp_freq;"0;0";;"0;0"
2026-08-24 05:50:03;amb_temp;"13;0";;"13;0"
2026-08-24 05:50:03;ac_curr;"0;0";;"0;0"
2026-08-24 05:51:32;fault_flag;;False;"0;0"
2026-08-24 05:51:32;back_temp;"14;9";;"14;9"
2026-08-24 05:51:32;protect_flag;;False;"0;0"
2026-08-24 05:51:32;m_eev;"480;0";;"480;0"
2026-08-24 05:51:32;ac_fan;;close;
2026-08-24 05:51:32;freeze;;False;"0;0"
2026-08-24 05:51:32;dc_fan1;"0;0";;"0;0"
2026-08-24 05:51:32;defrost;;False;"0;0"
2026-08-24 05:51:32;dc_fan2;"0;0";;"0;0"
2026-08-24 05:51:44;a_eev;"10;0";;"10;0"
2026-08-24 05:51:45;tank_temp;"39;8";;"39;8"
2026-08-24 05:52:25;tidr;"23;0";;"23;0"
2026-08-24 05:52:25;in_water_temp;"14;4";;"14;4"
2026-08-24 05:52:56;pump_sta;;False;"0;0"
2026-08-24 05:52:56;flow_rate;"0;0";;"0;0"
2026-08-24 05:52:56;valve;;False;"0;0"
2026-08-24 05:53:14;tidr;"22;9";;"22;9"
2026-08-24 05:54:10;disc_temp;"15;2";;"15;2"
2026-08-24 05:54:31;tidr;"22;8";;"22;8"
2026-08-24 05:54:48;out_water_temp;"14;9";;"14;9"
2026-08-24 05:55:08;comp_freq;"0;0";;"0;0"
2026-08-24 05:55:08;amb_temp;"13;2";;"13;2"
2026-08-24 05:55:08;ac_curr;"0;0";;"0;0"
2026-08-24 05:56:01;tidr;"22;7";;"22;7"
2026-08-24 05:56:35;fault_flag;;False;"0;0"
2026-08-24 05:56:35;back_temp;"14;9";;"14;9"
2026-08-24 05:56:35;protect_flag;;False;"0;0"
2026-08-24 05:56:35;m_eev;"480;0";;"480;0"
2026-08-24 05:56:35;ac_fan;;close;
2026-08-24 05:56:35;freeze;;False;"0;0"
2026-08-24 05:56:35;dc_fan1;"0;0";;"0;0"
2026-08-24 05:56:35;defrost;;False;"0;0"
2026-08-24 05:56:35;dc_fan2;"0;0";;"0;0"
2026-08-24 05:56:45;a_eev;"10;0";;"10;0"
2026-08-24 05:56:51;tank_temp;"39;8";;"39;8"
2026-08-24 05:57:20;tidr;"22;6";;"22;6"
2026-08-24 05:57:25;in_water_temp;"14;3";;"14;3"
2026-08-24 05:58:02;pump_sta;;False;"0;0"
2026-08-24 05:58:02;flow_rate;"0;0";;"0;0"
2026-08-24 05:58:02;valve;;False;"0;0"
2026-08-24 05:59:00;tidr;"22;5";;"22;5"
2026-08-24 05:59:13;disc_temp;"15;2";;"15;2"
2026-08-24 05:59:49;out_water_temp;"14;9";;"14;9"
2026-08-24 06:00:09;comp_freq;"0;0";;"0;0"
2026-08-24 06:00:09;amb_temp;"13;3";;"13;3"
2026-08-24 06:00:09;ac_curr;"0;0";;"0;0"
2026-08-24 06:01:36;fault_flag;;False;"0;0"
2026-08-24 06:01:36;back_temp;"15;0";;"15;0"
2026-08-24 06:01:36;protect_flag;;False;"0;0"
2026-08-24 06:01:36;m_eev;"480;0";;"480;0"
2026-08-24 06:01:36;ac_fan;;close;
2026-08-24 06:01:36;freeze;;False;"0;0"
2026-08-24 06:01:36;dc_fan1;"0;0";;"0;0"
2026-08-24 06:01:36;defrost;;False;"0;0"
2026-08-24 06:01:36;dc_fan2;"0;0";;"0;0"
2026-08-24 06:01:53;a_eev;"10;0";;"10;0"
2026-08-24 06:01:53;tank_temp;"39;8";;"39;8"
2026-08-24 06:02:27;in_water_temp;"14;3";;"14;3"
2026-08-24 06:03:04;pump_sta;;False;"0;0"
2026-08-24 06:03:04;flow_rate;"0;0";;"0;0"
2026-08-24 06:03:04;valve;;False;"0;0"
2026-08-24 06:04:11;tidr;"22;5";;"22;5"
2026-08-24 06:04:13;disc_temp;"15;2";;"15;2"
2026-08-24 06:04:50;out_water_temp;"14;9";;"14;9"
2026-08-24 06:05:12;comp_freq;"0;0";;"0;0"
2026-08-24 06:05:12;amb_temp;"13;3";;"13;3"
2026-08-24 06:05:12;ac_curr;"0;0";;"0;0"
2026-08-24 06:05:27;tidr;"22;6";;"22;6"
2026-08-24 06:06:38;fault_flag;;False;"0;0"
2026-08-24 06:06:38;back_temp;"15;0";;"15;0"
2026-08-24 06:06:38;protect_flag;;False;"0;0"
2026-08-24 06:06:38;m_eev;"480;0";;"480;0"
2026-08-24 06:06:38;ac_fan;;close;
2026-08-24 06:06:38;freeze;;False;"0;0"
2026-08-24 06:06:38;dc_fan1;"0;0";;"0;0"
2026-08-24 06:06:38;defrost;;False;"0;0"
2026-08-24 06:06:38;dc_fan2;"0;0";;"0;0"
2026-08-24 06:06:56;a_eev;"10;0";;"10;0"
2026-08-24 06:06:56;tank_temp;"39;8";;"39;8"
2026-08-24 06:07:28;in_water_temp;"14;3";;"14;3"
2026-08-24 06:07:36;tidr;"22;7";;"22;7"
2026-08-24 06:08:05;pump_sta;;False;"0;0"
2026-08-24 06:08:05;flow_rate;"0;0";;"0;0"
2026-08-24 06:08:05;valve;;False;"0;0"
2026-08-24 06:09:18;disc_temp;"15;2";;"15;2"
2026-08-24 06:09:50;out_water_temp;"14;9";;"14;9"
2026-08-24 06:09:55;tidr;"22;8";;"22;8"
2026-08-24 06:10:14;comp_freq;"0;0";;"0;0"
2026-08-24 06:10:14;amb_temp;"13;5";;"13;5"
2026-08-24 06:10:14;ac_curr;"0;0";;"0;0"
2026-08-24 06:11:43;fault_flag;;False;"0;0"
2026-08-24 06:11:43;back_temp;"15;0";;"15;0"
2026-08-24 06:11:43;protect_flag;;False;"0;0"
2026-08-24 06:11:43;m_eev;"480;0";;"480;0"
2026-08-24 06:11:43;ac_fan;;close;
2026-08-24 06:11:43;freeze;;False;"0;0"
2026-08-24 06:11:43;dc_fan1;"0;0";;"0;0"
2026-08-24 06:11:43;defrost;;False;"0;0"
2026-08-24 06:11:43;dc_fan2;"0;0";;"0;0"
2026-08-24 06:11:59;a_eev;"10;0";;"10;0"
2026-08-24 06:11:59;tank_temp;"39;8";;"39;8"
2026-08-24 06:12:30;in_water_temp;"14;3";;"14;3"
2026-08-24 06:13:13;pump_sta;;False;"0;0"
2026-08-24 06:13:13;flow_rate;"0;0";;"0;0"
2026-08-24 06:13:13;valve;;False;"0;0"
2026-08-24 06:13:32;tidr;"22;9";;"22;9"
2026-08-24 06:14:21;disc_temp;"15;2";;"15;2"
2026-08-24 06:14:52;out_water_temp;"14;9";;"14;9"
2026-08-24 06:15:16;comp_freq;"0;0";;"0;0"
2026-08-24 06:15:16;amb_temp;"13;7";;"13;7"
2026-08-24 06:15:16;ac_curr;"0;0";;"0;0"
2026-08-24 06:16:43;fault_flag;;False;"0;0"
2026-08-24 06:16:43;back_temp;"15;1";;"15;1"
2026-08-24 06:16:43;protect_flag;;False;"0;0"
2026-08-24 06:16:43;m_eev;"480;0";;"480;0"
2026-08-24 06:16:43;ac_fan;;close;
2026-08-24 06:16:43;freeze;;False;"0;0"
2026-08-24 06:16:43;dc_fan1;"0;0";;"0;0"
2026-08-24 06:16:43;defrost;;False;"0;0"
2026-08-24 06:16:43;dc_fan2;"0;0";;"0;0"
2026-08-24 06:17:00;a_eev;"10;0";;"10;0"
2026-08-24 06:17:00;tank_temp;"39;7";;"39;7"
2026-08-24 06:17:28;tidr;"23;0";;"23;0"
2026-08-24 06:17:32;in_water_temp;"14;3";;"14;3"
2026-08-24 06:18:13;pump_sta;;False;"0;0"
2026-08-24 06:18:13;flow_rate;"0;0";;"0;0"
2026-08-24 06:18:13;valve;;False;"0;0"
2026-08-24 06:19:29;disc_temp;"15;2";;"15;2"
2026-08-24 06:19:53;out_water_temp;"14;9";;"14;9"
2026-08-24 06:20:20;comp_freq;"0;0";;"0;0"
2026-08-24 06:20:20;amb_temp;"13;9";;"13;9"
2026-08-24 06:20:20;ac_curr;"0;0";;"0;0"
2026-08-24 06:21:44;fault_flag;;False;"0;0"
2026-08-24 06:21:44;back_temp;"15;1";;"15;1"
2026-08-24 06:21:44;protect_flag;;False;"0;0"
2026-08-24 06:21:44;m_eev;"480;0";;"480;0"
2026-08-24 06:21:44;ac_fan;;close;
2026-08-24 06:21:44;freeze;;False;"0;0"
2026-08-24 06:21:44;dc_fan1;"0;0";;"0;0"
2026-08-24 06:21:44;defrost;;False;"0;0"
2026-08-24 06:21:44;dc_fan2;"0;0";;"0;0"
2026-08-24 06:22:04;a_eev;"10;0";;"10;0"
2026-08-24 06:22:04;tank_temp;"39;7";;"39;7"
2026-08-24 06:22:29;tidr;"23;0";;"23;0"
2026-08-24 06:22:33;in_water_temp;"14;3";;"14;3"
2026-08-24 06:23:13;pump_sta;;False;"0;0"
2026-08-24 06:23:13;flow_rate;"0;0";;"0;0"
2026-08-24 06:23:13;valve;;False;"0;0"
2026-08-24 06:24:33;disc_temp;"15;2";;"15;2"
2026-08-24 06:24:56;out_water_temp;"14;9";;"14;9"
2026-08-24 06:25:24;comp_freq;"0;0";;"0;0"
2026-08-24 06:25:24;amb_temp;"14;2";;"14;2"
2026-08-24 06:25:24;ac_curr;"0;0";;"0;0"
2026-08-24 06:26:46;fault_flag;;False;"0;0"
2026-08-24 06:26:46;back_temp;"15;2";;"15;2"
2026-08-24 06:26:46;protect_flag;;False;"0;0"
2026-08-24 06:26:46;m_eev;"480;0";;"480;0"
2026-08-24 06:26:46;ac_fan;;close;
2026-08-24 06:26:46;freeze;;False;"0;0"
2026-08-24 06:26:46;dc_fan1;"0;0";;"0;0"
2026-08-24 06:26:46;defrost;;False;"0;0"
2026-08-24 06:26:46;dc_fan2;"0;0";;"0;0"
2026-08-24 06:27:04;a_eev;"10;0";;"10;0"
2026-08-24 06:27:04;tank_temp;"39;8";;"39;8"
2026-08-24 06:27:30;tidr;"23;0";;"23;0"
2026-08-24 06:27:36;in_water_temp;"14;3";;"14;3"
2026-08-24 06:28:17;pump_sta;;False;"0;0"
2026-08-24 06:28:17;flow_rate;"0;0";;"0;0"
2026-08-24 06:28:17;valve;;False;"0;0"
2026-08-24 06:29:33;disc_temp;"15;2";;"15;2"
2026-08-24 06:29:57;out_water_temp;"14;9";;"14;9"
2026-08-24 06:30:30;comp_freq;"0;0";;"0;0"
2026-08-24 06:30:30;amb_temp;"14;7";;"14;7"
2026-08-24 06:30:30;ac_curr;"0;0";;"0;0"
2026-08-24 06:31:48;fault_flag;;False;"0;0"
2026-08-24 06:31:48;back_temp;"15;3";;"15;3"
2026-08-24 06:31:48;protect_flag;;False;"0;0"
2026-08-24 06:31:48;m_eev;"480;0";;"480;0"
2026-08-24 06:31:48;ac_fan;;close;
2026-08-24 06:31:48;freeze;;False;"0;0"
2026-08-24 06:31:48;dc_fan1;"0;0";;"0;0"
2026-08-24 06:31:48;defrost;;False;"0;0"
2026-08-24 06:31:48;dc_fan2;"0;0";;"0;0"
2026-08-24 06:32:05;a_eev;"10;0";;"10;0"
2026-08-24 06:32:05;tank_temp;"39;8";;"39;8"
2026-08-24 06:32:36;tidr;"23;0";;"23;0"
2026-08-24 06:32:39;in_water_temp;"14;3";;"14;3"
2026-08-24 06:33:18;pump_sta;;False;"0;0"
2026-08-24 06:33:18;flow_rate;"0;0";;"0;0"
2026-08-24 06:33:18;valve;;False;"0;0"
2026-08-24 06:34:39;disc_temp;"15;5";;"15;5"
2026-08-24 06:35:00;out_water_temp;"14;9";;"14;9"
2026-08-24 06:35:31;comp_freq;"0;0";;"0;0"
2026-08-24 06:35:31;amb_temp;"14;8";;"14;8"
2026-08-24 06:35:31;ac_curr;"0;0";;"0;0"
2026-08-24 06:36:05;tidr;"23;1";;"23;1"
2026-08-24 06:36:49;fault_flag;;False;"0;0"
2026-08-24 06:36:49;back_temp;"15;4";;"15;4"
2026-08-24 06:36:49;protect_flag;;False;"0;0"
2026-08-24 06:36:49;m_eev;"480;0";;"480;0"
2026-08-24 06:36:49;ac_fan;;close;
2026-08-24 06:36:49;freeze;;False;"0;0"
2026-08-24 06:36:49;dc_fan1;"0;0";;"0;0"
2026-08-24 06:36:49;defrost;;False;"0;0"
2026-08-24 06:36:49;dc_fan2;"0;0";;"0;0"
2026-08-24 06:37:07;a_eev;"10;0";;"10;0"
2026-08-24 06:37:07;tank_temp;"39;8";;"39;8"
2026-08-24 06:37:40;in_water_temp;"14;4";;"14;4"
2026-08-24 06:38:21;pump_sta;;False;"0;0"
2026-08-24 06:38:21;flow_rate;"0;0";;"0;0"
2026-08-24 06:38:21;valve;;False;"0;0"
2026-08-24 06:39:41;disc_temp;"15;5";;"15;5"
2026-08-24 06:40:00;out_water_temp;"15;0";;"15;0"
2026-08-24 06:40:32;comp_freq;"0;0";;"0;0"
2026-08-24 06:40:32;amb_temp;"15;0";;"15;0"
2026-08-24 06:40:32;ac_curr;"0;0";;"0;0"
2026-08-24 06:41:08;tidr;"23;1";;"23;1"
2026-08-24 06:41:55;fault_flag;;False;"0;0"
2026-08-24 06:41:55;back_temp;"15;4";;"15;4"
2026-08-24 06:41:55;protect_flag;;False;"0;0"
2026-08-24 06:41:55;m_eev;"480;0";;"480;0"
2026-08-24 06:41:55;ac_fan;;close;
2026-08-24 06:41:55;freeze;;False;"0;0"
2026-08-24 06:41:55;dc_fan1;"0;0";;"0;0"
2026-08-24 06:41:55;defrost;;False;"0;0"
2026-08-24 06:41:55;dc_fan2;"0;0";;"0;0"
2026-08-24 06:42:08;a_eev;"10;0";;"10;0"
2026-08-24 06:42:08;tank_temp;"39;8";;"39;8"
2026-08-24 06:42:41;in_water_temp;"14;4";;"14;4"
2026-08-24 06:43:21;pump_sta;;False;"0;0"
2026-08-24 06:43:21;flow_rate;"0;0";;"0;0"
2026-08-24 06:43:21;valve;;False;"0;0"
2026-08-24 06:44:41;disc_temp;"15;5";;"15;5"
2026-08-24 06:45:02;out_water_temp;"15;0";;"15;0"
2026-08-24 06:45:02;amb_temp;"15;5";;"15;5"
2026-08-24 06:45:33;comp_freq;"0;0";;"0;0"
2026-08-24 06:45:33;ac_curr;"0;0";;"0;0"
2026-08-24 06:46:09;tidr;"23;1";;"23;1"
2026-08-24 06:46:57;fault_flag;;False;"0;0"
2026-08-24 06:46:57;back_temp;"15;6";;"15;6"
2026-08-24 06:46:57;protect_flag;;False;"0;0"
2026-08-24 06:46:57;m_eev;"480;0";;"480;0"
2026-08-24 06:46:57;ac_fan;;close;
2026-08-24 06:46:57;freeze;;False;"0;0"
2026-08-24 06:46:57;dc_fan1;"0;0";;"0;0"
2026-08-24 06:46:57;defrost;;False;"0;0"
2026-08-24 06:46:57;dc_fan2;"0;0";;"0;0"
2026-08-24 06:47:09;a_eev;"10;0";;"10;0"
2026-08-24 06:47:09;tank_temp;"39;8";;"39;8"
2026-08-24 06:47:44;in_water_temp;"14;4";;"14;4"
2026-08-24 06:48:20;tidr;"23;2";;"23;2"
2026-08-24 06:48:24;pump_sta;;False;"0;0"
2026-08-24 06:48:24;flow_rate;"0;0";;"0;0"
2026-08-24 06:48:24;valve;;False;"0;0"
2026-08-24 06:48:54;amb_temp;"16;0";;"16;0"
2026-08-24 06:49:44;disc_temp;"15;5";;"15;5"
2026-08-24 06:50:05;out_water_temp;"15;0";;"15;0"
2026-08-24 06:50:33;comp_freq;"0;0";;"0;0"
2026-08-24 06:50:33;ac_curr;"0;0";;"0;0"
2026-08-24 06:51:01;tidr;"23;1";;"23;1"
2026-08-24 06:51:57;fault_flag;;False;"0;0"
2026-08-24 06:51:57;back_temp;"15;8";;"15;8"
2026-08-24 06:51:57;protect_flag;;False;"0;0"
2026-08-24 06:51:57;m_eev;"480;0";;"480;0"
2026-08-24 06:51:57;ac_fan;;close;
2026-08-24 06:51:57;freeze;;False;"0;0"
2026-08-24 06:51:57;dc_fan1;"0;0";;"0;0"
2026-08-24 06:51:57;defrost;;False;"0;0"
2026-08-24 06:51:57;dc_fan2;"0;0";;"0;0"
2026-08-24 06:52:10;a_eev;"10;0";;"10;0"
2026-08-24 06:52:10;tank_temp;"39;7";;"39;7"
2026-08-24 06:52:40;amb_temp;"16;5";;"16;5"
2026-08-24 06:52:46;in_water_temp;"14;5";;"14;5"
2026-08-24 06:53:24;pump_sta;;False;"0;0"
2026-08-24 06:53:24;flow_rate;"0;0";;"0;0"
2026-08-24 06:53:24;valve;;False;"0;0"
2026-08-24 06:53:57;tidr;"23;2";;"23;2"
2026-08-24 06:54:16;amb_temp;"17;0";;"17;0"
2026-08-24 06:54:44;tidr;"23;1";;"23;1"
2026-08-24 06:54:45;disc_temp;"15;7";;"15;7"
2026-08-24 06:55:06;out_water_temp;"15;1";;"15;1"
2026-08-24 06:55:18;amb_temp;"17;5";;"17;5"
2026-08-24 06:55:34;comp_freq;"0;0";;"0;0"
2026-08-24 06:55:34;ac_curr;"0;0";;"0;0"
2026-08-24 06:56:22;amb_temp;"18;0";;"18;0"
2026-08-24 06:57:04;fault_flag;;False;"0;0"
2026-08-24 06:57:04;back_temp;"16;0";;"16;0"
2026-08-24 06:57:04;protect_flag;;False;"0;0"
2026-08-24 06:57:04;m_eev;"480;0";;"480;0"
2026-08-24 06:57:04;ac_fan;;close;
2026-08-24 06:57:04;freeze;;False;"0;0"
2026-08-24 06:57:04;dc_fan1;"0;0";;"0;0"
2026-08-24 06:57:04;defrost;;False;"0;0"
2026-08-24 06:57:04;dc_fan2;"0;0";;"0;0"
2026-08-24 06:57:12;a_eev;"10;0";;"10;0"
2026-08-24 06:57:12;tank_temp;"39;7";;"39;7"
2026-08-24 06:57:43;amb_temp;"18;5";;"18;5"
2026-08-24 06:57:49;in_water_temp;"14;6";;"14;6"
2026-08-24 06:58:26;pump_sta;;False;"0;0"
2026-08-24 06:58:26;flow_rate;"0;0";;"0;0"
2026-08-24 06:58:26;valve;;False;"0;0"
2026-08-24 06:58:37;out_water_temp;"15;3";;"15;3"
2026-08-24 06:58:38;tidr;"23;2";;"23;2"
2026-08-24 06:58:49;tidr;"23;1";;"23;1"
2026-08-24 06:58:51;amb_temp;"19;0";;"19;0"
2026-08-24 06:59:46;disc_temp;"16;1";;"16;1"
2026-08-24 07:00:05;in_water_temp;"14;8";;"14;8"
2026-08-24 07:00:11;tidr;"23;2";;"23;2"
2026-08-24 07:00:36;comp_freq;"0;0";;"0;0"
2026-08-24 07:00:36;ac_curr;"0;0";;"0;0"
2026-08-24 07:00:49;amb_temp;"19;5";;"19;5"
2026-08-24 07:02:05;fault_flag;;False;"0;0"
2026-08-24 07:02:05;back_temp;"16;4";;"16;4"
2026-08-24 07:02:05;protect_flag;;False;"0;0"
2026-08-24 07:02:05;m_eev;"480;0";;"480;0"
2026-08-24 07:02:05;ac_fan;;close;
2026-08-24 07:02:05;freeze;;False;"0;0"
2026-08-24 07:02:05;dc_fan1;"0;0";;"0;0"
2026-08-24 07:02:05;defrost;;False;"0;0"
2026-08-24 07:02:05;dc_fan2;"0;0";;"0;0"
2026-08-24 07:02:15;a_eev;"10;0";;"10;0"
2026-08-24 07:02:15;tank_temp;"39;7";;"39;7"
2026-08-24 07:03:28;pump_sta;;False;"0;0"
2026-08-24 07:03:28;flow_rate;"0;0";;"0;0"
2026-08-24 07:03:28;valve;;False;"0;0"
2026-08-24 07:03:38;out_water_temp;"15;3";;"15;3"
2026-08-24 07:04:49;disc_temp;"16;3";;"16;3"
2026-08-24 07:05:12;tidr;"23;2";;"23;2"
2026-08-24 07:05:12;in_water_temp;"15;0";;"15;0"
2026-08-24 07:05:14;amb_temp;"20;0";;"20;0"
2026-08-24 07:05:39;comp_freq;"0;0";;"0;0"
2026-08-24 07:05:39;ac_curr;"0;0";;"0;0"
2026-08-24 07:06:41;back_temp;"16;9";;"16;9"
2026-08-24 07:07:06;fault_flag;;False;"0;0"
2026-08-24 07:07:06;protect_flag;;False;"0;0"
2026-08-24 07:07:06;m_eev;"480;0";;"480;0"
2026-08-24 07:07:06;ac_fan;;close;
2026-08-24 07:07:06;freeze;;False;"0;0"
2026-08-24 07:07:06;dc_fan1;"0;0";;"0;0"
2026-08-24 07:07:06;defrost;;False;"0;0"
2026-08-24 07:07:06;dc_fan2;"0;0";;"0;0"
2026-08-24 07:07:17;a_eev;"10;0";;"10;0"
2026-08-24 07:07:17;tank_temp;"39;7";;"39;7"
2026-08-24 07:07:27;amb_temp;"19;5";;"19;5"
2026-08-24 07:08:29;pump_sta;;False;"0;0"
2026-08-24 07:08:29;flow_rate;"0;0";;"0;0"
2026-08-24 07:08:29;valve;;False;"0;0"
2026-08-24 07:08:41;out_water_temp;"15;5";;"15;5"
2026-08-24 07:08:45;in_water_temp;"15;3";;"15;3"
2026-08-24 07:09:03;amb_temp;"20;0";;"20;0"
2026-08-24 07:09:50;disc_temp;"16;6";;"16;6"
2026-08-24 07:10:14;tidr;"23;2";;"23;2"
2026-08-24 07:10:14;amb_temp;"20;6";;"20;6"
2026-08-24 07:10:41;comp_freq;"0;0";;"0;0"
2026-08-24 07:10:41;ac_curr;"0;0";;"0;0"
2026-08-24 07:11:23;back_temp;"17;4";;"17;4"
2026-08-24 07:12:08;fault_flag;;False;"0;0"
2026-08-24 07:12:08;protect_flag;;False;"0;0"
2026-08-24 07:12:08;m_eev;"480;0";;"480;0"
2026-08-24 07:12:08;ac_fan;;close;
2026-08-24 07:12:08;freeze;;False;"0;0"
2026-08-24 07:12:08;dc_fan1;"0;0";;"0;0"
2026-08-24 07:12:08;defrost;;False;"0;0"
2026-08-24 07:12:08;dc_fan2;"0;0";;"0;0"
2026-08-24 07:12:18;a_eev;"10;0";;"10;0"
2026-08-24 07:12:18;tank_temp;"39;7";;"39;7"
2026-08-24 07:13:20;in_water_temp;"15;6";;"15;6"
2026-08-24 07:13:30;pump_sta;;False;"0;0"
2026-08-24 07:13:30;flow_rate;"0;0";;"0;0"
2026-08-24 07:13:30;valve;;False;"0;0"
2026-08-24 07:13:45;out_water_temp;"15;7";;"15;7"
2026-08-24 07:14:52;disc_temp;"17;0";;"17;0"
2026-08-24 07:15:16;tidr;"23;2";;"23;2"
2026-08-24 07:15:16;amb_temp;"21;0";;"21;0"
2026-08-24 07:15:47;comp_freq;"0;0";;"0;0"
2026-08-24 07:15:47;ac_curr;"0;0";;"0;0"
2026-08-24 07:15:56;in_water_temp;"15;8";;"15;8"
2026-08-24 07:16:24;back_temp;"17;8";;"17;8"
2026-08-24 07:17:11;fault_flag;;False;"0;0"
2026-08-24 07:17:11;protect_flag;;False;"0;0"
2026-08-24 07:17:11;m_eev;"480;0";;"480;0"
2026-08-24 07:17:11;ac_fan;;close;
2026-08-24 07:17:11;freeze;;False;"0;0"
2026-08-24 07:17:11;dc_fan1;"0;0";;"0;0"
2026-08-24 07:17:11;defrost;;False;"0;0"
2026-08-24 07:17:11;dc_fan2;"0;0";;"0;0"
2026-08-24 07:17:20;a_eev;"10;0";;"10;0"
2026-08-24 07:17:20;tank_temp;"39;7";;"39;7"
2026-08-24 07:17:33;amb_temp;"20;5";;"20;5"
2026-08-24 07:18:21;out_water_temp;"15;9";;"15;9"
2026-08-24 07:18:32;pump_sta;;False;"0;0"
2026-08-24 07:18:32;flow_rate;"0;0";;"0;0"
2026-08-24 07:18:32;valve;;False;"0;0"
2026-08-24 07:19:51;tidr;"23;3";;"23;3"
2026-08-24 07:19:54;disc_temp;"17;2";;"17;2"
2026-08-24 07:20:42;tidr;"23;2";;"23;2"
2026-08-24 07:20:50;back_temp;"18;3";;"18;3"
2026-08-24 07:20:50;comp_freq;"0;0";;"0;0"
2026-08-24 07:20:50;ac_curr;"0;0";;"0;0"
2026-08-24 07:20:57;in_water_temp;"16;0";;"16;0"
2026-08-24 07:22:04;tidr;"23;3";;"23;3"
2026-08-24 07:22:13;fault_flag;;False;"0;0"
2026-08-24 07:22:13;protect_flag;;False;"0;0"
2026-08-24 07:22:13;m_eev;"480;0";;"480;0"
2026-08-24 07:22:13;ac_fan;;close;
2026-08-24 07:22:13;freeze;;False;"0;0"
2026-08-24 07:22:13;dc_fan1;"0;0";;"0;0"
2026-08-24 07:22:13;defrost;;False;"0;0"
2026-08-24 07:22:13;dc_fan2;"0;0";;"0;0"
2026-08-24 07:22:21;a_eev;"10;0";;"10;0"
2026-08-24 07:22:21;tank_temp;"39;7";;"39;7"
2026-08-24 07:22:35;amb_temp;"20;3";;"20;3"
2026-08-24 07:22:53;out_water_temp;"16;1";;"16;1"
2026-08-24 07:23:32;pump_sta;;False;"0;0"
2026-08-24 07:23:32;flow_rate;"0;0";;"0;0"
2026-08-24 07:23:32;valve;;False;"0;0"
2026-08-24 07:24:57;disc_temp;"17;4";;"17;4"
2026-08-24 07:25:01;amb_temp;"19;8";;"19;8"
2026-08-24 07:25:53;back_temp;"18;5";;"18;5"
2026-08-24 07:25:53;comp_freq;"0;0";;"0;0"
2026-08-24 07:25:53;ac_curr;"0;0";;"0;0"
2026-08-24 07:25:59;in_water_temp;"16;1";;"16;1"
2026-08-24 07:27:09;tidr;"23;3";;"23;3"
2026-08-24 07:27:14;fault_flag;;False;"0;0"
2026-08-24 07:27:14;protect_flag;;False;"0;0"
2026-08-24 07:27:14;m_eev;"480;0";;"480;0"
2026-08-24 07:27:14;ac_fan;;close;
2026-08-24 07:27:14;freeze;;False;"0;0"
2026-08-24 07:27:14;dc_fan1;"0;0";;"0;0"
2026-08-24 07:27:14;defrost;;False;"0;0"
2026-08-24 07:27:14;dc_fan2;"0;0";;"0;0"
2026-08-24 07:27:23;a_eev;"10;0";;"10;0"
2026-08-24 07:27:23;tank_temp;"39;7";;"39;7"
2026-08-24 07:27:54;out_water_temp;"16;2";;"16;2"
2026-08-24 07:28:34;pump_sta;;False;"0;0"
2026-08-24 07:28:34;flow_rate;"0;0";;"0;0"
2026-08-24 07:28:34;valve;;False;"0;0"
2026-08-24 07:29:54;amb_temp;"19;3";;"19;3"
2026-08-24 07:29:58;disc_temp;"17;6";;"17;6"
2026-08-24 07:30:40;tidr;"23;2";;"23;2"
2026-08-24 07:30:53;back_temp;"18;7";;"18;7"
2026-08-24 07:30:53;comp_freq;"0;0";;"0;0"
2026-08-24 07:30:53;ac_curr;"0;0";;"0;0"
2026-08-24 07:31:02;in_water_temp;"16;2";;"16;2"
2026-08-24 07:32:10;tidr;"23;3";;"23;3"
2026-08-24 07:32:11;amb_temp;"18;8";;"18;8"
2026-08-24 07:32:16;fault_flag;;False;"0;0"
2026-08-24 07:32:16;protect_flag;;False;"0;0"
2026-08-24 07:32:16;m_eev;"480;0";;"480;0"
2026-08-24 07:32:16;ac_fan;;close;
2026-08-24 07:32:16;freeze;;False;"0;0"
2026-08-24 07:32:16;dc_fan1;"0;0";;"0;0"
2026-08-24 07:32:16;defrost;;False;"0;0"
2026-08-24 07:32:16;dc_fan2;"0;0";;"0;0"
2026-08-24 07:32:25;a_eev;"10;0";;"10;0"
2026-08-24 07:32:25;tank_temp;"39;7";;"39;7"
2026-08-24 07:32:56;out_water_temp;"16;3";;"16;3"
2026-08-24 07:33:21;tidr;"23;2";;"23;2"
2026-08-24 07:33:34;pump_sta;;False;"0;0"
2026-08-24 07:33:34;flow_rate;"0;0";;"0;0"
2026-08-24 07:33:34;valve;;False;"0;0"
2026-08-24 07:34:41;tidr;"23;3";;"23;3"
2026-08-24 07:34:45;amb_temp;"18;3";;"18;3"
2026-08-24 07:35:00;disc_temp;"17;8";;"17;8"
2026-08-24 07:35:57;back_temp;"18;8";;"18;8"
2026-08-24 07:35:57;comp_freq;"0;0";;"0;0"
2026-08-24 07:35:57;ac_curr;"0;0";;"0;0"
2026-08-24 07:36:08;in_water_temp;"16;2";;"16;2"
2026-08-24 07:37:22;fault_flag;;False;"0;0"
2026-08-24 07:37:22;protect_flag;;False;"0;0"
2026-08-24 07:37:22;m_eev;"480;0";;"480;0"
2026-08-24 07:37:22;ac_fan;;close;
2026-08-24 07:37:22;freeze;;False;"0;0"
2026-08-24 07:37:22;dc_fan1;"0;0";;"0;0"
2026-08-24 07:37:22;defrost;;False;"0;0"
2026-08-24 07:37:22;dc_fan2;"0;0";;"0;0"
2026-08-24 07:37:28;a_eev;"10;0";;"10;0"
2026-08-24 07:37:28;tank_temp;"39;7";;"39;7"
2026-08-24 07:37:56;out_water_temp;"16;4";;"16;4"
2026-08-24 07:38:36;pump_sta;;False;"0;0"
2026-08-24 07:38:36;flow_rate;"0;0";;"0;0"
2026-08-24 07:38:36;valve;;False;"0;0"
2026-08-24 07:39:41;tidr;"23;3";;"23;3"
2026-08-24 07:39:45;amb_temp;"18;3";;"18;3"
2026-08-24 07:40:04;disc_temp;"17;6";;"17;6"
2026-08-24 07:40:58;back_temp;"18;8";;"18;8"
2026-08-24 07:40:58;comp_freq;"0;0";;"0;0"
2026-08-24 07:40:58;ac_curr;"0;0";;"0;0"
2026-08-24 07:41:09;in_water_temp;"16;1";;"16;1"
2026-08-24 07:42:24;fault_flag;;False;"0;0"
2026-08-24 07:42:24;protect_flag;;False;"0;0"
2026-08-24 07:42:24;m_eev;"480;0";;"480;0"
2026-08-24 07:42:24;ac_fan;;close;
2026-08-24 07:42:24;freeze;;False;"0;0"
2026-08-24 07:42:24;dc_fan1;"0;0";;"0;0"
2026-08-24 07:42:24;defrost;;False;"0;0"
2026-08-24 07:42:24;dc_fan2;"0;0";;"0;0"
2026-08-24 07:42:29;a_eev;"10;0";;"10;0"
2026-08-24 07:42:29;tank_temp;"39;5";;"39;5"
2026-08-24 07:42:57;out_water_temp;"16;5";;"16;5"
2026-08-24 07:43:37;pump_sta;;False;"0;0"
2026-08-24 07:43:37;flow_rate;"0;0";;"0;0"
2026-08-24 07:43:37;valve;;False;"0;0"
2026-08-24 07:43:54;amb_temp;"17;8";;"17;8"
2026-08-24 07:44:42;tidr;"23;3";;"23;3"
2026-08-24 07:45:05;disc_temp;"17;8";;"17;8"
2026-08-24 07:46:01;back_temp;"18;8";;"18;8"
2026-08-24 07:46:01;comp_freq;"0;0";;"0;0"
2026-08-24 07:46:01;ac_curr;"0;0";;"0;0"
2026-08-24 07:46:10;in_water_temp;"16;1";;"16;1"
2026-08-24 07:47:25;fault_flag;;False;"0;0"
2026-08-24 07:47:25;protect_flag;;False;"0;0"
2026-08-24 07:47:25;m_eev;"480;0";;"480;0"
2026-08-24 07:47:25;ac_fan;;close;
2026-08-24 07:47:25;freeze;;False;"0;0"
2026-08-24 07:47:25;dc_fan1;"0;0";;"0;0"
2026-08-24 07:47:25;defrost;;False;"0;0"
2026-08-24 07:47:25;dc_fan2;"0;0";;"0;0"
2026-08-24 07:47:31;a_eev;"10;0";;"10;0"
2026-08-24 07:47:31;tank_temp;"39;7";;"39;7"
2026-08-24 07:47:58;out_water_temp;"16;5";;"16;5"
2026-08-24 07:48:39;pump_sta;;False;"0;0"
2026-08-24 07:48:39;flow_rate;"0;0";;"0;0"
2026-08-24 07:48:39;valve;;False;"0;0"
2026-08-24 07:48:57;amb_temp;"18;0";;"18;0"
2026-08-24 07:49:45;tidr;"23;3";;"23;3"
2026-08-24 07:50:05;disc_temp;"17;8";;"17;8"
2026-08-24 07:51:04;back_temp;"18;7";;"18;7"
2026-08-24 07:51:04;comp_freq;"0;0";;"0;0"
2026-08-24 07:51:04;ac_curr;"0;0";;"0;0"
2026-08-24 07:51:16;in_water_temp;"16;1";;"16;1"
2026-08-24 07:52:27;fault_flag;;False;"0;0"
2026-08-24 07:52:27;protect_flag;;False;"0;0"
2026-08-24 07:52:27;m_eev;"480;0";;"480;0"
2026-08-24 07:52:27;ac_fan;;close;
2026-08-24 07:52:27;freeze;;False;"0;0"
2026-08-24 07:52:27;dc_fan1;"0;0";;"0;0"
2026-08-24 07:52:27;defrost;;False;"0;0"
2026-08-24 07:52:27;dc_fan2;"0;0";;"0;0"
2026-08-24 07:52:33;a_eev;"10;0";;"10;0"
2026-08-24 07:52:33;tank_temp;"39;7";;"39;7"
2026-08-24 07:53:01;out_water_temp;"16;5";;"16;5"
2026-08-24 07:53:41;pump_sta;;False;"0;0"
2026-08-24 07:53:41;flow_rate;"0;0";;"0;0"
2026-08-24 07:53:41;valve;;False;"0;0"
2026-08-24 07:53:58;amb_temp;"18;1";;"18;1"
2026-08-24 07:54:46;tidr;"23;3";;"23;3"
2026-08-24 07:55:06;disc_temp;"17;8";;"17;8"
2026-08-24 07:56:05;back_temp;"18;6";;"18;6"
2026-08-24 07:56:05;comp_freq;"0;0";;"0;0"
2026-08-24 07:56:05;ac_curr;"0;0";;"0;0"
2026-08-24 07:56:16;in_water_temp;"16;1";;"16;1"
2026-08-24 07:57:33;fault_flag;;False;"0;0"
2026-08-24 07:57:33;protect_flag;;False;"0;0"
2026-08-24 07:57:33;m_eev;"480;0";;"480;0"
2026-08-24 07:57:33;ac_fan;;close;
2026-08-24 07:57:33;freeze;;False;"0;0"
2026-08-24 07:57:33;dc_fan1;"0;0";;"0;0"
2026-08-24 07:57:33;defrost;;False;"0;0"
2026-08-24 07:57:33;dc_fan2;"0;0";;"0;0"
2026-08-24 07:57:34;a_eev;"10;0";;"10;0"
2026-08-24 07:57:34;tank_temp;"39;5";;"39;5"
2026-08-24 07:58:04;out_water_temp;"16;6";;"16;6"
2026-08-24 07:58:41;pump_sta;;False;"0;0"
2026-08-24 07:58:41;flow_rate;"0;0";;"0;0"
2026-08-24 07:58:41;valve;;False;"0;0"
2026-08-24 07:59:01;amb_temp;"18;3";;"18;3"
2026-08-24 07:59:09;tidr;"23;4";;"23;4"
2026-08-24 08:00:08;disc_temp;"17;8";;"17;8"
2026-08-24 08:01:07;back_temp;"18;6";;"18;6"
2026-08-24 08:01:07;comp_freq;"0;0";;"0;0"
2026-08-24 08:01:07;ac_curr;"0;0";;"0;0"
2026-08-24 08:01:19;in_water_temp;"16;2";;"16;2"
2026-08-24 08:02:34;fault_flag;;False;"0;0"
2026-08-24 08:02:34;protect_flag;;False;"0;0"
2026-08-24 08:02:34;m_eev;"480;0";;"480;0"
2026-08-24 08:02:34;ac_fan;;close;
2026-08-24 08:02:34;freeze;;False;"0;0"
2026-08-24 08:02:34;dc_fan1;"0;0";;"0;0"
2026-08-24 08:02:34;defrost;;False;"0;0"
2026-08-24 08:02:34;dc_fan2;"0;0";;"0;0"
2026-08-24 08:02:37;a_eev;"10;0";;"10;0"
2026-08-24 08:02:37;tank_temp;"39;5";;"39;5"
2026-08-24 08:03:05;out_water_temp;"16;7";;"16;7"
2026-08-24 08:03:42;pump_sta;;False;"0;0"
2026-08-24 08:03:42;flow_rate;"0;0";;"0;0"
2026-08-24 08:03:42;valve;;False;"0;0"
2026-08-24 08:04:02;amb_temp;"18;3";;"18;3"
2026-08-24 08:04:10;tidr;"23;4";;"23;4"
2026-08-24 08:05:10;disc_temp;"17;8";;"17;8"
2026-08-24 08:06:09;back_temp;"18;5";;"18;5"
2026-08-24 08:06:09;comp_freq;"0;0";;"0;0"
2026-08-24 08:06:09;ac_curr;"0;0";;"0;0"
2026-08-24 08:06:21;in_water_temp;"16;1";;"16;1"
2026-08-24 08:07:36;fault_flag;;False;"0;0"
2026-08-24 08:07:36;protect_flag;;False;"0;0"
2026-08-24 08:07:36;m_eev;"480;0";;"480;0"
2026-08-24 08:07:36;ac_fan;;close;
2026-08-24 08:07:36;freeze;;False;"0;0"
2026-08-24 08:07:36;dc_fan1;"0;0";;"0;0"
2026-08-24 08:07:36;defrost;;False;"0;0"
2026-08-24 08:07:36;dc_fan2;"0;0";;"0;0"
2026-08-24 08:07:38;a_eev;"10;0";;"10;0"
2026-08-24 08:07:38;tank_temp;"39;5";;"39;5"
2026-08-24 08:08:07;out_water_temp;"16;7";;"16;7"
2026-08-24 08:08:44;pump_sta;;False;"0;0"
2026-08-24 08:08:44;flow_rate;"0;0";;"0;0"
2026-08-24 08:08:44;valve;;False;"0;0"
2026-08-24 08:09:05;amb_temp;"18;4";;"18;4"
2026-08-24 08:09:15;tidr;"23;4";;"23;4"
2026-08-24 08:10:13;disc_temp;"17;8";;"17;8"
2026-08-24 08:11:09;back_temp;"18;5";;"18;5"
2026-08-24 08:11:09;comp_freq;"0;0";;"0;0"
2026-08-24 08:11:09;ac_curr;"0;0";;"0;0"
2026-08-24 08:11:21;in_water_temp;"16;2";;"16;2"
2026-08-24 08:12:37;fault_flag;;False;"0;0"
2026-08-24 08:12:37;protect_flag;;False;"0;0"
2026-08-24 08:12:37;m_eev;"480;0";;"480;0"
2026-08-24 08:12:37;ac_fan;;close;
2026-08-24 08:12:37;freeze;;False;"0;0"
2026-08-24 08:12:37;dc_fan1;"0;0";;"0;0"
2026-08-24 08:12:37;defrost;;False;"0;0"
2026-08-24 08:12:37;dc_fan2;"0;0";;"0;0"
2026-08-24 08:12:38;a_eev;"10;0";;"10;0"
2026-08-24 08:12:38;tank_temp;"39;7";;"39;7"
2026-08-24 08:13:09;out_water_temp;"16;8";;"16;8"
2026-08-24 08:13:46;pump_sta;;False;"0;0"
2026-08-24 08:13:46;flow_rate;"0;0";;"0;0"
2026-08-24 08:13:46;valve;;False;"0;0"
2026-08-24 08:14:06;amb_temp;"18;4";;"18;4"
2026-08-24 08:14:20;tidr;"23;4";;"23;4"
2026-08-24 08:15:13;disc_temp;"17;8";;"17;8"
2026-08-24 08:15:17;tank_temp;"39;4";;"39;4"
2026-08-24 08:15:25;tank_temp;"39;7";;"39;7"
2026-08-24 08:16:09;back_temp;"18;5";;"18;5"
2026-08-24 08:16:09;comp_freq;"0;0";;"0;0"
2026-08-24 08:16:09;ac_curr;"0;0";;"0;0"
2026-08-24 08:16:09;tank_temp;"39;4";;"39;4"
2026-08-24 08:16:24;in_water_temp;"16;2";;"16;2"
2026-08-24 08:16:48;tank_temp;"39;7";;"39;7"
2026-08-24 08:17:39;fault_flag;;False;"0;0"
2026-08-24 08:17:39;protect_flag;;False;"0;0"
2026-08-24 08:17:39;m_eev;"480;0";;"480;0"
2026-08-24 08:17:39;a_eev;"10;0";;"10;0"
2026-08-24 08:17:39;ac_fan;;close;
2026-08-24 08:17:39;freeze;;False;"0;0"
2026-08-24 08:17:39;dc_fan1;"0;0";;"0;0"
2026-08-24 08:17:39;defrost;;False;"0;0"
2026-08-24 08:17:39;dc_fan2;"0;0";;"0;0"
2026-08-24 08:18:09;out_water_temp;"16;8";;"16;8"
2026-08-24 08:18:49;pump_sta;;False;"0;0"
2026-08-24 08:18:49;flow_rate;"0;0";;"0;0"
2026-08-24 08:18:49;valve;;False;"0;0"
2026-08-24 08:19:08;amb_temp;"18;8";;"18;8"
2026-08-24 08:19:20;tidr;"23;4";;"23;4"
2026-08-24 08:20:14;disc_temp;"17;8";;"17;8"
2026-08-24 08:20:32;tank_temp;"39;4";;"39;4"
2026-08-24 08:21:10;back_temp;"18;5";;"18;5"
2026-08-24 08:21:10;comp_freq;"0;0";;"0;0"
2026-08-24 08:21:10;ac_curr;"0;0";;"0;0"
2026-08-24 08:21:32;in_water_temp;"16;3";;"16;3"
2026-08-24 08:21:48;tank_temp;"39;0";;"39;0"
2026-08-24 08:22:33;tank_temp;"38;6";;"38;6"
2026-08-24 08:22:41;fault_flag;;False;"0;0"
2026-08-24 08:22:41;protect_flag;;False;"0;0"
2026-08-24 08:22:41;m_eev;"480;0";;"480;0"
2026-08-24 08:22:41;a_eev;"10;0";;"10;0"
2026-08-24 08:22:41;ac_fan;;close;
2026-08-24 08:22:41;freeze;;False;"0;0"
2026-08-24 08:22:41;dc_fan1;"0;0";;"0;0"
2026-08-24 08:22:41;defrost;;False;"0;0"
2026-08-24 08:22:41;dc_fan2;"0;0";;"0;0"
2026-08-24 08:22:50;amb_temp;"19;3";;"19;3"
2026-08-24 08:23:12;out_water_temp;"16;9";;"16;9"
2026-08-24 08:23:16;tank_temp;"38;2";;"38;2"
2026-08-24 08:23:49;tank_temp;"37;8";;"37;8"
2026-08-24 08:23:50;pump_sta;;False;"0;0"
2026-08-24 08:23:50;flow_rate;"0;0";;"0;0"
2026-08-24 08:23:50;valve;;False;"0;0"
2026-08-24 08:24:21;tidr;"23;4";;"23;4"
2026-08-24 08:24:57;tank_temp;"37;4";;"37;4"
2026-08-24 08:25:16;disc_temp;"18;1";;"18;1"
2026-08-24 08:26:11;back_temp;"18;6";;"18;6"
2026-08-24 08:26:11;comp_freq;"0;0";;"0;0"
2026-08-24 08:26:11;ac_curr;"0;0";;"0;0"
2026-08-24 08:26:32;in_water_temp;"16;4";;"16;4"
2026-08-24 08:27:47;fault_flag;;False;"0;0"
2026-08-24 08:27:47;protect_flag;;False;"0;0"
2026-08-24 08:27:47;m_eev;"480;0";;"480;0"
2026-08-24 08:27:47;a_eev;"10;0";;"10;0"
2026-08-24 08:27:47;ac_fan;;close;
2026-08-24 08:27:47;freeze;;False;"0;0"
2026-08-24 08:27:47;dc_fan1;"0;0";;"0;0"
2026-08-24 08:27:47;defrost;;False;"0;0"
2026-08-24 08:27:47;dc_fan2;"0;0";;"0;0"
2026-08-24 08:27:53;amb_temp;"19;6";;"19;6"
2026-08-24 08:28:15;out_water_temp;"17;0";;"17;0"
2026-08-24 08:28:52;pump_sta;;False;"0;0"
2026-08-24 08:28:52;flow_rate;"0;0";;"0;0"
2026-08-24 08:28:52;valve;;False;"0;0"
2026-08-24 08:29:23;tidr;"23;4";;"23;4"
2026-08-24 08:29:57;tank_temp;"37;3";;"37;3"
2026-08-24 08:30:18;disc_temp;"18;1";;"18;1"
2026-08-24 08:31:12;back_temp;"18;7";;"18;7"
2026-08-24 08:31:12;comp_freq;"0;0";;"0;0"
2026-08-24 08:31:12;ac_curr;"0;0";;"0;0"
2026-08-24 08:31:33;in_water_temp;"16;4";;"16;4"
2026-08-24 08:32:52;fault_flag;;False;"0;0"
2026-08-24 08:32:52;protect_flag;;False;"0;0"
2026-08-24 08:32:52;m_eev;"480;0";;"480;0"
2026-08-24 08:32:52;a_eev;"10;0";;"10;0"
2026-08-24 08:32:52;ac_fan;;close;
2026-08-24 08:32:52;freeze;;False;"0;0"
2026-08-24 08:32:52;dc_fan1;"0;0";;"0;0"
2026-08-24 08:32:52;defrost;;False;"0;0"
2026-08-24 08:32:52;dc_fan2;"0;0";;"0;0"
2026-08-24 08:32:54;amb_temp;"19;8";;"19;8"
2026-08-24 08:33:17;out_water_temp;"17;1";;"17;1"
2026-08-24 08:33:53;pump_sta;;False;"0;0"
2026-08-24 08:33:53;flow_rate;"0;0";;"0;0"
2026-08-24 08:33:53;valve;;False;"0;0"
2026-08-24 08:34:25;tidr;"23;4";;"23;4"
2026-08-24 08:34:57;tank_temp;"37;2";;"37;2"
2026-08-24 08:35:21;disc_temp;"18;1";;"18;1"
2026-08-24 08:36:13;back_temp;"18;8";;"18;8"
2026-08-24 08:36:13;comp_freq;"0;0";;"0;0"
2026-08-24 08:36:13;ac_curr;"0;0";;"0;0"
2026-08-24 08:36:34;in_water_temp;"16;5";;"16;5"
2026-08-24 08:37:53;fault_flag;;False;"0;0"
2026-08-24 08:37:53;protect_flag;;False;"0;0"
2026-08-24 08:37:53;m_eev;"480;0";;"480;0"
2026-08-24 08:37:53;a_eev;"10;0";;"10;0"
2026-08-24 08:37:53;ac_fan;;close;
2026-08-24 08:37:53;freeze;;False;"0;0"
2026-08-24 08:37:53;dc_fan1;"0;0";;"0;0"
2026-08-24 08:37:53;defrost;;False;"0;0"
2026-08-24 08:37:53;dc_fan2;"0;0";;"0;0"
2026-08-24 08:37:57;amb_temp;"19;6";;"19;6"
2026-08-24 08:38:17;out_water_temp;"17;2";;"17;2"
2026-08-24 08:38:54;pump_sta;;False;"0;0"
2026-08-24 08:38:54;flow_rate;"0;0";;"0;0"
2026-08-24 08:38:54;valve;;False;"0;0"
2026-08-24 08:39:26;tidr;"23;4";;"23;4"
2026-08-24 08:39:58;tank_temp;"37;2";;"37;2"
2026-08-24 08:40:22;disc_temp;"18;3";;"18;3"
2026-08-24 08:41:16;back_temp;"18;8";;"18;8"
2026-08-24 08:41:16;comp_freq;"0;0";;"0;0"
2026-08-24 08:41:16;ac_curr;"0;0";;"0;0"
2026-08-24 08:41:35;in_water_temp;"16;6";;"16;6"
2026-08-24 08:42:58;fault_flag;;False;"0;0"
2026-08-24 08:42:58;protect_flag;;False;"0;0"
2026-08-24 08:42:58;m_eev;"480;0";;"480;0"
2026-08-24 08:42:58;a_eev;"10;0";;"10;0"
2026-08-24 08:42:58;ac_fan;;close;
2026-08-24 08:42:58;freeze;;False;"0;0"
2026-08-24 08:42:58;dc_fan1;"0;0";;"0;0"
2026-08-24 08:42:58;defrost;;False;"0;0"
2026-08-24 08:42:58;dc_fan2;"0;0";;"0;0"
2026-08-24 08:42:58;amb_temp;"19;7";;"19;7"
2026-08-24 08:43:18;out_water_temp;"17;3";;"17;3"
2026-08-24 08:44:05;pump_sta;;False;"0;0"
2026-08-24 08:44:05;flow_rate;"0;0";;"0;0"
2026-08-24 08:44:05;valve;;False;"0;0"
2026-08-24 08:44:28;tidr;"23;4";;"23;4"
2026-08-24 08:44:59;tank_temp;"37;2";;"37;2"
2026-08-24 08:45:24;disc_temp;"18;3";;"18;3"
2026-08-24 08:46:17;back_temp;"18;8";;"18;8"
2026-08-24 08:46:17;comp_freq;"0;0";;"0;0"
2026-08-24 08:46:17;ac_curr;"0;0";;"0;0"
2026-08-24 08:46:36;in_water_temp;"16;6";;"16;6"
2026-08-24 08:47:59;fault_flag;;False;"0;0"
2026-08-24 08:47:59;protect_flag;;False;"0;0"
2026-08-24 08:47:59;m_eev;"480;0";;"480;0"
2026-08-24 08:47:59;a_eev;"10;0";;"10;0"
2026-08-24 08:47:59;ac_fan;;close;
2026-08-24 08:47:59;freeze;;False;"0;0"
2026-08-24 08:47:59;dc_fan1;"0;0";;"0;0"
2026-08-24 08:47:59;defrost;;False;"0;0"
2026-08-24 08:47:59;dc_fan2;"0;0";;"0;0"
2026-08-24 08:47:59;amb_temp;"19;8";;"19;8"
2026-08-24 08:48:23;out_water_temp;"17;3";;"17;3"
2026-08-24 08:49:06;pump_sta;;False;"0;0"
2026-08-24 08:49:06;flow_rate;"0;0";;"0;0"
2026-08-24 08:49:06;valve;;False;"0;0"
2026-08-24 08:49:29;tidr;"23;4";;"23;4"
2026-08-24 08:49:59;tank_temp;"37;2";;"37;2"
2026-08-24 08:50:26;disc_temp;"18;3";;"18;3"
2026-08-24 08:51:19;back_temp;"18;9";;"18;9"
2026-08-24 08:51:19;comp_freq;"0;0";;"0;0"
2026-08-24 08:51:19;ac_curr;"0;0";;"0;0"
2026-08-24 08:51:37;in_water_temp;"16;7";;"16;7"
2026-08-24 08:53:01;fault_flag;;False;"0;0"
2026-08-24 08:53:01;protect_flag;;False;"0;0"
2026-08-24 08:53:01;m_eev;"480;0";;"480;0"
2026-08-24 08:53:01;a_eev;"10;0";;"10;0"
2026-08-24 08:53:01;ac_fan;;close;
2026-08-24 08:53:01;freeze;;False;"0;0"
2026-08-24 08:53:01;dc_fan1;"0;0";;"0;0"
2026-08-24 08:53:01;defrost;;False;"0;0"
2026-08-24 08:53:01;dc_fan2;"0;0";;"0;0"
2026-08-24 08:53:01;amb_temp;"20;1";;"20;1"
2026-08-24 08:53:25;out_water_temp;"17;4";;"17;4"
2026-08-24 08:54:09;pump_sta;;False;"0;0"
2026-08-24 08:54:09;flow_rate;"0;0";;"0;0"
2026-08-24 08:54:09;valve;;False;"0;0"
2026-08-24 08:54:37;tidr;"23;4";;"23;4"
2026-08-24 08:55:01;tank_temp;"37;2";;"37;2"
2026-08-24 08:55:37;disc_temp;"18;3";;"18;3"
2026-08-24 08:56:22;back_temp;"19;0";;"19;0"
2026-08-24 08:56:22;comp_freq;"0;0";;"0;0"
2026-08-24 08:56:22;ac_curr;"0;0";;"0;0"
2026-08-24 08:56:37;in_water_temp;"16;8";;"16;8"
2026-08-24 08:58:01;fault_flag;;False;"0;0"
2026-08-24 08:58:01;protect_flag;;False;"0;0"
2026-08-24 08:58:01;m_eev;"480;0";;"480;0"
2026-08-24 08:58:01;a_eev;"10;0";;"10;0"
2026-08-24 08:58:01;ac_fan;;close;
2026-08-24 08:58:01;freeze;;False;"0;0"
2026-08-24 08:58:01;dc_fan1;"0;0";;"0;0"
2026-08-24 08:58:01;defrost;;False;"0;0"
2026-08-24 08:58:01;dc_fan2;"0;0";;"0;0"
2026-08-24 08:58:01;amb_temp;"19;8";;"19;8"
2026-08-24 08:58:26;out_water_temp;"17;5";;"17;5"
2026-08-24 08:59:09;pump_sta;;False;"0;0"
2026-08-24 08:59:09;flow_rate;"0;0";;"0;0"
2026-08-24 08:59:09;valve;;False;"0;0"
2026-08-24 08:59:37;tidr;"23;4";;"23;4"
2026-08-24 09:00:02;tank_temp;"37;0";;"37;0"
2026-08-24 09:00:38;disc_temp;"18;5";;"18;5"
2026-08-24 09:01:22;back_temp;"19;1";;"19;1"
2026-08-24 09:01:22;comp_freq;"0;0";;"0;0"
2026-08-24 09:01:22;ac_curr;"0;0";;"0;0"
2026-08-24 09:01:40;in_water_temp;"16;9";;"16;9"
2026-08-24 09:03:01;fault_flag;;False;"0;0"
2026-08-24 09:03:01;protect_flag;;False;"0;0"
2026-08-24 09:03:01;m_eev;"480;0";;"480;0"
2026-08-24 09:03:01;a_eev;"10;0";;"10;0"
2026-08-24 09:03:01;ac_fan;;close;
2026-08-24 09:03:01;freeze;;False;"0;0"
2026-08-24 09:03:01;dc_fan1;"0;0";;"0;0"
2026-08-24 09:03:01;defrost;;False;"0;0"
2026-08-24 09:03:01;dc_fan2;"0;0";;"0;0"
2026-08-24 09:03:01;amb_temp;"19;9";;"19;9"
2026-08-24 09:03:28;out_water_temp;"17;6";;"17;6"
2026-08-24 09:04:11;pump_sta;;False;"0;0"
2026-08-24 09:04:11;flow_rate;"0;0";;"0;0"
2026-08-24 09:04:11;valve;;False;"0;0"
2026-08-24 09:04:37;tidr;"23;4";;"23;4"
2026-08-24 09:05:04;tank_temp;"37;0";;"37;0"
2026-08-24 09:05:41;disc_temp;"18;5";;"18;5"
2026-08-24 09:06:24;back_temp;"19;1";;"19;1"
2026-08-24 09:06:24;comp_freq;"0;0";;"0;0"
2026-08-24 09:06:24;ac_curr;"0;0";;"0;0"
2026-08-24 09:06:41;in_water_temp;"17;0";;"17;0"
2026-08-24 09:08:02;fault_flag;;False;"0;0"
2026-08-24 09:08:02;protect_flag;;False;"0;0"
2026-08-24 09:08:02;m_eev;"480;0";;"480;0"
2026-08-24 09:08:02;a_eev;"10;0";;"10;0"
2026-08-24 09:08:02;ac_fan;;close;
2026-08-24 09:08:02;freeze;;False;"0;0"
2026-08-24 09:08:02;dc_fan1;"0;0";;"0;0"
2026-08-24 09:08:02;defrost;;False;"0;0"
2026-08-24 09:08:02;dc_fan2;"0;0";;"0;0"
2026-08-24 09:08:02;amb_temp;"19;7";;"19;7"
2026-08-24 09:08:29;out_water_temp;"17;6";;"17;6"
2026-08-24 09:09:12;pump_sta;;False;"0;0"
2026-08-24 09:09:12;flow_rate;"0;0";;"0;0"
2026-08-24 09:09:12;valve;;False;"0;0"
2026-08-24 09:09:39;tidr;"23;4";;"23;4"
2026-08-24 09:10:07;tank_temp;"37;0";;"37;0"
2026-08-24 09:10:41;disc_temp;"18;5";;"18;5"
2026-08-24 09:11:24;back_temp;"19;2";;"19;2"
2026-08-24 09:11:24;comp_freq;"0;0";;"0;0"
2026-08-24 09:11:24;ac_curr;"0;0";;"0;0"
2026-08-24 09:11:43;in_water_temp;"17;1";;"17;1"
2026-08-24 09:12:54;amb_temp;"19;2";;"19;2"
2026-08-24 09:13:06;fault_flag;;False;"0;0"
2026-08-24 09:13:06;protect_flag;;False;"0;0"
2026-08-24 09:13:06;m_eev;"480;0";;"480;0"
2026-08-24 09:13:06;a_eev;"10;0";;"10;0"
2026-08-24 09:13:06;ac_fan;;close;
2026-08-24 09:13:06;freeze;;False;"0;0"
2026-08-24 09:13:06;dc_fan1;"0;0";;"0;0"
2026-08-24 09:13:06;defrost;;False;"0;0"
2026-08-24 09:13:06;dc_fan2;"0;0";;"0;0"
2026-08-24 09:13:31;out_water_temp;"17;7";;"17;7"
2026-08-24 09:14:14;pump_sta;;False;"0;0"
2026-08-24 09:14:14;flow_rate;"0;0";;"0;0"
2026-08-24 09:14:14;valve;;False;"0;0"
2026-08-24 09:14:45;tidr;"23;4";;"23;4"
2026-08-24 09:15:09;tank_temp;"37;0";;"37;0"
2026-08-24 09:15:44;disc_temp;"18;5";;"18;5"
2026-08-24 09:16:27;back_temp;"19;2";;"19;2"
2026-08-24 09:16:27;comp_freq;"0;0";;"0;0"
2026-08-24 09:16:27;ac_curr;"0;0";;"0;0"
2026-08-24 09:16:45;in_water_temp;"17;1";;"17;1"
2026-08-24 09:17:55;amb_temp;"19;0";;"19;0"
2026-08-24 09:18:07;fault_flag;;False;"0;0"
2026-08-24 09:18:07;protect_flag;;False;"0;0"
2026-08-24 09:18:07;m_eev;"480;0";;"480;0"
2026-08-24 09:18:07;a_eev;"10;0";;"10;0"
2026-08-24 09:18:07;ac_fan;;close;
2026-08-24 09:18:07;freeze;;False;"0;0"
2026-08-24 09:18:07;dc_fan1;"0;0";;"0;0"
2026-08-24 09:18:07;defrost;;False;"0;0"
2026-08-24 09:18:07;dc_fan2;"0;0";;"0;0"
2026-08-24 09:18:34;out_water_temp;"17;8";;"17;8"
2026-08-24 09:19:17;pump_sta;;False;"0;0"
2026-08-24 09:19:17;flow_rate;"0;0";;"0;0"
2026-08-24 09:19:17;valve;;False;"0;0"
2026-08-24 09:19:45;tidr;"23;4";;"23;4"
2026-08-24 09:20:10;tank_temp;"37;0";;"37;0"
2026-08-24 09:20:38;amb_temp;"18;5";;"18;5"
2026-08-24 09:20:46;disc_temp;"18;5";;"18;5"
2026-08-24 09:21:30;back_temp;"19;1";;"19;1"
2026-08-24 09:21:30;comp_freq;"0;0";;"0;0"
2026-08-24 09:21:30;ac_curr;"0;0";;"0;0"
2026-08-24 09:21:45;in_water_temp;"17;1";;"17;1"
2026-08-24 09:21:54;tidr;"23;5";;"23;5"
2026-08-24 09:22:04;tidr;"23;4";;"23;4"
2026-08-24 09:23:09;fault_flag;;False;"0;0"
2026-08-24 09:23:09;protect_flag;;False;"0;0"
2026-08-24 09:23:09;m_eev;"480;0";;"480;0"
2026-08-24 09:23:09;a_eev;"10;0";;"10;0"
2026-08-24 09:23:09;ac_fan;;close;
2026-08-24 09:23:09;freeze;;False;"0;0"
2026-08-24 09:23:09;dc_fan1;"0;0";;"0;0"
2026-08-24 09:23:09;defrost;;False;"0;0"
2026-08-24 09:23:09;dc_fan2;"0;0";;"0;0"
2026-08-24 09:23:27;tidr;"23;5";;"23;5"
2026-08-24 09:23:34;out_water_temp;"17;8";;"17;8"
2026-08-24 09:24:17;pump_sta;;False;"0;0"
2026-08-24 09:24:17;flow_rate;"0;0";;"0;0"
2026-08-24 09:24:17;valve;;False;"0;0"
2026-08-24 09:25:12;tank_temp;"36;9";;"36;9"
2026-08-24 09:25:27;tidr;"23;4";;"23;4"
2026-08-24 09:25:43;amb_temp;"18;3";;"18;3"
2026-08-24 09:25:49;disc_temp;"18;5";;"18;5"
2026-08-24 09:26:32;back_temp;"19;1";;"19;1"
2026-08-24 09:26:32;comp_freq;"0;0";;"0;0"
2026-08-24 09:26:32;ac_curr;"0;0";;"0;0"
2026-08-24 09:26:51;in_water_temp;"17;0";;"17;0"
2026-08-24 09:27:59;tidr;"23;5";;"23;5"
2026-08-24 09:28:14;fault_flag;;False;"0;0"
2026-08-24 09:28:14;protect_flag;;False;"0;0"
2026-08-24 09:28:14;m_eev;"480;0";;"480;0"
2026-08-24 09:28:14;a_eev;"10;0";;"10;0"
2026-08-24 09:28:14;ac_fan;;close;
2026-08-24 09:28:14;freeze;;False;"0;0"
2026-08-24 09:28:14;dc_fan1;"0;0";;"0;0"
2026-08-24 09:28:14;defrost;;False;"0;0"
2026-08-24 09:28:14;dc_fan2;"0;0";;"0;0"
2026-08-24 09:28:36;out_water_temp;"17;8";;"17;8"
2026-08-24 09:29:17;pump_sta;;False;"0;0"
2026-08-24 09:29:17;flow_rate;"0;0";;"0;0"
2026-08-24 09:29:17;valve;;False;"0;0"
2026-08-24 09:29:35;tidr;"23;4";;"23;4"
2026-08-24 09:30:13;tank_temp;"37;0";;"37;0"
2026-08-24 09:30:46;amb_temp;"18;6";;"18;6"
2026-08-24 09:30:50;disc_temp;"18;5";;"18;5"
2026-08-24 09:31:20;tidr;"23;5";;"23;5"
2026-08-24 09:31:35;back_temp;"19;1";;"19;1"
2026-08-24 09:31:35;comp_freq;"0;0";;"0;0"
2026-08-24 09:31:35;ac_curr;"0;0";;"0;0"
2026-08-24 09:31:53;in_water_temp;"16;9";;"16;9"
2026-08-24 09:32:10;amb_temp;"19;1";;"19;1"
2026-08-24 09:33:17;fault_flag;;False;"0;0"
2026-08-24 09:33:17;protect_flag;;False;"0;0"
2026-08-24 09:33:17;m_eev;"480;0";;"480;0"
2026-08-24 09:33:17;a_eev;"10;0";;"10;0"
2026-08-24 09:33:17;ac_fan;;close;
2026-08-24 09:33:17;freeze;;False;"0;0"
2026-08-24 09:33:17;dc_fan1;"0;0";;"0;0"
2026-08-24 09:33:17;defrost;;False;"0;0"
2026-08-24 09:33:17;dc_fan2;"0;0";;"0;0"
2026-08-24 09:33:37;out_water_temp;"17;8";;"17;8"
2026-08-24 09:34:19;pump_sta;;False;"0;0"
2026-08-24 09:34:19;flow_rate;"0;0";;"0;0"
2026-08-24 09:34:19;valve;;False;"0;0"
2026-08-24 09:35:15;tank_temp;"37;0";;"37;0"
2026-08-24 09:35:27;tidr;"23;4";;"23;4"
2026-08-24 09:35:48;in_water_temp;"17;1";;"17;1"
2026-08-24 09:35:53;disc_temp;"18;5";;"18;5"
2026-08-24 09:36:43;back_temp;"19;1";;"19;1"
2026-08-24 09:36:43;comp_freq;"0;0";;"0;0"
2026-08-24 09:36:43;ac_curr;"0;0";;"0;0"
2026-08-24 09:37:12;amb_temp;"19;5";;"19;5"
2026-08-24 09:38:17;fault_flag;;False;"0;0"
2026-08-24 09:38:17;protect_flag;;False;"0;0"
2026-08-24 09:38:17;m_eev;"480;0";;"480;0"
2026-08-24 09:38:17;a_eev;"10;0";;"10;0"
2026-08-24 09:38:17;ac_fan;;close;
2026-08-24 09:38:17;freeze;;False;"0;0"
2026-08-24 09:38:17;dc_fan1;"0;0";;"0;0"
2026-08-24 09:38:17;defrost;;False;"0;0"
2026-08-24 09:38:17;dc_fan2;"0;0";;"0;0"
2026-08-24 09:38:37;out_water_temp;"17;8";;"17;8"
2026-08-24 09:39:22;pump_sta;;False;"0;0"
2026-08-24 09:39:22;flow_rate;"0;0";;"0;0"
2026-08-24 09:39:22;valve;;False;"0;0"
2026-08-24 09:40:17;tank_temp;"36;9";;"36;9"
2026-08-24 09:40:29;tidr;"23;4";;"23;4"
2026-08-24 09:40:49;in_water_temp;"17;1";;"17;1"
2026-08-24 09:40:54;disc_temp;"18;7";;"18;7"
2026-08-24 09:41:45;back_temp;"19;1";;"19;1"
2026-08-24 09:41:45;comp_freq;"0;0";;"0;0"
2026-08-24 09:41:45;ac_curr;"0;0";;"0;0"
2026-08-24 09:42:15;amb_temp;"19;8";;"19;8"
2026-08-24 09:43:29;fault_flag;;False;"0;0"
2026-08-24 09:43:29;protect_flag;;False;"0;0"
2026-08-24 09:43:29;m_eev;"480;0";;"480;0"
2026-08-24 09:43:29;a_eev;"10;0";;"10;0"
2026-08-24 09:43:29;ac_fan;;close;
2026-08-24 09:43:29;freeze;;False;"0;0"
2026-08-24 09:43:29;dc_fan1;"0;0";;"0;0"
2026-08-24 09:43:29;defrost;;False;"0;0"
2026-08-24 09:43:29;dc_fan2;"0;0";;"0;0"
2026-08-24 09:43:38;out_water_temp;"17;9";;"17;9"
2026-08-24 09:44:29;pump_sta;;False;"0;0"
2026-08-24 09:44:29;flow_rate;"0;0";;"0;0"
2026-08-24 09:44:29;valve;;False;"0;0"
2026-08-24 09:45:18;amb_temp;"19;3";;"19;3"
2026-08-24 09:45:18;tank_temp;"36;9";;"36;9"
2026-08-24 09:45:30;tidr;"23;4";;"23;4"
2026-08-24 09:45:54;in_water_temp;"17;2";;"17;2"
2026-08-24 09:45:57;disc_temp;"18;7";;"18;7"
2026-08-24 09:46:47;back_temp;"19;1";;"19;1"
2026-08-24 09:46:47;comp_freq;"0;0";;"0;0"
2026-08-24 09:46:47;ac_curr;"0;0";;"0;0"
2026-08-24 09:48:32;fault_flag;;False;"0;0"
2026-08-24 09:48:32;protect_flag;;False;"0;0"
2026-08-24 09:48:32;m_eev;"480;0";;"480;0"
2026-08-24 09:48:32;a_eev;"10;0";;"10;0"
2026-08-24 09:48:32;ac_fan;;close;
2026-08-24 09:48:32;freeze;;False;"0;0"
2026-08-24 09:48:32;dc_fan1;"0;0";;"0;0"
2026-08-24 09:48:32;defrost;;False;"0;0"
2026-08-24 09:48:32;dc_fan2;"0;0";;"0;0"
2026-08-24 09:48:41;out_water_temp;"18;0";;"18;0"
2026-08-24 09:49:31;pump_sta;;False;"0;0"
2026-08-24 09:49:31;flow_rate;"0;0";;"0;0"
2026-08-24 09:49:31;valve;;False;"0;0"
2026-08-24 09:50:20;amb_temp;"19;1";;"19;1"
2026-08-24 09:50:20;tank_temp;"36;9";;"36;9"
2026-08-24 09:50:32;tidr;"23;4";;"23;4"
2026-08-24 09:50:57;in_water_temp;"17;3";;"17;3"
2026-08-24 09:50:58;disc_temp;"18;7";;"18;7"
2026-08-24 09:51:50;back_temp;"19;2";;"19;2"
2026-08-24 09:51:50;comp_freq;"0;0";;"0;0"
2026-08-24 09:51:50;ac_curr;"0;0";;"0;0"
2026-08-24 09:53:35;fault_flag;;False;"0;0"
2026-08-24 09:53:35;protect_flag;;False;"0;0"
2026-08-24 09:53:35;m_eev;"480;0";;"480;0"
2026-08-24 09:53:35;a_eev;"10;0";;"10;0"
2026-08-24 09:53:35;ac_fan;;close;
2026-08-24 09:53:35;freeze;;False;"0;0"
2026-08-24 09:53:35;dc_fan1;"0;0";;"0;0"
2026-08-24 09:53:35;defrost;;False;"0;0"
2026-08-24 09:53:35;dc_fan2;"0;0";;"0;0"
2026-08-24 09:53:41;out_water_temp;"18;0";;"18;0"
2026-08-24 09:54:33;pump_sta;;False;"0;0"
2026-08-24 09:54:33;flow_rate;"0;0";;"0;0"
2026-08-24 09:54:33;valve;;False;"0;0"
2026-08-24 09:55:31;amb_temp;"18;9";;"18;9"
2026-08-24 09:55:31;tank_temp;"36;9";;"36;9"
2026-08-24 09:55:35;tidr;"23;4";;"23;4"
2026-08-24 09:55:58;in_water_temp;"17;3";;"17;3"
2026-08-24 09:56:01;disc_temp;"18;7";;"18;7"
2026-08-24 09:56:52;back_temp;"19;2";;"19;2"
2026-08-24 09:56:52;comp_freq;"0;0";;"0;0"
2026-08-24 09:56:52;ac_curr;"0;0";;"0;0"
2026-08-24 09:58:37;fault_flag;;False;"0;0"
2026-08-24 09:58:37;protect_flag;;False;"0;0"
2026-08-24 09:58:37;m_eev;"480;0";;"480;0"
2026-08-24 09:58:37;a_eev;"10;0";;"10;0"
2026-08-24 09:58:37;ac_fan;;close;
2026-08-24 09:58:37;freeze;;False;"0;0"
2026-08-24 09:58:37;dc_fan1;"0;0";;"0;0"
2026-08-24 09:58:37;defrost;;False;"0;0"
2026-08-24 09:58:37;dc_fan2;"0;0";;"0;0"
2026-08-24 09:58:48;out_water_temp;"18;0";;"18;0"
2026-08-24 09:59:33;pump_sta;;False;"0;0"
2026-08-24 09:59:33;flow_rate;"0;0";;"0;0"
2026-08-24 09:59:33;valve;;False;"0;0"
2026-08-24 10:00:32;amb_temp;"18;7";;"18;7"
2026-08-24 10:00:32;tank_temp;"36;9";;"36;9"
2026-08-24 10:00:36;tidr;"23;4";;"23;4"
2026-08-24 10:01:01;in_water_temp;"17;3";;"17;3"
2026-08-24 10:01:03;disc_temp;"18;7";;"18;7"
2026-08-24 10:01:56;back_temp;"19;1";;"19;1"
2026-08-24 10:01:56;comp_freq;"0;0";;"0;0"
2026-08-24 10:01:56;ac_curr;"0;0";;"0;0"
2026-08-24 10:03:37;fault_flag;;False;"0;0"
2026-08-24 10:03:37;protect_flag;;False;"0;0"
2026-08-24 10:03:37;m_eev;"480;0";;"480;0"
2026-08-24 10:03:37;a_eev;"10;0";;"10;0"
2026-08-24 10:03:37;ac_fan;;close;
2026-08-24 10:03:37;freeze;;False;"0;0"
2026-08-24 10:03:37;dc_fan1;"0;0";;"0;0"
2026-08-24 10:03:37;defrost;;False;"0;0"
2026-08-24 10:03:37;dc_fan2;"0;0";;"0;0"
2026-08-24 10:03:49;out_water_temp;"18;0";;"18;0"
2026-08-24 10:04:36;pump_sta;;False;"0;0"
2026-08-24 10:04:36;flow_rate;"0;0";;"0;0"
2026-08-24 10:04:36;valve;;False;"0;0"
2026-08-24 10:05:33;amb_temp;"18;3";;"18;3"
2026-08-24 10:05:33;tank_temp;"36;9";;"36;9"
2026-08-24 10:05:37;tidr;"23;4";;"23;4"
2026-08-24 10:06:02;in_water_temp;"17;3";;"17;3"
2026-08-24 10:06:05;disc_temp;"18;7";;"18;7"
2026-08-24 10:06:58;back_temp;"19;0";;"19;0"
2026-08-24 10:06:58;comp_freq;"0;0";;"0;0"
2026-08-24 10:06:58;ac_curr;"0;0";;"0;0"
2026-08-24 10:08:38;fault_flag;;False;"0;0"
2026-08-24 10:08:38;protect_flag;;False;"0;0"
2026-08-24 10:08:38;m_eev;"480;0";;"480;0"
2026-08-24 10:08:38;a_eev;"10;0";;"10;0"
2026-08-24 10:08:38;ac_fan;;close;
2026-08-24 10:08:38;freeze;;False;"0;0"
2026-08-24 10:08:38;dc_fan1;"0;0";;"0;0"
2026-08-24 10:08:38;defrost;;False;"0;0"
2026-08-24 10:08:38;dc_fan2;"0;0";;"0;0"
2026-08-24 10:08:52;out_water_temp;"18;0";;"18;0"
2026-08-24 10:09:37;pump_sta;;False;"0;0"
2026-08-24 10:09:37;flow_rate;"0;0";;"0;0"
2026-08-24 10:09:37;valve;;False;"0;0"
2026-08-24 10:09:58;amb_temp;"17;8";;"17;8"
2026-08-24 10:10:34;tank_temp;"36;8";;"36;8"
2026-08-24 10:10:41;tidr;"23;4";;"23;4"
2026-08-24 10:11:08;in_water_temp;"17;3";;"17;3"
2026-08-24 10:11:08;disc_temp;"18;5";;"18;5"
2026-08-24 10:11:59;back_temp;"19;0";;"19;0"
2026-08-24 10:11:59;comp_freq;"0;0";;"0;0"
2026-08-24 10:11:59;ac_curr;"0;0";;"0;0"
2026-08-24 10:13:42;fault_flag;;False;"0;0"
2026-08-24 10:13:42;protect_flag;;False;"0;0"
2026-08-24 10:13:42;m_eev;"480;0";;"480;0"
2026-08-24 10:13:42;a_eev;"10;0";;"10;0"
2026-08-24 10:13:42;ac_fan;;close;
2026-08-24 10:13:42;freeze;;False;"0;0"
2026-08-24 10:13:42;dc_fan1;"0;0";;"0;0"
2026-08-24 10:13:42;defrost;;False;"0;0"
2026-08-24 10:13:42;dc_fan2;"0;0";;"0;0"
2026-08-24 10:13:52;out_water_temp;"18;0";;"18;0"
2026-08-24 10:14:38;pump_sta;;False;"0;0"
2026-08-24 10:14:38;flow_rate;"0;0";;"0;0"
2026-08-24 10:14:38;valve;;False;"0;0"
2026-08-24 10:14:58;amb_temp;"17;6";;"17;6"
2026-08-24 10:15:37;tank_temp;"36;9";;"36;9"
2026-08-24 10:15:42;tidr;"23;4";;"23;4"
2026-08-24 10:16:09;in_water_temp;"17;2";;"17;2"
2026-08-24 10:16:09;disc_temp;"18;7";;"18;7"
2026-08-24 10:17:00;back_temp;"18;9";;"18;9"
2026-08-24 10:17:00;comp_freq;"0;0";;"0;0"
2026-08-24 10:17:00;ac_curr;"0;0";;"0;0"
2026-08-24 10:18:42;fault_flag;;False;"0;0"
2026-08-24 10:18:42;protect_flag;;False;"0;0"
2026-08-24 10:18:42;m_eev;"480;0";;"480;0"
2026-08-24 10:18:42;a_eev;"10;0";;"10;0"
2026-08-24 10:18:42;ac_fan;;close;
2026-08-24 10:18:42;freeze;;False;"0;0"
2026-08-24 10:18:42;dc_fan1;"0;0";;"0;0"
2026-08-24 10:18:42;defrost;;False;"0;0"
2026-08-24 10:18:42;dc_fan2;"0;0";;"0;0"
2026-08-24 10:18:55;out_water_temp;"18;0";;"18;0"
2026-08-24 10:19:35;tidr;"23;3";;"23;3"
2026-08-24 10:19:41;pump_sta;;False;"0;0"
2026-08-24 10:19:41;flow_rate;"0;0";;"0;0"
2026-08-24 10:19:41;valve;;False;"0;0"
2026-08-24 10:20:01;amb_temp;"17;4";;"17;4"
2026-08-24 10:20:38;tank_temp;"36;8";;"36;8"
2026-08-24 10:20:58;tidr;"23;4";;"23;4"
2026-08-24 10:21:11;in_water_temp;"17;2";;"17;2"
2026-08-24 10:21:11;disc_temp;"18;5";;"18;5"
2026-08-24 10:21:50;tidr;"23;3";;"23;3"
2026-08-24 10:22:05;back_temp;"18;9";;"18;9"
2026-08-24 10:22:05;comp_freq;"0;0";;"0;0"
2026-08-24 10:22:05;ac_curr;"0;0";;"0;0"
2026-08-24 10:23:02;amb_temp;"16;9";;"16;9"
2026-08-24 10:23:33;tidr;"23;4";;"23;4"
2026-08-24 10:23:43;tidr;"23;3";;"23;3"
2026-08-24 10:23:43;fault_flag;;False;"0;0"
2026-08-24 10:23:43;protect_flag;;False;"0;0"
2026-08-24 10:23:43;m_eev;"480;0";;"480;0"
2026-08-24 10:23:43;a_eev;"10;0";;"10;0"
2026-08-24 10:23:43;ac_fan;;close;
2026-08-24 10:23:43;freeze;;False;"0;0"
2026-08-24 10:23:43;dc_fan1;"0;0";;"0;0"
2026-08-24 10:23:43;defrost;;False;"0;0"
2026-08-24 10:23:43;dc_fan2;"0;0";;"0;0"
2026-08-24 10:23:58;out_water_temp;"18;0";;"18;0"
2026-08-24 10:24:42;pump_sta;;False;"0;0"
2026-08-24 10:24:42;flow_rate;"0;0";;"0;0"
2026-08-24 10:24:42;valve;;False;"0;0"
2026-08-24 10:24:56;amb_temp;"16;4";;"16;4"
2026-08-24 10:25:05;tidr;"23;4";;"23;4"
2026-08-24 10:25:38;tank_temp;"36;8";;"36;8"
2026-08-24 10:26:13;in_water_temp;"17;1";;"17;1"
2026-08-24 10:26:13;disc_temp;"18;5";;"18;5"
2026-08-24 10:27:06;back_temp;"18;8";;"18;8"
2026-08-24 10:27:06;comp_freq;"0;0";;"0;0"
2026-08-24 10:27:06;ac_curr;"0;0";;"0;0"
2026-08-24 10:28:51;fault_flag;;False;"0;0"
2026-08-24 10:28:51;protect_flag;;False;"0;0"
2026-08-24 10:28:51;m_eev;"480;0";;"480;0"
2026-08-24 10:28:51;a_eev;"10;0";;"10;0"
2026-08-24 10:28:51;ac_fan;;close;
2026-08-24 10:28:51;freeze;;False;"0;0"
2026-08-24 10:28:51;dc_fan1;"0;0";;"0;0"
2026-08-24 10:28:51;defrost;;False;"0;0"
2026-08-24 10:28:51;dc_fan2;"0;0";;"0;0"
2026-08-24 10:28:59;out_water_temp;"17;9";;"17;9"
2026-08-24 10:29:44;pump_sta;;False;"0;0"
2026-08-24 10:29:44;flow_rate;"0;0";;"0;0"
2026-08-24 10:29:44;valve;;False;"0;0"
2026-08-24 10:29:57;amb_temp;"16;1";;"16;1"
2026-08-24 10:30:08;tidr;"23;4";;"23;4"
2026-08-24 10:30:45;tank_temp;"36;6";;"36;6"
2026-08-24 10:31:23;in_water_temp;"17;0";;"17;0"
2026-08-24 10:31:23;disc_temp;"18;5";;"18;5"
2026-08-24 10:32:07;back_temp;"18;8";;"18;8"
2026-08-24 10:32:07;comp_freq;"0;0";;"0;0"
2026-08-24 10:32:07;ac_curr;"0;0";;"0;0"
2026-08-24 10:33:54;fault_flag;;False;"0;0"
2026-08-24 10:33:54;protect_flag;;False;"0;0"
2026-08-24 10:33:54;m_eev;"480;0";;"480;0"
2026-08-24 10:33:54;a_eev;"10;0";;"10;0"
2026-08-24 10:33:54;ac_fan;;close;
2026-08-24 10:33:54;freeze;;False;"0;0"
2026-08-24 10:33:54;dc_fan1;"0;0";;"0;0"
2026-08-24 10:33:54;defrost;;False;"0;0"
2026-08-24 10:33:54;dc_fan2;"0;0";;"0;0"
2026-08-24 10:34:00;out_water_temp;"17;8";;"17;8"
2026-08-24 10:34:26;amb_temp;"16;6";;"16;6"
2026-08-24 10:34:46;pump_sta;;False;"0;0"
2026-08-24 10:34:46;flow_rate;"0;0";;"0;0"
2026-08-24 10:34:46;valve;;False;"0;0"
2026-08-24 10:35:09;tidr;"23;4";;"23;4"
2026-08-24 10:35:46;tank_temp;"36;6";;"36;6"
2026-08-24 10:36:23;in_water_temp;"16;9";;"16;9"
2026-08-24 10:36:23;disc_temp;"18;5";;"18;5"
2026-08-24 10:37:09;back_temp;"18;7";;"18;7"
2026-08-24 10:37:09;comp_freq;"0;0";;"0;0"
2026-08-24 10:37:09;ac_curr;"0;0";;"0;0"
2026-08-24 10:38:54;fault_flag;;False;"0;0"
2026-08-24 10:38:54;protect_flag;;False;"0;0"
2026-08-24 10:38:54;m_eev;"480;0";;"480;0"
2026-08-24 10:38:54;a_eev;"10;0";;"10;0"
2026-08-24 10:38:54;ac_fan;;close;
2026-08-24 10:38:54;freeze;;False;"0;0"
2026-08-24 10:38:54;dc_fan1;"0;0";;"0;0"
2026-08-24 10:38:54;defrost;;False;"0;0"
2026-08-24 10:38:54;dc_fan2;"0;0";;"0;0"
2026-08-24 10:39:01;out_water_temp;"17;8";;"17;8"
2026-08-24 10:39:03;tidr;"23;5";;"23;5"
2026-08-24 10:39:28;amb_temp;"16;9";;"16;9"
2026-08-24 10:39:49;pump_sta;;False;"0;0"
2026-08-24 10:39:49;flow_rate;"0;0";;"0;0"
2026-08-24 10:39:49;valve;;False;"0;0"
2026-08-24 10:40:53;tank_temp;"36;5";;"36;5"
2026-08-24 10:41:23;in_water_temp;"17;0";;"17;0"
2026-08-24 10:41:23;disc_temp;"18;5";;"18;5"
2026-08-24 10:42:13;back_temp;"18;6";;"18;6"
2026-08-24 10:42:13;comp_freq;"0;0";;"0;0"
2026-08-24 10:42:13;ac_curr;"0;0";;"0;0"
2026-08-24 10:44:06;tidr;"23;5";;"23;5"
2026-08-24 10:44:06;fault_flag;;False;"0;0"
2026-08-24 10:44:06;protect_flag;;False;"0;0"
2026-08-24 10:44:06;m_eev;"480;0";;"480;0"
2026-08-24 10:44:06;a_eev;"10;0";;"10;0"
2026-08-24 10:44:06;ac_fan;;close;
2026-08-24 10:44:06;freeze;;False;"0;0"
2026-08-24 10:44:06;dc_fan1;"0;0";;"0;0"
2026-08-24 10:44:06;defrost;;False;"0;0"
2026-08-24 10:44:06;dc_fan2;"0;0";;"0;0"
2026-08-24 10:44:06;out_water_temp;"17;8";;"17;8"
2026-08-24 10:44:29;amb_temp;"17;3";;"17;3"
2026-08-24 10:44:50;pump_sta;;False;"0;0"
2026-08-24 10:44:50;flow_rate;"0;0";;"0;0"
2026-08-24 10:44:50;valve;;False;"0;0"
2026-08-24 10:45:54;tank_temp;"36;6";;"36;6"
2026-08-24 10:46:24;in_water_temp;"17;0";;"17;0"
2026-08-24 10:46:24;disc_temp;"18;3";;"18;3"
2026-08-24 10:47:14;back_temp;"18;6";;"18;6"
2026-08-24 10:47:14;comp_freq;"0;0";;"0;0"
2026-08-24 10:47:14;ac_curr;"0;0";;"0;0"
2026-08-24 10:49:06;tidr;"23;5";;"23;5"
2026-08-24 10:49:06;fault_flag;;False;"0;0"
2026-08-24 10:49:06;protect_flag;;False;"0;0"
2026-08-24 10:49:06;m_eev;"480;0";;"480;0"
2026-08-24 10:49:06;a_eev;"10;0";;"10;0"
2026-08-24 10:49:06;ac_fan;;close;
2026-08-24 10:49:06;freeze;;False;"0;0"
2026-08-24 10:49:06;dc_fan1;"0;0";;"0;0"
2026-08-24 10:49:06;defrost;;False;"0;0"
2026-08-24 10:49:06;dc_fan2;"0;0";;"0;0"
2026-08-24 10:49:06;out_water_temp;"17;8";;"17;8"
2026-08-24 10:49:30;amb_temp;"17;5";;"17;5"
2026-08-24 10:49:53;pump_sta;;False;"0;0"
2026-08-24 10:49:53;flow_rate;"0;0";;"0;0"
2026-08-24 10:49:53;valve;;False;"0;0"
2026-08-24 10:50:57;tank_temp;"36;6";;"36;6"
2026-08-24 10:51:06;tidr;"23;4";;"23;4"
2026-08-24 10:51:28;in_water_temp;"17;1";;"17;1"
2026-08-24 10:51:28;disc_temp;"18;5";;"18;5"
2026-08-24 10:52:17;back_temp;"18;7";;"18;7"
2026-08-24 10:52:17;comp_freq;"0;0";;"0;0"
2026-08-24 10:52:17;ac_curr;"0;0";;"0;0"
2026-08-24 10:54:08;fault_flag;;False;"0;0"
2026-08-24 10:54:08;protect_flag;;False;"0;0"
2026-08-24 10:54:08;m_eev;"480;0";;"480;0"
2026-08-24 10:54:08;a_eev;"10;0";;"10;0"
2026-08-24 10:54:08;ac_fan;;close;
2026-08-24 10:54:08;freeze;;False;"0;0"
2026-08-24 10:54:08;dc_fan1;"0;0";;"0;0"
2026-08-24 10:54:08;defrost;;False;"0;0"
2026-08-24 10:54:08;dc_fan2;"0;0";;"0;0"
2026-08-24 10:54:08;out_water_temp;"17;8";;"17;8"
2026-08-24 10:54:33;amb_temp;"17;7";;"17;7"
2026-08-24 10:54:55;pump_sta;;False;"0;0"
2026-08-24 10:54:55;flow_rate;"0;0";;"0;0"
2026-08-24 10:54:55;valve;;False;"0;0"
2026-08-24 10:55:48;tidr;"23;5";;"23;5"
2026-08-24 10:55:58;tank_temp;"36;6";;"36;6"
2026-08-24 10:56:33;in_water_temp;"17;3";;"17;3"
2026-08-24 10:56:33;disc_temp;"18;5";;"18;5"
2026-08-24 10:57:01;tidr;"23;4";;"23;4"
2026-08-24 10:57:18;back_temp;"18;8";;"18;8"
2026-08-24 10:57:18;comp_freq;"0;0";;"0;0"
2026-08-24 10:57:18;ac_curr;"0;0";;"0;0"
2026-08-24 10:58:22;tidr;"23;5";;"23;5"
2026-08-24 10:59:09;fault_flag;;False;"0;0"
2026-08-24 10:59:09;protect_flag;;False;"0;0"
2026-08-24 10:59:09;m_eev;"480;0";;"480;0"
2026-08-24 10:59:09;a_eev;"10;0";;"10;0"
2026-08-24 10:59:09;ac_fan;;close;
2026-08-24 10:59:09;freeze;;False;"0;0"
2026-08-24 10:59:09;dc_fan1;"0;0";;"0;0"
2026-08-24 10:59:09;defrost;;False;"0;0"
2026-08-24 10:59:09;dc_fan2;"0;0";;"0;0"
2026-08-24 10:59:09;out_water_temp;"17;8";;"17;8"
2026-08-24 10:59:33;amb_temp;"17;8";;"17;8"
2026-08-24 10:59:57;pump_sta;;False;"0;0"
2026-08-24 10:59:57;flow_rate;"0;0";;"0;0"
2026-08-24 10:59:57;valve;;False;"0;0"
2026-08-24 11:00:59;tank_temp;"36;5";;"36;5"
2026-08-24 11:01:34;in_water_temp;"17;5";;"17;5"
2026-08-24 11:01:34;disc_temp;"18;7";;"18;7"
2026-08-24 11:01:49;tidr;"23;4";;"23;4"
2026-08-24 11:02:26;back_temp;"18;9";;"18;9"
2026-08-24 11:02:26;comp_freq;"0;0";;"0;0"
2026-08-24 11:02:26;ac_curr;"0;0";;"0;0"
2026-08-24 11:04:11;fault_flag;;False;"0;0"
2026-08-24 11:04:11;protect_flag;;False;"0;0"
2026-08-24 11:04:11;m_eev;"480;0";;"480;0"
2026-08-24 11:04:11;a_eev;"10;0";;"10;0"
2026-08-24 11:04:11;ac_fan;;close;
2026-08-24 11:04:11;freeze;;False;"0;0"
2026-08-24 11:04:11;dc_fan1;"0;0";;"0;0"
2026-08-24 11:04:11;defrost;;False;"0;0"
2026-08-24 11:04:11;dc_fan2;"0;0";;"0;0"
2026-08-24 11:04:11;out_water_temp;"17;8";;"17;8"
2026-08-24 11:04:36;amb_temp;"17;9";;"17;9"
2026-08-24 11:04:58;pump_sta;;False;"0;0"
2026-08-24 11:04:58;flow_rate;"0;0";;"0;0"
2026-08-24 11:04:58;valve;;False;"0;0"
2026-08-24 11:05:32;in_water_temp;"17;8";;"17;8"
2026-08-24 11:06:02;tank_temp;"36;5";;"36;5"
2026-08-24 11:06:35;disc_temp;"18;7";;"18;7"
2026-08-24 11:06:52;tidr;"23;4";;"23;4"
2026-08-24 11:07:29;back_temp;"18;9";;"18;9"
2026-08-24 11:07:29;comp_freq;"0;0";;"0;0"
2026-08-24 11:07:29;ac_curr;"0;0";;"0;0"
2026-08-24 11:09:13;fault_flag;;False;"0;0"
2026-08-24 11:09:13;protect_flag;;False;"0;0"
2026-08-24 11:09:13;m_eev;"480;0";;"480;0"
2026-08-24 11:09:13;a_eev;"10;0";;"10;0"
2026-08-24 11:09:13;ac_fan;;close;
2026-08-24 11:09:13;freeze;;False;"0;0"
2026-08-24 11:09:13;dc_fan1;"0;0";;"0;0"
2026-08-24 11:09:13;defrost;;False;"0;0"
2026-08-24 11:09:13;dc_fan2;"0;0";;"0;0"
2026-08-24 11:09:13;out_water_temp;"17;8";;"17;8"
2026-08-24 11:09:38;amb_temp;"18;3";;"18;3"
2026-08-24 11:10:03;pump_sta;;False;"0;0"
2026-08-24 11:10:03;flow_rate;"0;0";;"0;0"
2026-08-24 11:10:03;valve;;False;"0;0"
2026-08-24 11:10:34;in_water_temp;"17;8";;"17;8"
2026-08-24 11:11:02;tank_temp;"36;5";;"36;5"
2026-08-24 11:11:36;disc_temp;"18;7";;"18;7"
2026-08-24 11:11:57;tidr;"23;4";;"23;4"
2026-08-24 11:12:14;amb_temp;"18;8";;"18;8"
2026-08-24 11:12:29;back_temp;"19;0";;"19;0"
2026-08-24 11:12:29;comp_freq;"0;0";;"0;0"
2026-08-24 11:12:29;ac_curr;"0;0";;"0;0"
2026-08-24 11:14:16;fault_flag;;False;"0;0"
2026-08-24 11:14:16;protect_flag;;False;"0;0"
2026-08-24 11:14:16;m_eev;"480;0";;"480;0"
2026-08-24 11:14:16;a_eev;"10;0";;"10;0"
2026-08-24 11:14:16;ac_fan;;close;
2026-08-24 11:14:16;freeze;;False;"0;0"
2026-08-24 11:14:16;dc_fan1;"0;0";;"0;0"
2026-08-24 11:14:16;defrost;;False;"0;0"
2026-08-24 11:14:16;dc_fan2;"0;0";;"0;0"
2026-08-24 11:14:16;out_water_temp;"17;8";;"17;8"
2026-08-24 11:15:06;pump_sta;;False;"0;0"
2026-08-24 11:15:06;flow_rate;"0;0";;"0;0"
2026-08-24 11:15:06;valve;;False;"0;0"
2026-08-24 11:15:34;in_water_temp;"17;8";;"17;8"
2026-08-24 11:16:05;tank_temp;"36;5";;"36;5"
2026-08-24 11:16:36;disc_temp;"18;7";;"18;7"
2026-08-24 11:16:58;tidr;"23;4";;"23;4"
2026-08-24 11:17:16;amb_temp;"18;8";;"18;8"
2026-08-24 11:17:31;back_temp;"19;1";;"19;1"
2026-08-24 11:17:31;comp_freq;"0;0";;"0;0"
2026-08-24 11:17:31;ac_curr;"0;0";;"0;0"
2026-08-24 11:19:19;fault_flag;;False;"0;0"
2026-08-24 11:19:19;protect_flag;;False;"0;0"
2026-08-24 11:19:19;m_eev;"480;0";;"480;0"
2026-08-24 11:19:19;a_eev;"10;0";;"10;0"
2026-08-24 11:19:19;ac_fan;;close;
2026-08-24 11:19:19;freeze;;False;"0;0"
2026-08-24 11:19:19;dc_fan1;"0;0";;"0;0"
2026-08-24 11:19:19;defrost;;False;"0;0"
2026-08-24 11:19:19;dc_fan2;"0;0";;"0;0"
2026-08-24 11:19:19;out_water_temp;"17;9";;"17;9"
2026-08-24 11:20:06;pump_sta;;False;"0;0"
2026-08-24 11:20:06;flow_rate;"0;0";;"0;0"
2026-08-24 11:20:06;valve;;False;"0;0"
2026-08-24 11:20:40;in_water_temp;"17;8";;"17;8"
2026-08-24 11:20:55;amb_temp;"18;3";;"18;3"
2026-08-24 11:21:05;tank_temp;"36;4";;"36;4"
2026-08-24 11:21:38;disc_temp;"18;7";;"18;7"
2026-08-24 11:21:59;tidr;"23;4";;"23;4"
2026-08-24 11:22:33;back_temp;"19;1";;"19;1"
2026-08-24 11:22:33;comp_freq;"0;0";;"0;0"
2026-08-24 11:22:33;ac_curr;"0;0";;"0;0"
2026-08-24 11:23:46;amb_temp;"17;8";;"17;8"
2026-08-24 11:24:22;fault_flag;;False;"0;0"
2026-08-24 11:24:22;protect_flag;;False;"0;0"
2026-08-24 11:24:22;m_eev;"480;0";;"480;0"
2026-08-24 11:24:22;a_eev;"10;0";;"10;0"
2026-08-24 11:24:22;ac_fan;;close;
2026-08-24 11:24:22;freeze;;False;"0;0"
2026-08-24 11:24:22;dc_fan1;"0;0";;"0;0"
2026-08-24 11:24:22;defrost;;False;"0;0"
2026-08-24 11:24:22;dc_fan2;"0;0";;"0;0"
2026-08-24 11:24:22;out_water_temp;"17;9";;"17;9"
2026-08-24 11:25:14;pump_sta;;False;"0;0"
2026-08-24 11:25:14;flow_rate;"0;0";;"0;0"
2026-08-24 11:25:14;valve;;False;"0;0"
2026-08-24 11:25:27;amb_temp;"17;3";;"17;3"
2026-08-24 11:25:44;in_water_temp;"17;8";;"17;8"
2026-08-24 11:26:07;tank_temp;"36;4";;"36;4"
2026-08-24 11:26:19;amb_temp;"16;8";;"16;8"
2026-08-24 11:26:41;disc_temp;"18;7";;"18;7"
2026-08-24 11:27:03;tidr;"23;4";;"23;4"
2026-08-24 11:27:10;amb_temp;"16;3";;"16;3"
2026-08-24 11:27:31;amb_temp;"15;8";;"15;8"
2026-08-24 11:27:34;back_temp;"19;0";;"19;0"
2026-08-24 11:27:34;comp_freq;"0;0";;"0;0"
2026-08-24 11:27:34;ac_curr;"0;0";;"0;0"
2026-08-24 11:28:15;amb_temp;"15;3";;"15;3"
2026-08-24 11:29:30;fault_flag;;False;"0;0"
2026-08-24 11:29:30;protect_flag;;False;"0;0"
2026-08-24 11:29:30;m_eev;"480;0";;"480;0"
2026-08-24 11:29:30;a_eev;"10;0";;"10;0"
2026-08-24 11:29:30;ac_fan;;close;
2026-08-24 11:29:30;freeze;;False;"0;0"
2026-08-24 11:29:30;dc_fan1;"0;0";;"0;0"
2026-08-24 11:29:30;defrost;;False;"0;0"
2026-08-24 11:29:30;dc_fan2;"0;0";;"0;0"
2026-08-24 11:29:30;out_water_temp;"17;8";;"17;8"
2026-08-24 11:29:30;amb_temp;"14;8";;"14;8"
2026-08-24 11:30:15;pump_sta;;False;"0;0"
2026-08-24 11:30:15;flow_rate;"0;0";;"0;0"
2026-08-24 11:30:15;valve;;False;"0;0"
2026-08-24 11:30:24;tidr;"23;5";;"23;5"
2026-08-24 11:30:45;in_water_temp;"17;7";;"17;7"
2026-08-24 11:31:13;tank_temp;"36;4";;"36;4"
2026-08-24 11:31:25;amb_temp;"14;3";;"14;3"
2026-08-24 11:31:42;disc_temp;"18;5";;"18;5"
2026-08-24 11:32:36;back_temp;"18;8";;"18;8"
2026-08-24 11:32:36;comp_freq;"0;0";;"0;0"
2026-08-24 11:32:36;ac_curr;"0;0";;"0;0"
2026-08-24 11:32:49;tidr;"23;4";;"23;4"
2026-08-24 11:34:31;fault_flag;;False;"0;0"
2026-08-24 11:34:31;protect_flag;;False;"0;0"
2026-08-24 11:34:31;m_eev;"480;0";;"480;0"
2026-08-24 11:34:31;a_eev;"10;0";;"10;0"
2026-08-24 11:34:31;ac_fan;;close;
2026-08-24 11:34:31;freeze;;False;"0;0"
2026-08-24 11:34:31;dc_fan1;"0;0";;"0;0"
2026-08-24 11:34:31;defrost;;False;"0;0"
2026-08-24 11:34:31;dc_fan2;"0;0";;"0;0"
2026-08-24 11:34:31;out_water_temp;"17;8";;"17;8"
2026-08-24 11:34:54;in_water_temp;"17;4";;"17;4"
2026-08-24 11:35:20;pump_sta;;False;"0;0"
2026-08-24 11:35:20;flow_rate;"0;0";;"0;0"
2026-08-24 11:35:20;valve;;False;"0;0"
2026-08-24 11:35:57;tidr;"23;5";;"23;5"
2026-08-24 11:36:17;tank_temp;"36;2";;"36;2"
2026-08-24 11:36:26;amb_temp;"14;6";;"14;6"
2026-08-24 11:36:44;disc_temp;"18;5";;"18;5"
2026-08-24 11:37:37;back_temp;"18;8";;"18;8"
2026-08-24 11:37:37;comp_freq;"0;0";;"0;0"
2026-08-24 11:37:37;ac_curr;"0;0";;"0;0"
2026-08-24 11:39:34;fault_flag;;False;"0;0"
2026-08-24 11:39:34;protect_flag;;False;"0;0"
2026-08-24 11:39:34;m_eev;"480;0";;"480;0"
2026-08-24 11:39:34;a_eev;"10;0";;"10;0"
2026-08-24 11:39:34;ac_fan;;close;
2026-08-24 11:39:34;freeze;;False;"0;0"
2026-08-24 11:39:34;dc_fan1;"0;0";;"0;0"
2026-08-24 11:39:34;defrost;;False;"0;0"
2026-08-24 11:39:34;dc_fan2;"0;0";;"0;0"
2026-08-24 11:39:34;out_water_temp;"17;8";;"17;8"
2026-08-24 11:39:55;in_water_temp;"17;3";;"17;3"
2026-08-24 11:40:26;pump_sta;;False;"0;0"
2026-08-24 11:40:26;flow_rate;"0;0";;"0;0"
2026-08-24 11:40:26;valve;;False;"0;0"
2026-08-24 11:41:02;tidr;"23;5";;"23;5"
2026-08-24 11:41:15;tank_temp;"36;2";;"36;2"
2026-08-24 11:41:31;amb_temp;"14;7";;"14;7"
2026-08-24 11:41:44;disc_temp;"18;5";;"18;5"
2026-08-24 11:42:40;back_temp;"18;6";;"18;6"
2026-08-24 11:42:40;comp_freq;"0;0";;"0;0"
2026-08-24 11:42:40;ac_curr;"0;0";;"0;0"
2026-08-24 11:44:34;fault_flag;;False;"0;0"
2026-08-24 11:44:34;protect_flag;;False;"0;0"
2026-08-24 11:44:34;m_eev;"480;0";;"480;0"
2026-08-24 11:44:34;a_eev;"10;0";;"10;0"
2026-08-24 11:44:34;ac_fan;;close;
2026-08-24 11:44:34;freeze;;False;"0;0"
2026-08-24 11:44:34;dc_fan1;"0;0";;"0;0"
2026-08-24 11:44:34;defrost;;False;"0;0"
2026-08-24 11:44:34;dc_fan2;"0;0";;"0;0"
2026-08-24 11:44:34;out_water_temp;"17;7";;"17;7"
2026-08-24 11:44:55;in_water_temp;"17;2";;"17;2"
2026-08-24 11:45:29;pump_sta;;False;"0;0"
2026-08-24 11:45:29;flow_rate;"0;0";;"0;0"
2026-08-24 11:45:29;valve;;False;"0;0"
2026-08-24 11:46:03;tidr;"23;5";;"23;5"
2026-08-24 11:46:25;tank_temp;"36;2";;"36;2"
2026-08-24 11:46:33;amb_temp;"14;8";;"14;8"
2026-08-24 11:46:46;disc_temp;"18;5";;"18;5"
2026-08-24 11:47:48;back_temp;"18;3";;"18;3"
2026-08-24 11:47:48;comp_freq;"0;0";;"0;0"
2026-08-24 11:47:48;ac_curr;"0;0";;"0;0"
2026-08-24 11:49:37;fault_flag;;False;"0;0"
2026-08-24 11:49:37;protect_flag;;False;"0;0"
2026-08-24 11:49:37;m_eev;"480;0";;"480;0"
2026-08-24 11:49:37;a_eev;"10;0";;"10;0"
2026-08-24 11:49:37;ac_fan;;close;
2026-08-24 11:49:37;freeze;;False;"0;0"
2026-08-24 11:49:37;dc_fan1;"0;0";;"0;0"
2026-08-24 11:49:37;defrost;;False;"0;0"
2026-08-24 11:49:37;dc_fan2;"0;0";;"0;0"
2026-08-24 11:49:37;out_water_temp;"17;6";;"17;6"
2026-08-24 11:49:57;in_water_temp;"17;2";;"17;2"
2026-08-24 11:50:07;tidr;"23;4";;"23;4"
2026-08-24 11:50:32;pump_sta;;False;"0;0"
2026-08-24 11:50:32;flow_rate;"0;0";;"0;0"
2026-08-24 11:50:32;valve;;False;"0;0"
2026-08-24 11:51:27;tank_temp;"36;2";;"36;2"
2026-08-24 11:51:40;amb_temp;"14;8";;"14;8"
2026-08-24 11:51:49;disc_temp;"18;3";;"18;3"
2026-08-24 11:52:50;back_temp;"18;3";;"18;3"
2026-08-24 11:52:50;comp_freq;"0;0";;"0;0"
2026-08-24 11:52:50;ac_curr;"0;0";;"0;0"
2026-08-24 11:54:38;fault_flag;;False;"0;0"
2026-08-24 11:54:38;protect_flag;;False;"0;0"
2026-08-24 11:54:38;m_eev;"480;0";;"480;0"
2026-08-24 11:54:38;a_eev;"10;0";;"10;0"
2026-08-24 11:54:38;ac_fan;;close;
2026-08-24 11:54:38;freeze;;False;"0;0"
2026-08-24 11:54:38;dc_fan1;"0;0";;"0;0"
2026-08-24 11:54:38;defrost;;False;"0;0"
2026-08-24 11:54:38;dc_fan2;"0;0";;"0;0"
2026-08-24 11:54:38;out_water_temp;"17;5";;"17;5"
2026-08-24 11:54:58;in_water_temp;"17;1";;"17;1"
2026-08-24 11:55:09;tidr;"23;4";;"23;4"
2026-08-24 11:55:34;pump_sta;;False;"0;0"
2026-08-24 11:55:34;flow_rate;"0;0";;"0;0"
2026-08-24 11:55:34;valve;;False;"0;0"
2026-08-24 11:56:27;tank_temp;"36;4";;"36;4"
2026-08-24 11:56:45;amb_temp;"15;0";;"15;0"
2026-08-24 11:56:50;disc_temp;"18;3";;"18;3"
2026-08-24 11:57:50;back_temp;"18;2";;"18;2"
2026-08-24 11:57:50;comp_freq;"0;0";;"0;0"
2026-08-24 11:57:50;ac_curr;"0;0";;"0;0"
2026-08-24 11:59:42;fault_flag;;False;"0;0"
2026-08-24 11:59:42;protect_flag;;False;"0;0"
2026-08-24 11:59:42;m_eev;"480;0";;"480;0"
2026-08-24 11:59:42;a_eev;"10;0";;"10;0"
2026-08-24 11:59:42;ac_fan;;close;
2026-08-24 11:59:42;freeze;;False;"0;0"
2026-08-24 11:59:42;dc_fan1;"0;0";;"0;0"
2026-08-24 11:59:42;defrost;;False;"0;0"
2026-08-24 11:59:42;dc_fan2;"0;0";;"0;0"
2026-08-24 11:59:42;out_water_temp;"17;5";;"17;5"
2026-08-24 11:59:59;in_water_temp;"17;1";;"17;1"
2026-08-24 12:00:09;tidr;"23;4";;"23;4"
2026-08-24 12:00:35;pump_sta;;False;"0;0"
2026-08-24 12:00:35;flow_rate;"0;0";;"0;0"
2026-08-24 12:00:35;valve;;False;"0;0"
2026-08-24 12:01:28;tank_temp;"36;2";;"36;2"
2026-08-24 12:01:45;amb_temp;"15;1";;"15;1"
2026-08-24 12:01:51;disc_temp;"18;3";;"18;3"
2026-08-24 12:02:53;back_temp;"18;1";;"18;1"
2026-08-24 12:02:53;comp_freq;"0;0";;"0;0"
2026-08-24 12:02:53;ac_curr;"0;0";;"0;0"
2026-08-24 12:03:20;tidr;"23;5";;"23;5"
2026-08-24 12:04:29;tidr;"23;4";;"23;4"
2026-08-24 12:04:44;fault_flag;;False;"0;0"
2026-08-24 12:04:44;protect_flag;;False;"0;0"
2026-08-24 12:04:44;m_eev;"480;0";;"480;0"
2026-08-24 12:04:44;a_eev;"10;0";;"10;0"
2026-08-24 12:04:44;ac_fan;;close;
2026-08-24 12:04:44;freeze;;False;"0;0"
2026-08-24 12:04:44;dc_fan1;"0;0";;"0;0"
2026-08-24 12:04:44;defrost;;False;"0;0"
2026-08-24 12:04:44;dc_fan2;"0;0";;"0;0"
2026-08-24 12:04:44;out_water_temp;"17;4";;"17;4"
2026-08-24 12:05:00;in_water_temp;"17;1";;"17;1"
2026-08-24 12:05:37;pump_sta;;False;"0;0"
2026-08-24 12:05:37;flow_rate;"0;0";;"0;0"
2026-08-24 12:05:37;valve;;False;"0;0"
2026-08-24 12:06:36;tank_temp;"36;1";;"36;1"
2026-08-24 12:06:46;amb_temp;"15;3";;"15;3"
2026-08-24 12:06:54;disc_temp;"18;1";;"18;1"
2026-08-24 12:07:56;back_temp;"18;0";;"18;0"
2026-08-24 12:07:56;comp_freq;"0;0";;"0;0"
2026-08-24 12:07:56;ac_curr;"0;0";;"0;0"
2026-08-24 12:09:38;tidr;"23;4";;"23;4"
2026-08-24 12:09:45;fault_flag;;False;"0;0"
2026-08-24 12:09:45;protect_flag;;False;"0;0"
2026-08-24 12:09:45;m_eev;"480;0";;"480;0"
2026-08-24 12:09:45;a_eev;"10;0";;"10;0"
2026-08-24 12:09:45;ac_fan;;close;
2026-08-24 12:09:45;freeze;;False;"0;0"
2026-08-24 12:09:45;dc_fan1;"0;0";;"0;0"
2026-08-24 12:09:45;defrost;;False;"0;0"
2026-08-24 12:09:45;dc_fan2;"0;0";;"0;0"
2026-08-24 12:09:45;out_water_temp;"17;3";;"17;3"
2026-08-24 12:10:02;in_water_temp;"17;1";;"17;1"
2026-08-24 12:10:27;tidr;"23;5";;"23;5"
2026-08-24 12:10:38;pump_sta;;False;"0;0"
2026-08-24 12:10:38;flow_rate;"0;0";;"0;0"
2026-08-24 12:10:38;valve;;False;"0;0"
2026-08-24 12:11:10;tank_temp;"35;8";;"35;8"
2026-08-24 12:11:21;tank_temp;"36;1";;"36;1"
2026-08-24 12:11:48;amb_temp;"15;3";;"15;3"
2026-08-24 12:11:55;disc_temp;"18;1";;"18;1"
2026-08-24 12:12:59;back_temp;"17;9";;"17;9"
2026-08-24 12:12:59;comp_freq;"0;0";;"0;0"
2026-08-24 12:12:59;ac_curr;"0;0";;"0;0"
2026-08-24 12:13:22;tank_temp;"35;8";;"35;8"
2026-08-24 12:13:30;tank_temp;"36;1";;"36;1"
2026-08-24 12:14:46;fault_flag;;False;"0;0"
2026-08-24 12:14:46;protect_flag;;False;"0;0"
2026-08-24 12:14:46;m_eev;"480;0";;"480;0"
2026-08-24 12:14:46;a_eev;"10;0";;"10;0"
2026-08-24 12:14:46;ac_fan;;close;
2026-08-24 12:14:46;freeze;;False;"0;0"
2026-08-24 12:14:46;dc_fan1;"0;0";;"0;0"
2026-08-24 12:14:46;defrost;;False;"0;0"
2026-08-24 12:14:46;dc_fan2;"0;0";;"0;0"
2026-08-24 12:14:46;out_water_temp;"17;3";;"17;3"
2026-08-24 12:15:06;in_water_temp;"17;1";;"17;1"
2026-08-24 12:15:33;tidr;"23;5";;"23;5"
2026-08-24 12:15:40;pump_sta;;False;"0;0"
2026-08-24 12:15:40;flow_rate;"0;0";;"0;0"
2026-08-24 12:15:40;valve;;False;"0;0"
2026-08-24 12:16:51;amb_temp;"15;5";;"15;5"
2026-08-24 12:16:57;disc_temp;"18;1";;"18;1"
2026-08-24 12:18:00;back_temp;"17;9";;"17;9"
2026-08-24 12:18:00;comp_freq;"0;0";;"0;0"
2026-08-24 12:18:00;ac_curr;"0;0";;"0;0"
2026-08-24 12:18:30;tank_temp;"36;1";;"36;1"
2026-08-24 12:19:30;tank_temp;"35;8";;"35;8"
2026-08-24 12:19:47;fault_flag;;False;"0;0"
2026-08-24 12:19:47;protect_flag;;False;"0;0"
2026-08-24 12:19:47;m_eev;"480;0";;"480;0"
2026-08-24 12:19:47;a_eev;"10;0";;"10;0"
2026-08-24 12:19:47;ac_fan;;close;
2026-08-24 12:19:47;freeze;;False;"0;0"
2026-08-24 12:19:47;dc_fan1;"0;0";;"0;0"
2026-08-24 12:19:47;defrost;;False;"0;0"
2026-08-24 12:19:47;dc_fan2;"0;0";;"0;0"
2026-08-24 12:19:47;out_water_temp;"17;3";;"17;3"
2026-08-24 12:20:08;in_water_temp;"17;1";;"17;1"
2026-08-24 12:20:33;tidr;"23;5";;"23;5"
2026-08-24 12:20:42;pump_sta;;False;"0;0"
2026-08-24 12:20:42;flow_rate;"0;0";;"0;0"
2026-08-24 12:20:42;valve;;False;"0;0"
2026-08-24 12:21:51;amb_temp;"15;6";;"15;6"
2026-08-24 12:21:58;disc_temp;"18;1";;"18;1"
2026-08-24 12:22:18;tidr;"23;4";;"23;4"
2026-08-24 12:23:01;back_temp;"17;9";;"17;9"
2026-08-24 12:23:01;comp_freq;"0;0";;"0;0"
2026-08-24 12:23:01;ac_curr;"0;0";;"0;0"
2026-08-24 12:24:31;tank_temp;"35;8";;"35;8"
2026-08-24 12:24:47;fault_flag;;False;"0;0"
2026-08-24 12:24:47;protect_flag;;False;"0;0"
2026-08-24 12:24:47;m_eev;"480;0";;"480;0"
2026-08-24 12:24:47;a_eev;"10;0";;"10;0"
2026-08-24 12:24:47;ac_fan;;close;
2026-08-24 12:24:47;freeze;;False;"0;0"
2026-08-24 12:24:47;dc_fan1;"0;0";;"0;0"
2026-08-24 12:24:47;defrost;;False;"0;0"
2026-08-24 12:24:47;dc_fan2;"0;0";;"0;0"
2026-08-24 12:24:47;out_water_temp;"17;3";;"17;3"
2026-08-24 12:25:09;in_water_temp;"17;1";;"17;1"
2026-08-24 12:25:42;pump_sta;;False;"0;0"
2026-08-24 12:25:42;flow_rate;"0;0";;"0;0"
2026-08-24 12:25:42;valve;;False;"0;0"
2026-08-24 12:26:54;amb_temp;"15;7";;"15;7"
2026-08-24 12:26:59;disc_temp;"18;1";;"18;1"
2026-08-24 12:27:02;tidr;"23;5";;"23;5"
2026-08-24 12:28:02;back_temp;"17;9";;"17;9"
2026-08-24 12:28:02;comp_freq;"0;0";;"0;0"
2026-08-24 12:28:02;ac_curr;"0;0";;"0;0"
2026-08-24 12:28:35;tidr;"23;4";;"23;4"
2026-08-24 12:29:32;tank_temp;"35;8";;"35;8"
2026-08-24 12:29:54;fault_flag;;False;"0;0"
2026-08-24 12:29:54;protect_flag;;False;"0;0"
2026-08-24 12:29:54;m_eev;"480;0";;"480;0"
2026-08-24 12:29:54;a_eev;"10;0";;"10;0"
2026-08-24 12:29:54;ac_fan;;close;
2026-08-24 12:29:54;freeze;;False;"0;0"
2026-08-24 12:29:54;dc_fan1;"0;0";;"0;0"
2026-08-24 12:29:54;defrost;;False;"0;0"
2026-08-24 12:29:54;dc_fan2;"0;0";;"0;0"
2026-08-24 12:29:54;out_water_temp;"17;2";;"17;2"
2026-08-24 12:30:10;in_water_temp;"17;1";;"17;1"
2026-08-24 12:30:45;pump_sta;;False;"0;0"
2026-08-24 12:30:45;flow_rate;"0;0";;"0;0"
2026-08-24 12:30:45;valve;;False;"0;0"
2026-08-24 12:31:56;amb_temp;"15;8";;"15;8"
2026-08-24 12:32:00;disc_temp;"18;1";;"18;1"
2026-08-24 12:32:06;tidr;"23;5";;"23;5"
2026-08-24 12:33:07;back_temp;"18;0";;"18;0"
2026-08-24 12:33:07;comp_freq;"0;0";;"0;0"
2026-08-24 12:33:07;ac_curr;"0;0";;"0;0"
2026-08-24 12:34:33;tank_temp;"35;7";;"35;7"
2026-08-24 12:34:55;tidr;"23;4";;"23;4"
2026-08-24 12:34:55;fault_flag;;False;"0;0"
2026-08-24 12:34:55;protect_flag;;False;"0;0"
2026-08-24 12:34:55;m_eev;"480;0";;"480;0"
2026-08-24 12:34:55;a_eev;"10;0";;"10;0"
2026-08-24 12:34:55;ac_fan;;close;
2026-08-24 12:34:55;freeze;;False;"0;0"
2026-08-24 12:34:55;dc_fan1;"0;0";;"0;0"
2026-08-24 12:34:55;defrost;;False;"0;0"
2026-08-24 12:34:55;dc_fan2;"0;0";;"0;0"
2026-08-24 12:34:55;out_water_temp;"17;2";;"17;2"
2026-08-24 12:34:56;cool_temp_set_z2;"120;0";;"120;0"
2026-08-24 12:34:56;heat_temp_set_z2;"350;0";;"350;0"
2026-08-24 12:34:56;auto_cool_temp_set_z2;"70;0";;"70;0"
2026-08-24 12:34:56;auto_heat_temp_set_z2;"270;0";;"270;0"
2026-08-24 12:34:56;idr_temp_set;"250;0";;"250;0"
2026-08-24 12:34:56;holiday_sw;;False;"0;0"
2026-08-24 12:34:56;switch;;False;"0;0"
2026-08-24 12:34:56;mute;;False;"0;0"
2026-08-24 12:34:56;cool_temp_set;"12;0";;"12;0"
2026-08-24 12:34:56;heat_temp_set;"41;0";;"41;0"
2026-08-24 12:34:56;auto_heat_temp_set_z1;"350;0";;"350;0"
2026-08-24 12:34:56;hot_water_temp_set;"42;0";;"42;0"
2026-08-24 12:34:56;zone_select;;0;"0;0"
2026-08-24 12:34:56;auto_temp_set;"70;0";;"70;0"
2026-08-24 12:34:56;work_mode;;hot_water;
2026-08-24 12:35:10;in_water_temp;"17;1";;"17;1"
2026-08-24 12:35:37;tidr;"23;3";;"23;3"
2026-08-24 12:35:46;pump_sta;;False;"0;0"
2026-08-24 12:35:46;flow_rate;"0;0";;"0;0"
2026-08-24 12:35:46;valve;;False;"0;0"
2026-08-24 12:36:39;tidr;"23;4";;"23;4"
2026-08-24 12:36:58;amb_temp;"15;9";;"15;9"
2026-08-24 12:37:00;disc_temp;"18;1";;"18;1"
2026-08-24 12:37:03;tidr;"23;5";;"23;5"
2026-08-24 12:37:46;tidr;"23;6";;"23;6"
2026-08-24 12:38:08;back_temp;"18;0";;"18;0"
2026-08-24 12:38:08;comp_freq;"0;0";;"0;0"
2026-08-24 12:38:08;ac_curr;"0;0";;"0;0"
2026-08-24 12:38:26;tank_temp;"35;4";;"35;4"
2026-08-24 12:38:37;tank_temp;"35;7";;"35;7"
2026-08-24 12:39:58;fault_flag;;False;"0;0"
2026-08-24 12:39:58;protect_flag;;False;"0;0"
2026-08-24 12:39:58;m_eev;"480;0";;"480;0"
2026-08-24 12:39:58;a_eev;"10;0";;"10;0"
2026-08-24 12:39:58;ac_fan;;close;
2026-08-24 12:39:58;freeze;;False;"0;0"
2026-08-24 12:39:58;dc_fan1;"0;0";;"0;0"
2026-08-24 12:39:58;defrost;;False;"0;0"
2026-08-24 12:39:58;dc_fan2;"0;0";;"0;0"
2026-08-24 12:39:58;out_water_temp;"17;2";;"17;2"
2026-08-24 12:40:03;cool_temp_set_z2;"120;0";;"120;0"
2026-08-24 12:40:03;heat_temp_set_z2;"350;0";;"350;0"
2026-08-24 12:40:03;auto_cool_temp_set_z2;"70;0";;"70;0"
2026-08-24 12:40:03;auto_heat_temp_set_z2;"270;0";;"270;0"
2026-08-24 12:40:03;idr_temp_set;"250;0";;"250;0"
2026-08-24 12:40:03;holiday_sw;;False;"0;0"
2026-08-24 12:40:03;switch;;True;"1;0"
2026-08-24 12:40:03;mute;;False;"0;0"
2026-08-24 12:40:03;cool_temp_set;"12;0";;"12;0"
2026-08-24 12:40:03;heat_temp_set;"41;0";;"41;0"
2026-08-24 12:40:03;auto_heat_temp_set_z1;"350;0";;"350;0"
2026-08-24 12:40:03;hot_water_temp_set;"46;0";;"46;0"
2026-08-24 12:40:03;zone_select;;0;"0;0"
2026-08-24 12:40:03;auto_temp_set;"70;0";;"70;0"
2026-08-24 12:40:03;work_mode;;hot_water;
2026-08-24 12:40:06;pump_sta;;True;"1;0"
2026-08-24 12:40:06;flow_rate;"25;0";;"25;0"
2026-08-24 12:40:09;flow_rate;"4;0";;"4;0"
2026-08-24 12:40:12;flow_rate;"6;0";;"6;0"
2026-08-24 12:40:12;in_water_temp;"17;1";;"17;1"
2026-08-24 12:40:15;flow_rate;"5;0";;"5;0"
2026-08-24 12:40:19;flow_rate;"6;0";;"6;0"
2026-08-24 12:40:19;tank_temp;"35;4";;"35;4"
2026-08-24 12:40:22;in_water_temp;"17;5";;"17;5"
2026-08-24 12:40:24;flow_rate;"5;0";;"5;0"
2026-08-24 12:40:25;in_water_temp;"17;8";;"17;8"
2026-08-24 12:40:27;flow_rate;"6;0";;"6;0"
2026-08-24 12:40:30;in_water_temp;"18;2";;"18;2"
2026-08-24 12:40:35;in_water_temp;"18;5";;"18;5"
2026-08-24 12:40:38;in_water_temp;"18;8";;"18;8"
2026-08-24 12:40:38;out_water_temp;"17;7";;"17;7"
2026-08-24 12:40:42;out_water_temp;"18;0";;"18;0"
2026-08-24 12:40:45;in_water_temp;"19;2";;"19;2"
2026-08-24 12:40:45;out_water_temp;"18;4";;"18;4"
2026-08-24 12:40:47;valve;;False;"0;0"
2026-08-24 12:40:50;out_water_temp;"18;8";;"18;8"
2026-08-24 12:40:58;in_water_temp;"19;5";;"19;5"
2026-08-24 12:40:58;out_water_temp;"19;3";;"19;3"
2026-08-24 12:41:11;out_water_temp;"19;7";;"19;7"
2026-08-24 12:41:13;in_water_temp;"19;8";;"19;8"
2026-08-24 12:41:14;flow_rate;"5;0";;"5;0"
2026-08-24 12:41:20;flow_rate;"6;0";;"6;0"
2026-08-24 12:41:23;in_water_temp;"20;3";;"20;3"
2026-08-24 12:41:24;flow_rate;"5;0";;"5;0"
2026-08-24 12:41:26;in_water_temp;"20;7";;"20;7"
2026-08-24 12:41:27;flow_rate;"12;0";;"12;0"
2026-08-24 12:41:29;a_eev;"49;0";;"49;0"
2026-08-24 12:41:29;flow_rate;"16;0";;"16;0"
2026-08-24 12:41:30;in_water_temp;"21;2";;"21;2"
2026-08-24 12:41:30;out_water_temp;"20;0";;"20;0"
2026-08-24 12:41:32;a_eev;"215;0";;"215;0"
2026-08-24 12:41:32;flow_rate;"15;0";;"15;0"
2026-08-24 12:41:34;in_water_temp;"21;7";;"21;7"
2026-08-24 12:41:35;out_water_temp;"20;3";;"20;3"
2026-08-24 12:41:36;a_eev;"297;0";;"297;0"
2026-08-24 12:41:38;in_water_temp;"22;1";;"22;1"
2026-08-24 12:41:38;out_water_temp;"20;8";;"20;8"
2026-08-24 12:41:39;a_eev;"380;0";;"380;0"
2026-08-24 12:41:39;dc_fan1;"10;0";;"10;0"
2026-08-24 12:41:42;a_eev;"463;0";;"463;0"
2026-08-24 12:41:42;dc_fan1;"43;0";;"43;0"
2026-08-24 12:41:43;in_water_temp;"22;7";;"22;7"
2026-08-24 12:41:43;out_water_temp;"21;3";;"21;3"
2026-08-24 12:41:45;a_eev;"480;0";;"480;0"
2026-08-24 12:41:45;dc_fan1;"112;0";;"112;0"
2026-08-24 12:41:46;in_water_temp;"23;1";;"23;1"
2026-08-24 12:41:46;out_water_temp;"22;1";;"22;1"
2026-08-24 12:41:56;tidr;"23;5";;"23;5"
2026-08-24 12:41:56;a_eev;"275;0";;"275;0"
2026-08-24 12:41:56;dc_fan1;"281;0";;"281;0"
2026-08-24 12:41:56;in_water_temp;"23;9";;"23;9"
2026-08-24 12:41:56;out_water_temp;"23;4";;"23;4"
2026-08-24 12:41:57;a_eev;"192;0";;"192;0"
2026-08-24 12:41:57;dc_fan1;"324;0";;"324;0"
2026-08-24 12:41:58;in_water_temp;"24;3";;"24;3"
2026-08-24 12:41:58;out_water_temp;"23;8";;"23;8"
2026-08-24 12:42:00;a_eev;"109;0";;"109;0"
2026-08-24 12:42:00;dc_fan1;"362;0";;"362;0"
2026-08-24 12:42:00;amb_temp;"15;9";;"15;9"
2026-08-24 12:42:00;ac_curr;"6;0";;"6;0"
2026-08-24 12:42:11;comp_freq;"30;0";;"30;0"
2026-08-24 12:42:11;a_eev;"10;0";;"10;0"
2026-08-24 12:42:11;dc_fan1;"398;0";;"398;0"
2026-08-24 12:42:11;in_water_temp;"25;1";;"25;1"
2026-08-24 12:42:11;ac_vol;"230;0";;"230;0"
2026-08-24 12:42:11;out_water_temp;"25;0";;"25;0"
2026-08-24 12:42:11;ac_curr;"22;0";;"22;0"
2026-08-24 12:42:11;disc_temp;"18;1";;"18;1"
2026-08-24 12:42:12;comp_freq;"32;0";;"32;0"
2026-08-24 12:42:12;ac_vol;"234;0";;"234;0"
2026-08-24 12:42:12;ac_curr;"18;0";;"18;0"
2026-08-24 12:42:14;out_water_temp;"25;3";;"25;3"
2026-08-24 12:42:15;comp_freq;"38;0";;"38;0"
2026-08-24 12:42:15;dc_fan1;"422;0";;"422;0"
2026-08-24 12:42:15;valve;;True;"1;0"
2026-08-24 12:42:15;ac_curr;"19;0";;"19;0"
2026-08-24 12:42:19;comp_freq;"40;0";;"40;0"
2026-08-24 12:42:19;dc_fan1;"446;0";;"446;0"
2026-08-24 12:42:19;in_water_temp;"25;5";;"25;5"
2026-08-24 12:42:19;out_water_temp;"25;6";;"25;6"
2026-08-24 12:42:19;ac_curr;"22;0";;"22;0"
2026-08-24 12:42:22;m_eev;"441;0";;"441;0"
2026-08-24 12:42:22;flow_rate;"16;0";;"16;0"
2026-08-24 12:42:22;ac_curr;"14;0";;"14;0"
2026-08-24 12:42:22;disc_temp;"18;7";;"18;7"
2026-08-24 12:42:25;m_eev;"358;0";;"358;0"
2026-08-24 12:42:25;dc_fan1;"434;0";;"434;0"
2026-08-24 12:42:25;ac_curr;"26;0";;"26;0"
2026-08-24 12:42:28;comp_freq;"42;0";;"42;0"
2026-08-24 12:42:28;m_eev;"291;0";;"291;0"
2026-08-24 12:42:28;dc_fan1;"430;0";;"430;0"
2026-08-24 12:42:28;ac_curr;"34;0";;"34;0"
2026-08-24 12:42:28;disc_temp;"19;5";;"19;5"
2026-08-24 12:42:31;in_water_temp;"25;8";;"25;8"
2026-08-24 12:42:32;comp_freq;"44;0";;"44;0"
2026-08-24 12:42:32;m_eev;"250;0";;"250;0"
2026-08-24 12:42:32;dc_fan1;"427;0";;"427;0"
2026-08-24 12:42:32;flow_rate;"17;0";;"17;0"
2026-08-24 12:42:32;disc_temp;"20;3";;"20;3"
2026-08-24 12:42:34;out_water_temp;"25;4";;"25;4"
2026-08-24 12:42:35;back_temp;"17;2";;"17;2"
2026-08-24 12:42:35;comp_freq;"47;0";;"47;0"
2026-08-24 12:42:35;flow_rate;"16;0";;"16;0"
2026-08-24 12:42:35;ac_curr;"38;0";;"38;0"
2026-08-24 12:42:35;disc_temp;"22;0";;"22;0"
2026-08-24 12:42:37;comp_freq;"50;0";;"50;0"
2026-08-24 12:42:37;dc_fan1;"424;0";;"424;0"
2026-08-24 12:42:37;ac_curr;"42;0";;"42;0"
2026-08-24 12:42:38;out_water_temp;"25;6";;"25;6"
2026-08-24 12:42:40;back_temp;"16;5";;"16;5"
2026-08-24 12:42:40;comp_freq;"52;0";;"52;0"
2026-08-24 12:42:40;flow_rate;"17;0";;"17;0"
2026-08-24 12:42:40;ac_curr;"45;0";;"45;0"
2026-08-24 12:42:40;disc_temp;"22;7";;"22;7"
2026-08-24 12:42:44;back_temp;"15;8";;"15;8"
2026-08-24 12:42:44;comp_freq;"55;0";;"55;0"
2026-08-24 12:42:44;dc_fan1;"420;0";;"420;0"
2026-08-24 12:42:44;ac_vol;"230;0";;"230;0"
2026-08-24 12:42:44;ac_curr;"54;0";;"54;0"
2026-08-24 12:42:44;disc_temp;"23;8";;"23;8"
2026-08-24 12:42:46;in_water_temp;"26;1";;"26;1"
2026-08-24 12:42:46;out_water_temp;"26;0";;"26;0"
2026-08-24 12:42:47;back_temp;"14;3";;"14;3"
2026-08-24 12:42:47;comp_freq;"58;0";;"58;0"
2026-08-24 12:42:47;ac_curr;"58;0";;"58;0"
2026-08-24 12:42:47;disc_temp;"25;5";;"25;5"
2026-08-24 12:42:50;back_temp;"13;6";;"13;6"
2026-08-24 12:42:50;comp_freq;"60;0";;"60;0"
2026-08-24 12:42:50;dc_fan1;"417;0";;"417;0"
2026-08-24 12:42:50;ac_curr;"62;0";;"62;0"
2026-08-24 12:42:50;disc_temp;"26;4";;"26;4"
2026-08-24 12:42:51;in_water_temp;"26;5";;"26;5"
2026-08-24 12:42:51;out_water_temp;"26;5";;"26;5"
2026-08-24 12:42:53;ac_curr;"63;0";;"63;0"
2026-08-24 12:42:54;in_water_temp;"26;9";;"26;9"
2026-08-24 12:42:54;out_water_temp;"27;3";;"27;3"
2026-08-24 12:42:56;back_temp;"12;4";;"12;4"
2026-08-24 12:42:56;ac_curr;"64;0";;"64;0"
2026-08-24 12:42:56;disc_temp;"28;0";;"28;0"
2026-08-24 12:42:58;in_water_temp;"27;4";;"27;4"
2026-08-24 12:42:58;out_water_temp;"27;8";;"27;8"
2026-08-24 12:43:00;ac_curr;"65;0";;"65;0"
2026-08-24 12:43:00;disc_temp;"28;8";;"28;8"
2026-08-24 12:43:01;in_water_temp;"27;8";;"27;8"
2026-08-24 12:43:01;out_water_temp;"28;6";;"28;6"
2026-08-24 12:43:03;back_temp;"11;6";;"11;6"
2026-08-24 12:43:03;ac_curr;"66;0";;"66;0"
2026-08-24 12:43:03;disc_temp;"29;7";;"29;7"
2026-08-24 12:43:05;ac_curr;"68;0";;"68;0"
2026-08-24 12:43:06;in_water_temp;"28;4";;"28;4"
2026-08-24 12:43:06;out_water_temp;"29;4";;"29;4"
2026-08-24 12:43:08;back_temp;"11;0";;"11;0"
2026-08-24 12:43:08;disc_temp;"31;2";;"31;2"
2026-08-24 12:43:11;in_water_temp;"28;7";;"28;7"
2026-08-24 12:43:11;out_water_temp;"30;2";;"30;2"
2026-08-24 12:43:12;dc_fan1;"443;0";;"443;0"
2026-08-24 12:43:12;disc_temp;"31;8";;"31;8"
2026-08-24 12:43:14;in_water_temp;"29;1";;"29;1"
2026-08-24 12:43:14;out_water_temp;"30;8";;"30;8"
2026-08-24 12:43:15;back_temp;"10;5";;"10;5"
2026-08-24 12:43:15;dc_fan1;"514;0";;"514;0"
2026-08-24 12:43:15;ac_curr;"69;0";;"69;0"
2026-08-24 12:43:15;disc_temp;"32;4";;"32;4"
2026-08-24 12:43:17;dc_fan1;"592;0";;"592;0"
2026-08-24 12:43:19;out_water_temp;"31;5";;"31;5"
2026-08-24 12:43:20;dc_fan1;"663;0";;"663;0"
2026-08-24 12:43:20;ac_curr;"71;0";;"71;0"
2026-08-24 12:43:20;disc_temp;"33;4";;"33;4"
2026-08-24 12:43:22;in_water_temp;"29;5";;"29;5"
2026-08-24 12:43:22;out_water_temp;"31;9";;"31;9"
2026-08-24 12:43:23;dc_fan1;"721;0";;"721;0"
2026-08-24 12:43:23;ac_curr;"73;0";;"73;0"
2026-08-24 12:43:23;disc_temp;"33;9";;"33;9"
2026-08-24 12:43:26;out_water_temp;"32;4";;"32;4"
2026-08-24 12:43:27;dc_fan1;"761;0";;"761;0"
2026-08-24 12:43:27;ac_curr;"71;0";;"71;0"
2026-08-24 12:43:27;disc_temp;"34;6";;"34;6"
2026-08-24 12:43:30;dc_fan1;"800;0";;"800;0"
2026-08-24 12:43:30;ac_curr;"73;0";;"73;0"
2026-08-24 12:43:33;out_water_temp;"32;7";;"32;7"
2026-08-24 12:43:34;dc_fan1;"827;0";;"827;0"
2026-08-24 12:43:34;in_water_temp;"29;8";;"29;8"
2026-08-24 12:43:34;out_water_temp;"33;0";;"33;0"
2026-08-24 12:43:34;ac_curr;"74;0";;"74;0"
2026-08-24 12:43:36;dc_fan1;"839;0";;"839;0"
2026-08-24 12:43:36;disc_temp;"35;3";;"35;3"
2026-08-24 12:43:40;disc_temp;"36;0";;"36;0"
2026-08-24 12:43:42;out_water_temp;"33;3";;"33;3"
2026-08-24 12:43:43;ac_curr;"75;0";;"75;0"
2026-08-24 12:43:49;m_eev;"211;0";;"211;0"
2026-08-24 12:43:49;dc_fan1;"835;0";;"835;0"
2026-08-24 12:43:49;flow_rate;"16;0";;"16;0"
2026-08-24 12:43:49;ac_curr;"73;0";;"73;0"
2026-08-24 12:43:49;disc_temp;"36;5";;"36;5"
2026-08-24 12:43:51;out_water_temp;"33;5";;"33;5"
2026-08-24 12:43:52;comp_freq;"57;0";;"57;0"
2026-08-24 12:43:52;m_eev;"200;0";;"200;0"
2026-08-24 12:43:52;flow_rate;"17;0";;"17;0"
2026-08-24 12:43:52;ac_curr;"70;0";;"70;0"
2026-08-24 12:43:52;disc_temp;"37;0";;"37;0"
2026-08-24 12:43:54;comp_freq;"51;0";;"51;0"
2026-08-24 12:43:54;ac_curr;"63;0";;"63;0"
2026-08-24 12:43:57;comp_freq;"50;0";;"50;0"
2026-08-24 12:43:57;ac_curr;"60;0";;"60;0"
2026-08-24 12:44:01;dc_fan1;"839;0";;"839;0"
2026-08-24 12:44:01;ac_curr;"59;0";;"59;0"
2026-08-24 12:44:04;ac_curr;"58;0";;"58;0"
2026-08-24 12:44:04;disc_temp;"37;6";;"37;6"
2026-08-24 12:44:08;ac_curr;"57;0";;"57;0"
2026-08-24 12:44:11;back_temp;"11;1";;"11;1"
2026-08-24 12:44:11;ac_curr;"56;0";;"56;0"
2026-08-24 12:44:12;out_water_temp;"33;2";;"33;2"
2026-08-24 12:44:13;ac_curr;"55;0";;"55;0"
2026-08-24 12:44:16;dc_fan1;"836;0";;"836;0"
2026-08-24 12:44:19;ac_vol;"234;0";;"234;0"
2026-08-24 12:44:19;out_water_temp;"33;0";;"33;0"
2026-08-24 12:44:23;ac_curr;"56;0";;"56;0"
2026-08-24 12:44:25;dc_fan1;"840;0";;"840;0"
2026-08-24 12:44:26;out_water_temp;"32;8";;"32;8"
2026-08-24 12:44:28;amb_temp;"15;4";;"15;4"
2026-08-24 12:44:28;disc_temp;"37;0";;"37;0"
2026-08-24 12:44:34;tank_temp;"35;0";;"35;0"
2026-08-24 12:44:35;dc_fan1;"836;0";;"836;0"
2026-08-24 12:44:38;ac_curr;"55;0";;"55;0"
2026-08-24 12:44:41;dc_fan1;"833;0";;"833;0"
2026-08-24 12:44:48;dc_fan1;"836;0";;"836;0"
2026-08-24 12:44:48;ac_curr;"56;0";;"56;0"
2026-08-24 12:44:51;comp_freq;"51;0";;"51;0"
2026-08-24 12:44:51;ac_curr;"58;0";;"58;0"
2026-08-24 12:44:53;comp_freq;"52;0";;"52;0"
2026-08-24 12:44:53;m_eev;"180;0";;"180;0"
2026-08-24 12:44:53;ac_curr;"59;0";;"59;0"
2026-08-24 12:44:54;in_water_temp;"30;1";;"30;1"
2026-08-24 12:44:56;dc_fan1;"831;0";;"831;0"
2026-08-24 12:44:56;ac_curr;"60;0";;"60;0"
2026-08-24 12:44:59;fault_flag;;False;"0;0"
2026-08-24 12:44:59;protect_flag;;False;"0;0"
2026-08-24 12:44:59;ac_fan;;close;
2026-08-24 12:44:59;freeze;;False;"0;0"
2026-08-24 12:44:59;defrost;;False;"0;0"
2026-08-24 12:44:59;dc_fan2;"0;0";;"0;0"
2026-08-24 12:45:00;ac_curr;"61;0";;"61;0"
2026-08-24 12:45:02;out_water_temp;"33;0";;"33;0"
2026-08-24 12:45:11;pump_sta;;True;"1;0"
2026-08-24 12:45:11;in_water_temp;"30;6";;"30;6"
2026-08-24 12:45:11;out_water_temp;"33;2";;"33;2"
2026-08-24 12:45:11;ac_curr;"62;0";;"62;0"
2026-08-24 12:45:13;flow_rate;"16;0";;"16;0"
2026-08-24 12:45:16;flow_rate;"17;0";;"17;0"
2026-08-24 12:45:16;ac_curr;"63;0";;"63;0"
2026-08-24 12:45:19;flow_rate;"16;0";;"16;0"
2026-08-24 12:45:19;out_water_temp;"33;5";;"33;5"
2026-08-24 12:45:19;disc_temp;"37;7";;"37;7"
2026-08-24 12:45:21;comp_freq;"54;0";;"54;0"
2026-08-24 12:45:21;dc_fan1;"828;0";;"828;0"
2026-08-24 12:45:21;ac_vol;"230;0";;"230;0"
2026-08-24 12:45:21;ac_curr;"66;0";;"66;0"
2026-08-24 12:45:22;in_water_temp;"30;9";;"30;9"
2026-08-24 12:45:22;out_water_temp;"33;7";;"33;7"
2026-08-24 12:45:24;dc_fan1;"822;0";;"822;0"
2026-08-24 12:45:24;flow_rate;"15;0";;"15;0"
2026-08-24 12:45:24;ac_curr;"67;0";;"67;0"
2026-08-24 12:45:27;in_water_temp;"31;1";;"31;1"
2026-08-24 12:45:28;disc_temp;"38;2";;"38;2"
2026-08-24 12:45:30;out_water_temp;"34;0";;"34;0"
2026-08-24 12:45:31;ac_curr;"68;0";;"68;0"
2026-08-24 12:45:41;dc_fan1;"827;0";;"827;0"
2026-08-24 12:45:41;in_water_temp;"31;5";;"31;5"
2026-08-24 12:45:41;out_water_temp;"34;3";;"34;3"
2026-08-24 12:45:41;disc_temp;"39;0";;"39;0"
2026-08-24 12:45:43;out_water_temp;"34;5";;"34;5"
2026-08-24 12:45:46;disc_temp;"39;5";;"39;5"
2026-08-24 12:45:49;comp_freq;"55;0";;"55;0"
2026-08-24 12:45:49;ac_curr;"71;0";;"71;0"
2026-08-24 12:45:51;out_water_temp;"34;7";;"34;7"
2026-08-24 12:45:52;comp_freq;"56;0";;"56;0"
2026-08-24 12:45:52;flow_rate;"14;0";;"14;0"
2026-08-24 12:45:52;ac_curr;"72;0";;"72;0"
2026-08-24 12:45:56;m_eev;"176;0";;"176;0"
2026-08-24 12:45:58;in_water_temp;"31;8";;"31;8"
2026-08-24 12:45:58;out_water_temp;"35;0";;"35;0"
2026-08-24 12:45:59;dc_fan1;"824;0";;"824;0"
2026-08-24 12:45:59;ac_curr;"73;0";;"73;0"
2026-08-24 12:45:59;disc_temp;"40;1";;"40;1"
2026-08-24 12:46:01;ac_curr;"72;0";;"72;0"
2026-08-24 12:46:07;out_water_temp;"35;2";;"35;2"
2026-08-24 12:46:08;dc_fan1;"828;0";;"828;0"
2026-08-24 12:46:08;disc_temp;"40;6";;"40;6"
2026-08-24 12:46:11;ac_curr;"73;0";;"73;0"
2026-08-24 12:46:13;dc_fan1;"822;0";;"822;0"
2026-08-24 12:46:13;ac_curr;"74;0";;"74;0"
2026-08-24 12:46:16;dc_fan1;"810;0";;"810;0"
2026-08-24 12:46:20;dc_fan1;"803;0";;"803;0"
2026-08-24 12:46:20;flow_rate;"13;0";;"13;0"
2026-08-24 12:46:20;ac_curr;"73;0";;"73;0"
2026-08-24 12:46:23;comp_freq;"58;0";;"58;0"
2026-08-24 12:46:23;m_eev;"172;0";;"172;0"
2026-08-24 12:46:23;flow_rate;"14;0";;"14;0"
2026-08-24 12:46:23;ac_curr;"78;0";;"78;0"
2026-08-24 12:46:23;disc_temp;"41;1";;"41;1"
2026-08-24 12:46:27;flow_rate;"13;0";;"13;0"
2026-08-24 12:46:27;ac_curr;"77;0";;"77;0"
2026-08-24 12:46:28;out_water_temp;"35;5";;"35;5"
2026-08-24 12:46:29;ac_curr;"78;0";;"78;0"
2026-08-24 12:46:35;ac_curr;"79;0";;"79;0"
2026-08-24 12:46:38;flow_rate;"14;0";;"14;0"
2026-08-24 12:46:38;disc_temp;"41;7";;"41;7"
2026-08-24 12:46:41;flow_rate;"13;0";;"13;0"
2026-08-24 12:46:41;ac_curr;"80;0";;"80;0"
2026-08-24 12:46:42;out_water_temp;"35;7";;"35;7"
2026-08-24 12:46:44;ac_curr;"79;0";;"79;0"
2026-08-24 12:46:47;flow_rate;"14;0";;"14;0"
2026-08-24 12:46:47;disc_temp;"42;2";;"42;2"
2026-08-24 12:46:50;back_temp;"10;6";;"10;6"
2026-08-24 12:46:50;comp_freq;"59;0";;"59;0"
2026-08-24 12:46:50;flow_rate;"13;0";;"13;0"
2026-08-24 12:46:50;ac_curr;"81;0";;"81;0"
2026-08-24 12:46:54;comp_freq;"60;0";;"60;0"
2026-08-24 12:46:54;m_eev;"168;0";;"168;0"
2026-08-24 12:46:54;ac_curr;"83;0";;"83;0"
2026-08-24 12:46:55;in_water_temp;"32;1";;"32;1"
2026-08-24 12:46:57;tidr;"23;5";;"23;5"
2026-08-24 12:46:58;tank_temp;"34;6";;"34;6"
2026-08-24 12:47:00;flow_rate;"14;0";;"14;0"
2026-08-24 12:47:00;ac_curr;"84;0";;"84;0"
2026-08-24 12:47:00;disc_temp;"42;7";;"42;7"
2026-08-24 12:47:05;flow_rate;"13;0";;"13;0"
2026-08-24 12:47:06;out_water_temp;"36;0";;"36;0"
2026-08-24 12:47:07;dc_fan1;"800;0";;"800;0"
2026-08-24 12:47:07;ac_curr;"85;0";;"85;0"
2026-08-24 12:47:09;dc_fan1;"794;0";;"794;0"
2026-08-24 12:47:09;flow_rate;"14;0";;"14;0"
2026-08-24 12:47:12;a_eev;"10;0";;"10;0"
2026-08-24 12:47:12;disc_temp;"43;2";;"43;2"
2026-08-24 12:47:16;valve;;True;"1;0"
2026-08-24 12:47:20;comp_freq;"61;0";;"61;0"
2026-08-24 12:47:20;ac_curr;"87;0";;"87;0"
2026-08-24 12:47:21;comp_freq;"62;0";;"62;0"
2026-08-24 12:47:21;flow_rate;"13;0";;"13;0"
2026-08-24 12:47:21;ac_curr;"89;0";;"89;0"
2026-08-24 12:47:23;out_water_temp;"36;2";;"36;2"
2026-08-24 12:47:24;m_eev;"164;0";;"164;0"
2026-08-24 12:47:24;dc_fan1;"789;0";;"789;0"
2026-08-24 12:47:24;disc_temp;"43;7";;"43;7"
2026-08-24 12:47:26;in_water_temp;"32;4";;"32;4"
2026-08-24 12:47:28;dc_fan1;"785;0";;"785;0"
2026-08-24 12:47:31;dc_fan1;"782;0";;"782;0"
2026-08-24 12:47:31;ac_curr;"90;0";;"90;0"
2026-08-24 12:47:35;dc_fan1;"779;0";;"779;0"
2026-08-24 12:47:35;disc_temp;"44;2";;"44;2"
2026-08-24 12:47:38;in_water_temp;"32;6";;"32;6"
2026-08-24 12:47:38;out_water_temp;"36;5";;"36;5"
2026-08-24 12:47:40;ac_curr;"91;0";;"91;0"
2026-08-24 12:47:46;out_water_temp;"36;7";;"36;7"
2026-08-24 12:47:47;dc_fan1;"776;0";;"776;0"
2026-08-24 12:47:47;disc_temp;"44;8";;"44;8"
2026-08-24 12:47:50;ac_curr;"90;0";;"90;0"
2026-08-24 12:47:52;m_eev;"160;0";;"160;0"
2026-08-24 12:47:52;dc_fan1;"773;0";;"773;0"
2026-08-24 12:47:52;ac_curr;"92;0";;"92;0"
2026-08-24 12:47:56;comp_freq;"64;0";;"64;0"
2026-08-24 12:47:56;dc_fan1;"770;0";;"770;0"
2026-08-24 12:47:56;ac_curr;"95;0";;"95;0"
2026-08-24 12:47:58;in_water_temp;"32;9";;"32;9"
2026-08-24 12:47:59;dc_fan1;"767;0";;"767;0"
2026-08-24 12:47:59;ac_curr;"94;0";;"94;0"
2026-08-24 12:47:59;disc_temp;"45;3";;"45;3"
2026-08-24 12:48:02;ac_curr;"96;0";;"96;0"
2026-08-24 12:48:03;out_water_temp;"37;0";;"37;0"
2026-08-24 12:48:05;ac_vol;"226;0";;"226;0"
2026-08-24 12:48:05;ac_curr;"97;0";;"97;0"
2026-08-24 12:48:08;back_temp;"10;1";;"10;1"
2026-08-24 12:48:10;out_water_temp;"37;2";;"37;2"
2026-08-24 12:48:12;ac_curr;"95;0";;"95;0"
2026-08-24 12:48:13;in_water_temp;"33;1";;"33;1"
2026-08-24 12:48:15;dc_fan1;"763;0";;"763;0"
2026-08-24 12:48:15;ac_curr;"93;0";;"93;0"
2026-08-24 12:48:15;disc_temp;"46;1";;"46;1"
2026-08-24 12:48:17;ac_curr;"91;0";;"91;0"
2026-08-24 12:48:20;comp_freq;"65;0";;"65;0"
2026-08-24 12:48:20;dc_fan1;"758;0";;"758;0"
2026-08-24 12:48:20;ac_curr;"94;0";;"94;0"
2026-08-24 12:48:24;comp_freq;"66;0";;"66;0"
2026-08-24 12:48:24;m_eev;"156;0";;"156;0"
2026-08-24 12:48:24;dc_fan1;"755;0";;"755;0"
2026-08-24 12:48:26;out_water_temp;"37;5";;"37;5"
2026-08-24 12:48:27;dc_fan1;"750;0";;"750;0"
2026-08-24 12:48:27;flow_rate;"14;0";;"14;0"
2026-08-24 12:48:27;ac_curr;"97;0";;"97;0"
2026-08-24 12:48:29;dc_fan1;"746;0";;"746;0"
2026-08-24 12:48:29;ac_curr;"98;0";;"98;0"
2026-08-24 12:48:31;out_water_temp;"37;7";;"37;7"
2026-08-24 12:48:32;dc_fan1;"743;0";;"743;0"
2026-08-24 12:48:32;ac_curr;"97;0";;"97;0"
2026-08-24 12:48:42;flow_rate;"13;0";;"13;0"
2026-08-24 12:48:42;in_water_temp;"33;4";;"33;4"
2026-08-24 12:48:42;ac_curr;"93;0";;"93;0"
2026-08-24 12:48:42;disc_temp;"47;4";;"47;4"
2026-08-24 12:48:43;out_water_temp;"38;0";;"38;0"
2026-08-24 12:48:45;flow_rate;"14;0";;"14;0"
2026-08-24 12:48:45;ac_curr;"96;0";;"96;0"
2026-08-24 12:48:48;comp_freq;"67;0";;"67;0"
2026-08-24 12:48:48;flow_rate;"13;0";;"13;0"
2026-08-24 12:48:48;ac_curr;"102;0";;"102;0"
2026-08-24 12:48:51;out_water_temp;"38;2";;"38;2"
2026-08-24 12:48:52;comp_freq;"68;0";;"68;0"
2026-08-24 12:48:52;dc_fan1;"739;0";;"739;0"
2026-08-24 12:48:52;flow_rate;"14;0";;"14;0"
2026-08-24 12:48:55;m_eev;"152;0";;"152;0"
2026-08-24 12:48:55;ac_curr;"101;0";;"101;0"
2026-08-24 12:48:57;ac_curr;"99;0";;"99;0"
2026-08-24 12:49:00;ac_curr;"98;0";;"98;0"
2026-08-24 12:49:03;ac_curr;"102;0";;"102;0"
2026-08-24 12:49:03;disc_temp;"48;0";;"48;0"
2026-08-24 12:49:06;in_water_temp;"33;6";;"33;6"
2026-08-24 12:49:06;out_water_temp;"38;6";;"38;6"
2026-08-24 12:49:07;dc_fan1;"735;0";;"735;0"
2026-08-24 12:49:07;disc_temp;"48;7";;"48;7"
2026-08-24 12:49:13;flow_rate;"15;0";;"15;0"
2026-08-24 12:49:13;ac_curr;"101;0";;"101;0"
2026-08-24 12:49:16;ac_curr;"100;0";;"100;0"
2026-08-24 12:49:18;out_water_temp;"38;9";;"38;9"
2026-08-24 12:49:20;dc_fan1;"727;0";;"727;0"
2026-08-24 12:49:20;ac_curr;"98;0";;"98;0"
2026-08-24 12:49:23;dc_fan1;"724;0";;"724;0"
2026-08-24 12:49:25;comp_freq;"70;0";;"70;0"
2026-08-24 12:49:25;m_eev;"148;0";;"148;0"
2026-08-24 12:49:25;ac_curr;"106;0";;"106;0"
2026-08-24 12:49:28;dc_fan1;"720;0";;"720;0"
2026-08-24 12:49:28;ac_curr;"105;0";;"105;0"
2026-08-24 12:49:31;in_water_temp;"33;9";;"33;9"
2026-08-24 12:49:31;amb_temp;"15;3";;"15;3"
2026-08-24 12:49:32;flow_rate;"16;0";;"16;0"
2026-08-24 12:49:42;back_temp;"9;6";;"9;6"
2026-08-24 12:49:42;dc_fan1;"712;0";;"712;0"
2026-08-24 12:49:42;out_water_temp;"39;1";;"39;1"
2026-08-24 12:49:42;ac_curr;"100;0";;"100;0"
2026-08-24 12:49:44;flow_rate;"17;0";;"17;0"
2026-08-24 12:49:44;ac_vol;"222;0";;"222;0"
2026-08-24 12:49:44;ac_curr;"106;0";;"106;0"
2026-08-24 12:49:46;in_water_temp;"34;1";;"34;1"
2026-08-24 12:49:47;dc_fan1;"708;0";;"708;0"
2026-08-24 12:49:47;flow_rate;"16;0";;"16;0"
2026-08-24 12:49:47;ac_curr;"105;0";;"105;0"
2026-08-24 12:49:47;disc_temp;"49;8";;"49;8"
2026-08-24 12:49:50;comp_freq;"71;0";;"71;0"
2026-08-24 12:49:50;dc_fan1;"704;0";;"704;0"
2026-08-24 12:49:50;flow_rate;"17;0";;"17;0"
2026-08-24 12:49:50;ac_curr;"106;0";;"106;0"
2026-08-24 12:49:53;comp_freq;"72;0";;"72;0"
2026-08-24 12:49:53;m_eev;"144;0";;"144;0"
2026-08-24 12:49:56;dc_fan1;"709;0";;"709;0"
2026-08-24 12:49:56;ac_curr;"107;0";;"107;0"
2026-08-24 12:50:00;fault_flag;;False;"0;0"
2026-08-24 12:50:00;protect_flag;;False;"0;0"
2026-08-24 12:50:00;ac_fan;;close;
2026-08-24 12:50:00;freeze;;False;"0;0"
2026-08-24 12:50:00;defrost;;False;"0;0"
2026-08-24 12:50:00;dc_fan2;"0;0";;"0;0"
2026-08-24 12:50:00;ac_curr;"106;0";;"106;0"
2026-08-24 12:50:00;disc_temp;"49;3";;"49;3"
2026-08-24 12:50:03;ac_curr;"105;0";;"105;0"
2026-08-24 12:50:05;ac_curr;"104;0";;"104;0"
2026-08-24 12:50:08;ac_curr;"106;0";;"106;0"
2026-08-24 12:50:12;pump_sta;;True;"1;0"
2026-08-24 12:50:12;ac_curr;"107;0";;"107;0"
2026-08-24 12:50:12;disc_temp;"50;3";;"50;3"
2026-08-24 12:50:14;in_water_temp;"34;4";;"34;4"
2026-08-24 12:50:15;dc_fan1;"703;0";;"703;0"
2026-08-24 12:50:15;ac_curr;"108;0";;"108;0"
2026-08-24 12:50:15;disc_temp;"50;9";;"50;9"
2026-08-24 12:50:17;back_temp;"10;1";;"10;1"
2026-08-24 12:50:17;dc_fan1;"699;0";;"699;0"
2026-08-24 12:50:17;ac_curr;"110;0";;"110;0"
2026-08-24 12:50:17;disc_temp;"52;0";;"52;0"
2026-08-24 12:50:21;comp_freq;"73;0";;"73;0"
2026-08-24 12:50:22;out_water_temp;"39;4";;"39;4"
2026-08-24 12:50:24;m_eev;"140;0";;"140;0"
2026-08-24 12:50:24;disc_temp;"52;5";;"52;5"
2026-08-24 12:50:28;ac_curr;"109;0";;"109;0"
2026-08-24 12:50:29;in_water_temp;"34;6";;"34;6"
2026-08-24 12:50:29;tank_temp;"35;0";;"35;0"
2026-08-24 12:50:31;back_temp;"9;5";;"9;5"
2026-08-24 12:50:31;dc_fan1;"702;0";;"702;0"
2026-08-24 12:50:31;flow_rate;"18;0";;"18;0"
2026-08-24 12:50:31;ac_curr;"108;0";;"108;0"
2026-08-24 12:50:31;disc_temp;"53;7";;"53;7"
2026-08-24 12:50:33;ac_curr;"109;0";;"109;0"
2026-08-24 12:50:35;out_water_temp;"39;6";;"39;6"
2026-08-24 12:50:36;dc_fan1;"705;0";;"705;0"
2026-08-24 12:50:36;disc_temp;"54;2";;"54;2"
2026-08-24 12:50:40;ac_curr;"108;0";;"108;0"
2026-08-24 12:50:40;disc_temp;"55;1";;"55;1"
2026-08-24 12:50:43;back_temp;"9;0";;"9;0"
2026-08-24 12:50:43;flow_rate;"19;0";;"19;0"
2026-08-24 12:50:45;flow_rate;"18;0";;"18;0"
2026-08-24 12:50:47;in_water_temp;"34;9";;"34;9"
2026-08-24 12:50:47;out_water_temp;"39;9";;"39;9"
2026-08-24 12:50:48;disc_temp;"56;0";;"56;0"
2026-08-24 12:50:51;flow_rate;"19;0";;"19;0"
2026-08-24 12:50:51;disc_temp;"56;8";;"56;8"
2026-08-24 12:50:55;m_eev;"136;0";;"136;0"
2026-08-24 12:50:55;disc_temp;"57;4";;"57;4"
2026-08-24 12:50:58;ac_curr;"109;0";;"109;0"
2026-08-24 12:50:59;out_water_temp;"40;1";;"40;1"
2026-08-24 12:51:01;dc_fan1;"702;0";;"702;0"
2026-08-24 12:51:02;in_water_temp;"35;1";;"35;1"
2026-08-24 12:51:04;disc_temp;"58;8";;"58;8"
2026-08-24 12:51:08;ac_curr;"110;0";;"110;0"
2026-08-24 12:51:08;disc_temp;"59;3";;"59;3"
2026-08-24 12:51:11;disc_temp;"60;2";;"60;2"
2026-08-24 12:51:16;dc_fan1;"699;0";;"699;0"
2026-08-24 12:51:16;disc_temp;"60;7";;"60;7"
2026-08-24 12:51:17;in_water_temp;"35;4";;"35;4"
2026-08-24 12:51:22;out_water_temp;"40;4";;"40;4"
2026-08-24 12:51:23;m_eev;"133;0";;"133;0"
2026-08-24 12:51:23;dc_fan1;"704;0";;"704;0"
2026-08-24 12:51:23;ac_curr;"109;0";;"109;0"
2026-08-24 12:51:23;disc_temp;"62;1";;"62;1"
2026-08-24 12:51:25;ac_curr;"110;0";;"110;0"
2026-08-24 12:51:27;in_water_temp;"35;6";;"35;6"
2026-08-24 12:51:32;comp_freq;"70;0";;"70;0"
2026-08-24 12:51:32;ac_curr;"105;0";;"105;0"
2026-08-24 12:51:32;disc_temp;"62;9";;"62;9"
2026-08-24 12:51:35;ac_vol;"226;0";;"226;0"
2026-08-24 12:51:35;ac_curr;"103;0";;"103;0"
2026-08-24 12:51:35;disc_temp;"63;8";;"63;8"
2026-08-24 12:51:38;dc_fan1;"707;0";;"707;0"
2026-08-24 12:51:38;disc_temp;"64;3";;"64;3"
2026-08-24 12:51:39;out_water_temp;"40;6";;"40;6"
2026-08-24 12:51:44;flow_rate;"20;0";;"20;0"
2026-08-24 12:51:44;disc_temp;"65;2";;"65;2"
2026-08-24 12:51:48;dc_fan1;"710;0";;"710;0"
2026-08-24 12:51:48;ac_curr;"102;0";;"102;0"
2026-08-24 12:51:50;dc_fan1;"715;0";;"715;0"
2026-08-24 12:51:50;in_water_temp;"35;9";;"35;9"
2026-08-24 12:51:50;ac_vol;"230;0";;"230;0"
2026-08-24 12:51:50;disc_temp;"66;0";;"66;0"
2026-08-24 12:51:53;dc_fan1;"723;0";;"723;0"
2026-08-24 12:51:53;flow_rate;"19;0";;"19;0"
2026-08-24 12:51:56;disc_temp;"66;7";;"66;7"
2026-08-24 12:51:58;tidr;"23;5";;"23;5"
2026-08-24 12:52:02;in_water_temp;"36;1";;"36;1"
2026-08-24 12:52:03;dc_fan1;"719;0";;"719;0"
2026-08-24 12:52:03;disc_temp;"67;4";;"67;4"
2026-08-24 12:52:06;ac_curr;"103;0";;"103;0"
2026-08-24 12:52:06;disc_temp;"67;9";;"67;9"
2026-08-24 12:52:12;dc_fan1;"713;0";;"713;0"
2026-08-24 12:52:15;a_eev;"10;0";;"10;0"
2026-08-24 12:52:15;out_water_temp;"40;9";;"40;9"
2026-08-24 12:52:16;dc_fan1;"705;0";;"705;0"
2026-08-24 12:52:16;disc_temp;"68;7";;"68;7"
2026-08-24 12:52:18;valve;;True;"1;0"
2026-08-24 12:52:19;dc_fan1;"699;0";;"699;0"
2026-08-24 12:52:19;flow_rate;"20;0";;"20;0"
2026-08-24 12:52:21;dc_fan1;"695;0";;"695;0"
2026-08-24 12:52:24;m_eev;"131;0";;"131;0"
2026-08-24 12:52:24;flow_rate;"19;0";;"19;0"
2026-08-24 12:52:25;in_water_temp;"36;4";;"36;4"
2026-08-24 12:52:27;ac_curr;"104;0";;"104;0"
2026-08-24 12:52:27;disc_temp;"69;4";;"69;4"
2026-08-24 12:52:30;out_water_temp;"41;1";;"41;1"
2026-08-24 12:52:31;ac_curr;"103;0";;"103;0"
2026-08-24 12:52:33;ac_curr;"102;0";;"102;0"
2026-08-24 12:52:33;disc_temp;"69;9";;"69;9"
2026-08-24 12:52:38;in_water_temp;"36;6";;"36;6"
2026-08-24 12:52:40;ac_curr;"104;0";;"104;0"
2026-08-24 12:52:44;ac_curr;"103;0";;"103;0"
2026-08-24 12:52:46;disc_temp;"70;4";;"70;4"
2026-08-24 12:52:50;out_water_temp;"41;4";;"41;4"
2026-08-24 12:52:56;dc_fan1;"692;0";;"692;0"
2026-08-24 12:52:58;out_water_temp;"41;6";;"41;6"
2026-08-24 12:52:59;disc_temp;"71;0";;"71;0"
2026-08-24 12:53:01;ac_curr;"104;0";;"104;0"
2026-08-24 12:53:03;in_water_temp;"36;9";;"36;9"
2026-08-24 12:53:03;tank_temp;"35;4";;"35;4"
2026-08-24 12:53:13;dc_fan1;"688;0";;"688;0"
2026-08-24 12:53:13;flow_rate;"20;0";;"20;0"
2026-08-24 12:53:13;disc_temp;"71;7";;"71;7"
2026-08-24 12:53:18;in_water_temp;"37;1";;"37;1"
2026-08-24 12:53:21;flow_rate;"19;0";;"19;0"
2026-08-24 12:53:26;out_water_temp;"41;9";;"41;9"
2026-08-24 12:53:27;dc_fan1;"685;0";;"685;0"
2026-08-24 12:53:27;disc_temp;"72;2";;"72;2"
2026-08-24 12:53:29;ac_curr;"105;0";;"105;0"
2026-08-24 12:53:36;flow_rate;"20;0";;"20;0"
2026-08-24 12:53:36;ac_curr;"104;0";;"104;0"
2026-08-24 12:53:36;disc_temp;"72;7";;"72;7"
2026-08-24 12:53:38;tank_temp;"35;7";;"35;7"
2026-08-24 12:53:39;flow_rate;"19;0";;"19;0"
2026-08-24 12:53:39;ac_curr;"105;0";;"105;0"
2026-08-24 12:53:43;out_water_temp;"42;1";;"42;1"
2026-08-24 12:53:45;ac_curr;"104;0";;"104;0"
2026-08-24 12:53:48;ac_curr;"105;0";;"105;0"
2026-08-24 12:53:48;disc_temp;"73;2";;"73;2"
2026-08-24 12:53:51;in_water_temp;"37;4";;"37;4"
2026-08-24 12:53:57;flow_rate;"20;0";;"20;0"
2026-08-24 12:53:57;ac_curr;"104;0";;"104;0"
2026-08-24 12:54:00;flow_rate;"19;0";;"19;0"
2026-08-24 12:54:00;ac_curr;"105;0";;"105;0"
2026-08-24 12:54:04;ac_curr;"106;0";;"106;0"
2026-08-24 12:54:04;disc_temp;"73;9";;"73;9"
2026-08-24 12:54:07;ac_curr;"105;0";;"105;0"
2026-08-24 12:54:09;dc_fan1;"682;0";;"682;0"
2026-08-24 12:54:09;ac_curr;"106;0";;"106;0"
2026-08-24 12:54:14;in_water_temp;"37;6";;"37;6"
2026-08-24 12:54:15;dc_fan1;"685;0";;"685;0"
2026-08-24 12:54:18;out_water_temp;"42;4";;"42;4"
2026-08-24 12:54:22;disc_temp;"74;4";;"74;4"
2026-08-24 12:54:23;out_water_temp;"42;6";;"42;6"
2026-08-24 12:54:25;ac_curr;"105;0";;"105;0"
2026-08-24 12:54:28;ac_curr;"106;0";;"106;0"
2026-08-24 12:54:30;tank_temp;"36;1";;"36;1"
2026-08-24 12:54:32;flow_rate;"20;0";;"20;0"
2026-08-24 12:54:32;amb_temp;"15;2";;"15;2"
2026-08-24 12:54:36;dc_fan1;"682;0";;"682;0"
2026-08-24 12:54:36;flow_rate;"19;0";;"19;0"
2026-08-24 12:54:37;ac_curr;"107;0";;"107;0"
2026-08-24 12:54:40;flow_rate;"20;0";;"20;0"
2026-08-24 12:54:40;ac_curr;"106;0";;"106;0"
2026-08-24 12:54:43;in_water_temp;"37;9";;"37;9"
2026-08-24 12:54:44;ac_curr;"107;0";;"107;0"
2026-08-24 12:54:46;ac_curr;"106;0";;"106;0"
2026-08-24 12:54:54;out_water_temp;"42;9";;"42;9"
2026-08-24 12:54:56;disc_temp;"74;9";;"74;9"
2026-08-24 12:54:59;flow_rate;"19;0";;"19;0"
2026-08-24 12:54:59;ac_curr;"107;0";;"107;0"
2026-08-24 12:55:01;fault_flag;;False;"0;0"
2026-08-24 12:55:01;protect_flag;;False;"0;0"
2026-08-24 12:55:01;ac_fan;;close;
2026-08-24 12:55:01;freeze;;False;"0;0"
2026-08-24 12:55:01;defrost;;False;"0;0"
2026-08-24 12:55:01;dc_fan2;"0;0";;"0;0"
2026-08-24 12:55:01;in_water_temp;"38;1";;"38;1"
2026-08-24 12:55:11;ac_curr;"108;0";;"108;0"
2026-08-24 12:55:14;pump_sta;;True;"1;0"
2026-08-24 12:55:14;out_water_temp;"43;1";;"43;1"
2026-08-24 12:55:15;back_temp;"9;5";;"9;5"
2026-08-24 12:55:22;tank_temp;"36;5";;"36;5"
2026-08-24 12:55:24;disc_temp;"75;4";;"75;4"
2026-08-24 12:55:26;flow_rate;"20;0";;"20;0"
2026-08-24 12:55:26;ac_curr;"107;0";;"107;0"
2026-08-24 12:55:33;flow_rate;"19;0";;"19;0"
2026-08-24 12:55:33;ac_curr;"106;0";;"106;0"
2026-08-24 12:55:34;in_water_temp;"38;4";;"38;4"
2026-08-24 12:55:40;ac_curr;"107;0";;"107;0"
2026-08-24 12:55:42;disc_temp;"75;9";;"75;9"
2026-08-24 12:55:46;in_water_temp;"38;6";;"38;6"
2026-08-24 12:55:46;out_water_temp;"43;4";;"43;4"
2026-08-24 12:55:48;ac_curr;"108;0";;"108;0"
2026-08-24 12:55:59;out_water_temp;"43;6";;"43;6"
2026-08-24 12:56:00;flow_rate;"20;0";;"20;0"
2026-08-24 12:56:00;ac_curr;"109;0";;"109;0"
2026-08-24 12:56:00;disc_temp;"76;4";;"76;4"
2026-08-24 12:56:04;ac_curr;"108;0";;"108;0"
2026-08-24 12:56:06;tank_temp;"36;9";;"36;9"
2026-08-24 12:56:10;flow_rate;"19;0";;"19;0"
2026-08-24 12:56:10;ac_curr;"109;0";;"109;0"
2026-08-24 12:56:13;ac_curr;"108;0";;"108;0"
2026-08-24 12:56:14;in_water_temp;"38;9";;"38;9"
2026-08-24 12:56:16;ac_curr;"109;0";;"109;0"
2026-08-24 12:56:28;dc_fan1;"676;0";;"676;0"
2026-08-24 12:56:30;tank_temp;"37;2";;"37;2"
2026-08-24 12:56:32;comp_freq;"70;0";;"70;0"
2026-08-24 12:56:34;out_water_temp;"43;9";;"43;9"
2026-08-24 12:56:36;dc_fan1;"679;0";;"679;0"
2026-08-24 12:56:38;flow_rate;"20;0";;"20;0"
2026-08-24 12:56:39;in_water_temp;"39;1";;"39;1"
2026-08-24 12:56:41;dc_fan1;"682;0";;"682;0"
2026-08-24 12:56:41;ac_curr;"110;0";;"110;0"
2026-08-24 12:56:44;flow_rate;"19;0";;"19;0"
2026-08-24 12:56:44;ac_curr;"109;0";;"109;0"
2026-08-24 12:56:58;tidr;"23;5";;"23;5"
2026-08-24 12:56:58;ac_vol;"230;0";;"230;0"
2026-08-24 12:56:58;ac_curr;"110;0";;"110;0"
2026-08-24 12:56:59;flow_rate;"20;0";;"20;0"
2026-08-24 12:57:02;in_water_temp;"39;4";;"39;4"
2026-08-24 12:57:02;out_water_temp;"44;1";;"44;1"
2026-08-24 12:57:08;ac_curr;"109;0";;"109;0"
2026-08-24 12:57:12;ac_curr;"110;0";;"110;0"
2026-08-24 12:57:15;a_eev;"10;0";;"10;0"
2026-08-24 12:57:15;dc_fan1;"678;0";;"678;0"
2026-08-24 12:57:18;valve;;True;"1;0"
2026-08-24 12:57:18;ac_curr;"109;0";;"109;0"
2026-08-24 12:57:19;tank_temp;"37;6";;"37;6"
2026-08-24 12:57:21;dc_fan1;"675;0";;"675;0"
2026-08-24 12:57:21;ac_curr;"110;0";;"110;0"
2026-08-24 12:57:24;dc_fan1;"678;0";;"678;0"
2026-08-24 12:57:24;ac_curr;"111;0";;"111;0"
2026-08-24 12:57:27;m_eev;"131;0";;"131;0"
2026-08-24 12:57:27;in_water_temp;"39;6";;"39;6"
2026-08-24 12:57:28;dc_fan1;"681;0";;"681;0"
2026-08-24 12:57:28;flow_rate;"19;0";;"19;0"
2026-08-24 12:57:31;flow_rate;"20;0";;"20;0"
2026-08-24 12:57:31;ac_curr;"110;0";;"110;0"
2026-08-24 12:57:33;flow_rate;"19;0";;"19;0"
2026-08-24 12:57:42;out_water_temp;"44;4";;"44;4"
2026-08-24 12:57:43;ac_curr;"111;0";;"111;0"
2026-08-24 12:57:46;tidr;"23;6";;"23;6"
2026-08-24 12:57:49;ac_curr;"110;0";;"110;0"
2026-08-24 12:57:50;out_water_temp;"44;6";;"44;6"
2026-08-24 12:57:54;tank_temp;"38;0";;"38;0"
2026-08-24 12:57:56;ac_curr;"111;0";;"111;0"
2026-08-24 12:57:57;in_water_temp;"39;9";;"39;9"
2026-08-24 12:57:59;ac_curr;"110;0";;"110;0"
2026-08-24 12:58:04;flow_rate;"20;0";;"20;0"
2026-08-24 12:58:04;ac_curr;"111;0";;"111;0"
2026-08-24 12:58:08;ac_curr;"112;0";;"112;0"
2026-08-24 12:58:11;ac_curr;"111;0";;"111;0"
2026-08-24 12:58:13;ac_curr;"112;0";;"112;0"
2026-08-24 12:58:16;ac_curr;"111;0";;"111;0"
2026-08-24 12:58:16;disc_temp;"75;9";;"75;9"
2026-08-24 12:58:22;in_water_temp;"40;1";;"40;1"
2026-08-24 12:58:23;flow_rate;"19;0";;"19;0"
2026-08-24 12:58:26;ac_curr;"112;0";;"112;0"
2026-08-24 12:58:27;out_water_temp;"44;9";;"44;9"
2026-08-24 12:58:32;flow_rate;"20;0";;"20;0"
2026-08-24 12:58:38;tank_temp;"38;4";;"38;4"
2026-08-24 12:58:41;flow_rate;"19;0";;"19;0"
2026-08-24 12:58:44;ac_curr;"113;0";;"113;0"
2026-08-24 12:58:48;ac_curr;"112;0";;"112;0"
2026-08-24 12:58:50;in_water_temp;"40;4";;"40;4"
2026-08-24 12:58:51;ac_curr;"113;0";;"113;0"
2026-08-24 12:58:53;dc_fan1;"677;0";;"677;0"
2026-08-24 12:58:53;ac_curr;"112;0";;"112;0"
2026-08-24 12:58:55;out_water_temp;"45;1";;"45;1"
2026-08-24 12:58:57;ac_curr;"113;0";;"113;0"
2026-08-24 12:59:00;ac_curr;"112;0";;"112;0"
2026-08-24 12:59:03;dc_fan1;"680;0";;"680;0"
2026-08-24 12:59:12;dc_fan1;"677;0";;"677;0"
2026-08-24 12:59:12;ac_curr;"113;0";;"113;0"
2026-08-24 12:59:15;tank_temp;"38;8";;"38;8"
2026-08-24 12:59:16;ac_curr;"112;0";;"112;0"
2026-08-24 12:59:18;tidr;"23;5";;"23;5"
2026-08-24 12:59:19;ac_curr;"113;0";;"113;0"
2026-08-24 12:59:23;in_water_temp;"40;6";;"40;6"
2026-08-24 12:59:24;flow_rate;"20;0";;"20;0"
2026-08-24 12:59:27;comp_freq;"67;0";;"67;0"
2026-08-24 12:59:27;dc_fan1;"680;0";;"680;0"
2026-08-24 12:59:27;flow_rate;"19;0";;"19;0"
2026-08-24 12:59:27;ac_curr;"108;0";;"108;0"
2026-08-24 12:59:27;disc_temp;"76;4";;"76;4"
2026-08-24 12:59:31;comp_freq;"65;0";;"65;0"
2026-08-24 12:59:31;flow_rate;"20;0";;"20;0"
2026-08-24 12:59:31;ac_curr;"102;0";;"102;0"
2026-08-24 12:59:34;dc_fan1;"683;0";;"683;0"
2026-08-24 12:59:34;flow_rate;"19;0";;"19;0"
2026-08-24 12:59:34;amb_temp;"15;4";;"15;4"
2026-08-24 12:59:34;ac_curr;"101;0";;"101;0"
2026-08-24 12:59:35;out_water_temp;"45;4";;"45;4"
2026-08-24 12:59:37;flow_rate;"20;0";;"20;0"
2026-08-24 12:59:47;dc_fan1;"680;0";;"680;0"
2026-08-24 12:59:47;ac_curr;"102;0";;"102;0"
2026-08-24 12:59:49;flow_rate;"19;0";;"19;0"
2026-08-24 12:59:49;ac_curr;"103;0";;"103;0"
2026-08-24 12:59:59;back_temp;"10;1";;"10;1"
2026-08-24 12:59:59;flow_rate;"20;0";;"20;0"
2026-08-24 12:59:59;in_water_temp;"40;9";;"40;9"
2026-08-24 12:59:59;ac_curr;"101;0";;"101;0"
2026-08-24 12:59:59;tank_temp;"39;1";;"39;1"
2026-08-24 12:59:59;disc_temp;"75;2";;"75;2"
2026-08-24 13:00:01;fault_flag;;False;"0;0"
2026-08-24 13:00:01;protect_flag;;False;"0;0"
2026-08-24 13:00:01;ac_fan;;close;
2026-08-24 13:00:01;freeze;;False;"0;0"
2026-08-24 13:00:01;defrost;;False;"0;0"
2026-08-24 13:00:01;dc_fan2;"0;0";;"0;0"
2026-08-24 13:00:01;ac_curr;"102;0";;"102;0"
2026-08-24 13:00:08;dc_fan1;"677;0";;"677;0"
2026-08-24 13:00:08;disc_temp;"74;7";;"74;7"
2026-08-24 13:00:11;disc_temp;"74;1";;"74;1"
2026-08-24 13:00:15;pump_sta;;True;"1;0"
2026-08-24 13:00:15;flow_rate;"19;0";;"19;0"
2026-08-24 13:00:16;out_water_temp;"45;6";;"45;6"
2026-08-24 13:00:17;dc_fan1;"674;0";;"674;0"
2026-08-24 13:00:20;dc_fan1;"670;0";;"670;0"
2026-08-24 13:00:20;disc_temp;"73;2";;"73;2"
2026-08-24 13:00:23;in_water_temp;"41;1";;"41;1"
2026-08-24 13:00:24;dc_fan1;"666;0";;"666;0"
2026-08-24 13:00:24;flow_rate;"20;0";;"20;0"
2026-08-24 13:00:27;dc_fan1;"662;0";;"662;0"
2026-08-24 13:00:27;flow_rate;"19;0";;"19;0"
2026-08-24 13:00:27;disc_temp;"72;6";;"72;6"
2026-08-24 13:00:32;flow_rate;"20;0";;"20;0"
2026-08-24 13:00:32;disc_temp;"72;0";;"72;0"
2026-08-24 13:00:44;tidr;"23;6";;"23;6"
2026-08-24 13:00:44;dc_fan1;"658;0";;"658;0"
2026-08-24 13:00:44;tank_temp;"39;5";;"39;5"
2026-08-24 13:00:44;disc_temp;"70;8";;"70;8"
2026-08-24 13:00:59;in_water_temp;"41;4";;"41;4"
2026-08-24 13:00:59;disc_temp;"69;7";;"69;7"
2026-08-24 13:01:00;dc_fan1;"655;0";;"655;0"
2026-08-24 13:01:00;ac_curr;"101;0";;"101;0"
2026-08-24 13:01:04;m_eev;"130;0";;"130;0"
2026-08-24 13:01:04;ac_curr;"102;0";;"102;0"
2026-08-24 13:01:04;disc_temp;"68;9";;"68;9"
2026-08-24 13:01:13;dc_fan1;"652;0";;"652;0"
2026-08-24 13:01:14;in_water_temp;"41;6";;"41;6"
2026-08-24 13:01:16;flow_rate;"19;0";;"19;0"
2026-08-24 13:01:16;disc_temp;"68;1";;"68;1"
2026-08-24 13:01:18;tank_temp;"39;9";;"39;9"
2026-08-24 13:01:22;dc_fan1;"649;0";;"649;0"
2026-08-24 13:01:22;flow_rate;"20;0";;"20;0"
2026-08-24 13:01:22;disc_temp;"67;6";;"67;6"
2026-08-24 13:01:23;out_water_temp;"45;9";;"45;9"
2026-08-24 13:01:25;flow_rate;"19;0";;"19;0"
2026-08-24 13:01:25;ac_curr;"103;0";;"103;0"
2026-08-24 13:01:28;dc_fan1;"645;0";;"645;0"
2026-08-24 13:01:28;ac_curr;"102;0";;"102;0"
2026-08-24 13:01:32;ac_curr;"103;0";;"103;0"
2026-08-24 13:01:34;flow_rate;"20;0";;"20;0"
2026-08-24 13:01:34;ac_curr;"102;0";;"102;0"
2026-08-24 13:01:34;disc_temp;"66;8";;"66;8"
2026-08-24 13:01:37;flow_rate;"19;0";;"19;0"
2026-08-24 13:01:40;ac_curr;"103;0";;"103;0"
2026-08-24 13:01:43;flow_rate;"20;0";;"20;0"
2026-08-24 13:01:43;ac_curr;"102;0";;"102;0"
2026-08-24 13:01:46;tank_temp;"40;2";;"40;2"
2026-08-24 13:01:47;disc_temp;"66;3";;"66;3"
2026-08-24 13:01:53;ac_curr;"103;0";;"103;0"
2026-08-24 13:01:54;in_water_temp;"41;9";;"41;9"
2026-08-24 13:01:58;ac_vol;"230;0";;"230;0"
2026-08-24 13:02:00;dc_fan1;"642;0";;"642;0"
2026-08-24 13:02:00;disc_temp;"65;7";;"65;7"
2026-08-24 13:02:04;out_water_temp;"46;1";;"46;1"
2026-08-24 13:02:08;dc_fan1;"637;0";;"637;0"
2026-08-24 13:02:08;flow_rate;"19;0";;"19;0"
2026-08-24 13:02:12;flow_rate;"20;0";;"20;0"
2026-08-24 13:02:14;dc_fan1;"640;0";;"640;0"
2026-08-24 13:02:14;flow_rate;"19;0";;"19;0"
2026-08-24 13:02:14;disc_temp;"65;2";;"65;2"
2026-08-24 13:02:17;a_eev;"10;0";;"10;0"
2026-08-24 13:02:17;flow_rate;"20;0";;"20;0"
2026-08-24 13:02:21;valve;;True;"1;0"
2026-08-24 13:02:22;tank_temp;"40;6";;"40;6"
2026-08-24 13:02:26;in_water_temp;"42;1";;"42;1"
2026-08-24 13:02:28;tidr;"23;5";;"23;5"
2026-08-24 13:02:33;m_eev;"128;0";;"128;0"
2026-08-24 13:02:33;flow_rate;"19;0";;"19;0"
2026-08-24 13:02:39;out_water_temp;"46;4";;"46;4"
2026-08-24 13:02:42;flow_rate;"20;0";;"20;0"
2026-08-24 13:02:52;dc_fan1;"637;0";;"637;0"
2026-08-24 13:02:52;ac_curr;"104;0";;"104;0"
2026-08-24 13:03:04;dc_fan1;"634;0";;"634;0"
2026-08-24 13:03:07;tank_temp;"41;2";;"41;2"
2026-08-24 13:03:19;out_water_temp;"46;6";;"46;6"
2026-08-24 13:03:22;in_water_temp;"42;4";;"42;4"
2026-08-24 13:03:23;dc_fan1;"637;0";;"637;0"
2026-08-24 13:03:23;flow_rate;"19;0";;"19;0"
2026-08-24 13:03:25;flow_rate;"20;0";;"20;0"
2026-08-24 13:03:28;flow_rate;"19;0";;"19;0"
2026-08-24 13:03:28;ac_vol;"226;0";;"226;0"
2026-08-24 13:03:28;ac_curr;"105;0";;"105;0"
2026-08-24 13:03:32;dc_fan1;"634;0";;"634;0"
2026-08-24 13:03:32;ac_curr;"106;0";;"106;0"
2026-08-24 13:03:34;in_water_temp;"42;6";;"42;6"
2026-08-24 13:03:35;m_eev;"126;0";;"126;0"
2026-08-24 13:03:35;dc_fan1;"629;0";;"629;0"
2026-08-24 13:03:44;flow_rate;"20;0";;"20;0"
2026-08-24 13:03:48;dc_fan1;"626;0";;"626;0"
2026-08-24 13:03:48;flow_rate;"19;0";;"19;0"
2026-08-24 13:03:59;tidr;"23;6";;"23;6"
2026-08-24 13:03:59;dc_fan1;"629;0";;"629;0"
2026-08-24 13:03:59;flow_rate;"20;0";;"20;0"
2026-08-24 13:03:59;tank_temp;"41;6";;"41;6"
2026-08-24 13:04:08;out_water_temp;"46;9";;"46;9"
2026-08-24 13:04:09;ac_vol;"230;0";;"230;0"
2026-08-24 13:04:09;ac_curr;"105;0";;"105;0"
2026-08-24 13:04:12;dc_fan1;"633;0";;"633;0"
2026-08-24 13:04:16;dc_fan1;"637;0";;"637;0"
2026-08-24 13:04:30;in_water_temp;"42;9";;"42;9"
2026-08-24 13:04:33;comp_freq;"65;0";;"65;0"
2026-08-24 13:04:33;m_eev;"124;0";;"124;0"
2026-08-24 13:04:33;flow_rate;"19;0";;"19;0"
2026-08-24 13:04:33;ac_curr;"106;0";;"106;0"
2026-08-24 13:04:37;flow_rate;"20;0";;"20;0"
2026-08-24 13:04:37;amb_temp;"15;6";;"15;6"
2026-08-24 13:04:40;disc_temp;"65;7";;"65;7"
2026-08-24 13:04:42;out_water_temp;"47;1";;"47;1"
2026-08-24 13:04:42;tank_temp;"42;0";;"42;0"
2026-08-24 13:04:43;dc_fan1;"634;0";;"634;0"
2026-08-24 13:04:49;dc_fan1;"637;0";;"637;0"
2026-08-24 13:04:58;in_water_temp;"43;1";;"43;1"
2026-08-24 13:04:59;back_temp;"10;2";;"10;2"
2026-08-24 13:04:59;disc_temp;"66;2";;"66;2"
2026-08-24 13:05:02;fault_flag;;False;"0;0"
2026-08-24 13:05:02;protect_flag;;False;"0;0"
2026-08-24 13:05:02;ac_fan;;close;
2026-08-24 13:05:02;freeze;;False;"0;0"
2026-08-24 13:05:02;defrost;;False;"0;0"
2026-08-24 13:05:02;dc_fan2;"0;0";;"0;0"
2026-08-24 13:05:17;pump_sta;;True;"1;0"
2026-08-24 13:05:20;ac_curr;"107;0";;"107;0"
2026-08-24 13:05:22;out_water_temp;"47;4";;"47;4"
2026-08-24 13:05:24;disc_temp;"66;7";;"66;7"
2026-08-24 13:05:26;dc_fan1;"634;0";;"634;0"
2026-08-24 13:05:32;m_eev;"122;0";;"122;0"
2026-08-24 13:05:36;ac_curr;"106;0";;"106;0"
2026-08-24 13:05:38;ac_curr;"107;0";;"107;0"
2026-08-24 13:05:38;disc_temp;"67;2";;"67;2"
2026-08-24 13:05:44;ac_curr;"108;0";;"108;0"
2026-08-24 13:05:46;tank_temp;"42;4";;"42;4"
2026-08-24 13:05:50;in_water_temp;"43;4";;"43;4"
2026-08-24 13:05:52;ac_vol;"226;0";;"226;0"
2026-08-24 13:05:57;ac_curr;"107;0";;"107;0"
2026-08-24 13:05:58;out_water_temp;"47;6";;"47;6"
2026-08-24 13:06:00;flow_rate;"19;0";;"19;0"
2026-08-24 13:06:04;flow_rate;"20;0";;"20;0"
2026-08-24 13:06:07;ac_curr;"108;0";;"108;0"
2026-08-24 13:06:07;disc_temp;"67;8";;"67;8"
2026-08-24 13:06:09;flow_rate;"19;0";;"19;0"
2026-08-24 13:06:10;in_water_temp;"43;6";;"43;6"
2026-08-24 13:06:10;tank_temp;"42;7";;"42;7"
2026-08-24 13:06:18;ac_curr;"109;0";;"109;0"
2026-08-24 13:06:18;disc_temp;"68;4";;"68;4"
2026-08-24 13:06:22;flow_rate;"20;0";;"20;0"
2026-08-24 13:06:25;ac_curr;"108;0";;"108;0"
2026-08-24 13:06:28;ac_curr;"109;0";;"109;0"
2026-08-24 13:06:32;ac_curr;"108;0";;"108;0"
2026-08-24 13:06:34;m_eev;"120;0";;"120;0"
2026-08-24 13:06:34;ac_curr;"109;0";;"109;0"
2026-08-24 13:06:44;disc_temp;"68;9";;"68;9"
2026-08-24 13:06:46;out_water_temp;"47;9";;"47;9"
2026-08-24 13:06:49;ac_curr;"110;0";;"110;0"
2026-08-24 13:06:53;ac_curr;"109;0";;"109;0"
2026-08-24 13:06:54;in_water_temp;"43;9";;"43;9"
2026-08-24 13:06:59;ac_curr;"108;0";;"108;0"
2026-08-24 13:07:02;ac_curr;"109;0";;"109;0"
2026-08-24 13:07:08;disc_temp;"69;4";;"69;4"
2026-08-24 13:07:11;tank_temp;"43;1";;"43;1"
2026-08-24 13:07:15;disc_temp;"69;9";;"69;9"
2026-08-24 13:07:18;a_eev;"10;0";;"10;0"
2026-08-24 13:07:23;valve;;True;"1;0"
2026-08-24 13:07:23;out_water_temp;"48;1";;"48;1"
2026-08-24 13:07:24;flow_rate;"19;0";;"19;0"
2026-08-24 13:07:24;ac_curr;"110;0";;"110;0"
2026-08-24 13:07:27;flow_rate;"20;0";;"20;0"
2026-08-24 13:07:33;m_eev;"119;0";;"119;0"
2026-08-24 13:07:33;disc_temp;"70;4";;"70;4"
2026-08-24 13:07:36;flow_rate;"19;0";;"19;0"
2026-08-24 13:07:42;flow_rate;"20;0";;"20;0"
2026-08-24 13:07:42;disc_temp;"71;0";;"71;0"
2026-08-24 13:07:45;ac_curr;"111;0";;"111;0"
2026-08-24 13:07:46;in_water_temp;"44;1";;"44;1"
2026-08-24 13:07:55;ac_curr;"110;0";;"110;0"
2026-08-24 13:07:58;out_water_temp;"48;4";;"48;4"
2026-08-24 13:08:04;disc_temp;"71;8";;"71;8"
2026-08-24 13:08:10;ac_curr;"111;0";;"111;0"
2026-08-24 13:08:16;disc_temp;"72;5";;"72;5"
2026-08-24 13:08:31;tank_temp;"43;6";;"43;6"
2026-08-24 13:08:32;disc_temp;"73;0";;"73;0"
2026-08-24 13:08:44;dc_fan1;"637;0";;"637;0"
2026-08-24 13:08:44;disc_temp;"73;5";;"73;5"
2026-08-24 13:08:46;in_water_temp;"44;4";;"44;4"
2026-08-24 13:08:46;out_water_temp;"48;6";;"48;6"
2026-08-24 13:08:56;flow_rate;"19;0";;"19;0"
2026-08-24 13:09:00;tidr;"23;6";;"23;6"
2026-08-24 13:09:00;flow_rate;"20;0";;"20;0"
2026-08-24 13:09:02;in_water_temp;"44;6";;"44;6"
2026-08-24 13:09:03;disc_temp;"74;0";;"74;0"
2026-08-24 13:09:05;dc_fan1;"634;0";;"634;0"
2026-08-24 13:09:05;ac_curr;"112;0";;"112;0"
2026-08-24 13:09:08;ac_curr;"111;0";;"111;0"
2026-08-24 13:09:11;ac_curr;"112;0";;"112;0"
2026-08-24 13:09:15;ac_curr;"111;0";;"111;0"
2026-08-24 13:09:18;ac_curr;"112;0";;"112;0"
2026-08-24 13:09:28;ac_curr;"111;0";;"111;0"
2026-08-24 13:09:31;out_water_temp;"48;9";;"48;9"
2026-08-24 13:09:33;ac_curr;"112;0";;"112;0"
2026-08-24 13:09:34;comp_freq;"65;0";;"65;0"
2026-08-24 13:09:36;disc_temp;"74;5";;"74;5"
2026-08-24 13:09:39;amb_temp;"15;5";;"15;5"
2026-08-24 13:09:45;ac_curr;"111;0";;"111;0"
2026-08-24 13:09:52;ac_curr;"112;0";;"112;0"
2026-08-24 13:09:54;tank_temp;"44;0";;"44;0"
2026-08-24 13:09:58;dc_fan1;"637;0";;"637;0"
2026-08-24 13:09:58;ac_vol;"230;0";;"230;0"
2026-08-24 13:10:01;back_temp;"9;9";;"9;9"
2026-08-24 13:10:01;dc_fan1;"640;0";;"640;0"
2026-08-24 13:10:02;in_water_temp;"44;9";;"44;9"
2026-08-24 13:10:04;fault_flag;;False;"0;0"
2026-08-24 13:10:04;protect_flag;;False;"0;0"
2026-08-24 13:10:04;ac_fan;;close;
2026-08-24 13:10:04;freeze;;False;"0;0"
2026-08-24 13:10:04;defrost;;False;"0;0"
2026-08-24 13:10:04;dc_fan2;"0;0";;"0;0"
2026-08-24 13:10:11;dc_fan1;"637;0";;"637;0"
2026-08-24 13:10:11;ac_curr;"113;0";;"113;0"
2026-08-24 13:10:19;pump_sta;;True;"1;0"
2026-08-24 13:10:19;ac_curr;"112;0";;"112;0"
2026-08-24 13:10:23;out_water_temp;"49;1";;"49;1"
2026-08-24 13:10:23;ac_curr;"113;0";;"113;0"
2026-08-24 13:10:26;ac_curr;"112;0";;"112;0"
2026-08-24 13:10:32;ac_curr;"113;0";;"113;0"
2026-08-24 13:10:35;ac_curr;"112;0";;"112;0"
2026-08-24 13:10:44;disc_temp;"75;0";;"75;0"
2026-08-24 13:10:47;ac_curr;"113;0";;"113;0"
2026-08-24 13:10:50;in_water_temp;"45;1";;"45;1"
2026-08-24 13:10:51;dc_fan1;"640;0";;"640;0"
2026-08-24 13:10:51;ac_curr;"112;0";;"112;0"
2026-08-24 13:10:53;ac_curr;"113;0";;"113;0"
2026-08-24 13:10:57;dc_fan1;"637;0";;"637;0"
2026-08-24 13:10:58;tank_temp;"44;4";;"44;4"
2026-08-24 13:11:02;out_water_temp;"49;4";;"49;4"
2026-08-24 13:11:12;disc_temp;"75;5";;"75;5"
2026-08-24 13:11:16;ac_curr;"114;0";;"114;0"
2026-08-24 13:11:21;ac_curr;"113;0";;"113;0"
2026-08-24 13:11:35;tank_temp;"44;7";;"44;7"
2026-08-24 13:11:38;in_water_temp;"45;4";;"45;4"
2026-08-24 13:11:38;out_water_temp;"49;6";;"49;6"
2026-08-24 13:11:40;ac_curr;"112;0";;"112;0"
2026-08-24 13:11:44;ac_curr;"114;0";;"114;0"
2026-08-24 13:11:47;dc_fan1;"640;0";;"640;0"
2026-08-24 13:12:00;in_water_temp;"45;6";;"45;6"
2026-08-24 13:12:00;ac_curr;"113;0";;"113;0"
2026-08-24 13:12:02;dc_fan1;"643;0";;"643;0"
2026-08-24 13:12:05;comp_freq;"63;0";;"63;0"
2026-08-24 13:12:05;ac_curr;"110;0";;"110;0"
2026-08-24 13:12:08;comp_freq;"60;0";;"60;0"
2026-08-24 13:12:08;ac_curr;"102;0";;"102;0"
2026-08-24 13:12:11;ac_curr;"101;0";;"101;0"
2026-08-24 13:12:14;ac_curr;"102;0";;"102;0"
2026-08-24 13:12:17;dc_fan1;"640;0";;"640;0"
2026-08-24 13:12:17;ac_curr;"101;0";;"101;0"
2026-08-24 13:12:20;a_eev;"10;0";;"10;0"
2026-08-24 13:12:20;dc_fan1;"635;0";;"635;0"
2026-08-24 13:12:23;back_temp;"10;4";;"10;4"
2026-08-24 13:12:23;dc_fan1;"629;0";;"629;0"
2026-08-24 13:12:23;valve;;True;"1;0"
2026-08-24 13:12:23;ac_curr;"102;0";;"102;0"
2026-08-24 13:12:32;disc_temp;"74;9";;"74;9"
2026-08-24 13:12:35;m_eev;"119;0";;"119;0"
2026-08-24 13:12:36;dc_fan1;"625;0";;"625;0"
2026-08-24 13:12:40;disc_temp;"74;2";;"74;2"
2026-08-24 13:12:43;tank_temp;"45;1";;"45;1"
2026-08-24 13:12:45;dc_fan1;"621;0";;"621;0"
2026-08-24 13:12:48;ac_curr;"101;0";;"101;0"
2026-08-24 13:12:48;disc_temp;"73;5";;"73;5"
2026-08-24 13:12:52;disc_temp;"72;9";;"72;9"
2026-08-24 13:12:55;in_water_temp;"45;9";;"45;9"
2026-08-24 13:13:00;disc_temp;"72;0";;"72;0"
2026-08-24 13:13:04;ac_curr;"102;0";;"102;0"
2026-08-24 13:13:06;out_water_temp;"49;9";;"49;9"
2026-08-24 13:13:07;disc_temp;"71;2";;"71;2"
2026-08-24 13:13:09;ac_curr;"101;0";;"101;0"
2026-08-24 13:13:12;back_temp;"10;9";;"10;9"
2026-08-24 13:13:12;dc_fan1;"618;0";;"618;0"
2026-08-24 13:13:12;ac_curr;"102;0";;"102;0"
2026-08-24 13:13:12;disc_temp;"70;5";;"70;5"
2026-08-24 13:13:16;dc_fan1;"615;0";;"615;0"
2026-08-24 13:13:16;ac_curr;"101;0";;"101;0"
2026-08-24 13:13:19;disc_temp;"70;0";;"70;0"
2026-08-24 13:13:22;dc_fan1;"611;0";;"611;0"
2026-08-24 13:13:22;disc_temp;"69;5";;"69;5"
2026-08-24 13:13:25;dc_fan1;"607;0";;"607;0"
2026-08-24 13:13:28;ac_curr;"102;0";;"102;0"
2026-08-24 13:13:31;in_water_temp;"46;1";;"46;1"
2026-08-24 13:13:32;ac_curr;"101;0";;"101;0"
2026-08-24 13:13:32;disc_temp;"68;8";;"68;8"
2026-08-24 13:13:34;m_eev;"118;0";;"118;0"
2026-08-24 13:13:34;dc_fan1;"603;0";;"603;0"
2026-08-24 13:13:34;ac_curr;"102;0";;"102;0"
2026-08-24 13:13:37;dc_fan1;"600;0";;"600;0"
2026-08-24 13:13:37;ac_curr;"101;0";;"101;0"
2026-08-24 13:13:39;tank_temp;"45;5";;"45;5"
2026-08-24 13:13:44;ac_curr;"102;0";;"102;0"
2026-08-24 13:13:44;disc_temp;"67;9";;"67;9"
2026-08-24 13:13:47;dc_fan1;"597;0";;"597;0"
2026-08-24 13:13:47;ac_curr;"101;0";;"101;0"
2026-08-24 13:13:54;dc_fan1;"600;0";;"600;0"
2026-08-24 13:13:54;ac_curr;"100;0";;"100;0"
2026-08-24 13:13:54;disc_temp;"67;3";;"67;3"
2026-08-24 13:13:56;ac_curr;"101;0";;"101;0"
2026-08-24 13:14:02;tidr;"23;6";;"23;6"
2026-08-24 13:14:02;flow_rate;"20;0";;"20;0"
2026-08-24 13:14:02;ac_curr;"100;0";;"100;0"
2026-08-24 13:14:02;disc_temp;"66;5";;"66;5"
2026-08-24 13:14:05;ac_curr;"101;0";;"101;0"
2026-08-24 13:14:09;ac_curr;"100;0";;"100;0"
2026-08-24 13:14:14;in_water_temp;"46;4";;"46;4"
2026-08-24 13:14:15;disc_temp;"65;8";;"65;8"
2026-08-24 13:14:27;disc_temp;"65;2";;"65;2"
2026-08-24 13:14:36;m_eev;"115;0";;"115;0"
2026-08-24 13:14:36;dc_fan1;"597;0";;"597;0"
2026-08-24 13:14:36;ac_curr;"99;0";;"99;0"
2026-08-24 13:14:36;disc_temp;"64;6";;"64;6"
2026-08-24 13:14:39;ac_curr;"100;0";;"100;0"
2026-08-24 13:14:42;amb_temp;"15;7";;"15;7"
2026-08-24 13:14:44;out_water_temp;"50;1";;"50;1"
2026-08-24 13:14:45;ac_curr;"99;0";;"99;0"
2026-08-24 13:14:48;ac_curr;"100;0";;"100;0"
2026-08-24 13:14:48;disc_temp;"63;8";;"63;8"
2026-08-24 13:14:54;tank_temp;"45;9";;"45;9"
2026-08-24 13:14:55;disc_temp;"63;3";;"63;3"
2026-08-24 13:14:59;ac_vol;"228;0";;"228;0"
2026-08-24 13:15:01;ac_curr;"99;0";;"99;0"
2026-08-24 13:15:04;ac_curr;"100;0";;"100;0"
2026-08-24 13:15:06;fault_flag;;False;"0;0"
2026-08-24 13:15:06;protect_flag;;False;"0;0"
2026-08-24 13:15:06;ac_fan;;close;
2026-08-24 13:15:06;freeze;;False;"0;0"
2026-08-24 13:15:06;defrost;;False;"0;0"
2026-08-24 13:15:06;dc_fan2;"0;0";;"0;0"
2026-08-24 13:15:06;in_water_temp;"46;6";;"46;6"
2026-08-24 13:15:16;disc_temp;"62;8";;"62;8"
2026-08-24 13:15:19;comp_freq;"57;0";;"57;0"
2026-08-24 13:15:19;ac_curr;"95;0";;"95;0"
2026-08-24 13:15:22;pump_sta;;True;"1;0"
2026-08-24 13:15:24;comp_freq;"51;0";;"51;0"
2026-08-24 13:15:24;ac_curr;"84;0";;"84;0"
2026-08-24 13:15:25;comp_freq;"45;0";;"45;0"
2026-08-24 13:15:25;ac_vol;"232;0";;"232;0"
2026-08-24 13:15:25;ac_curr;"74;0";;"74;0"
2026-08-24 13:15:28;comp_freq;"40;0";;"40;0"
2026-08-24 13:15:28;dc_fan1;"601;0";;"601;0"
2026-08-24 13:15:28;ac_curr;"64;0";;"64;0"
2026-08-24 13:15:28;disc_temp;"62;3";;"62;3"
2026-08-24 13:15:32;comp_freq;"34;0";;"34;0"
2026-08-24 13:15:32;m_eev;"116;0";;"116;0"
2026-08-24 13:15:32;dc_fan1;"605;0";;"605;0"
2026-08-24 13:15:32;ac_curr;"55;0";;"55;0"
2026-08-24 13:15:35;comp_freq;"27;0";;"27;0"
2026-08-24 13:15:35;dc_fan1;"612;0";;"612;0"
2026-08-24 13:15:35;ac_curr;"42;0";;"42;0"
2026-08-24 13:15:46;back_temp;"11;6";;"11;6"
2026-08-24 13:15:46;dc_fan1;"609;0";;"609;0"
2026-08-24 13:15:46;out_water_temp;"49;8";;"49;8"
2026-08-24 13:15:46;disc_temp;"61;3";;"61;3"
2026-08-24 13:15:47;comp_freq;"21;0";;"21;0"
2026-08-24 13:15:47;ac_vol;"236;0";;"236;0"
2026-08-24 13:15:47;ac_curr;"36;0";;"36;0"
2026-08-24 13:15:47;tank_temp;"46;2";;"46;2"
2026-08-24 13:15:51;back_temp;"12;2";;"12;2"
2026-08-24 13:15:51;comp_freq;"0;0";;"0;0"
2026-08-24 13:15:51;dc_fan1;"602;0";;"602;0"
2026-08-24 13:15:51;flow_rate;"18;0";;"18;0"
2026-08-24 13:15:51;ac_curr;"0;0";;"0;0"
2026-08-24 13:15:51;disc_temp;"60;6";;"60;6"
2026-08-24 13:15:52;out_water_temp;"49;4";;"49;4"
2026-08-24 13:15:54;a_eev;"0;0";;"0;0"
2026-08-24 13:15:54;dc_fan1;"577;0";;"577;0"
2026-08-24 13:15:54;flow_rate;"7;0";;"7;0"
2026-08-24 13:15:55;out_water_temp;"49;1";;"49;1"
2026-08-24 13:15:56;dc_fan1;"553;0";;"553;0"
2026-08-24 13:15:56;flow_rate;"5;0";;"5;0"
2026-08-24 13:15:59;in_water_temp;"46;9";;"46;9"
2026-08-24 13:16:00;back_temp;"13;0";;"13;0"
2026-08-24 13:16:00;disc_temp;"60;1";;"60;1"
2026-08-24 13:16:02;out_water_temp;"48;8";;"48;8"
2026-08-24 13:16:03;dc_fan1;"560;0";;"560;0"
2026-08-24 13:16:06;dc_fan1;"400;0";;"400;0"
2026-08-24 13:16:06;flow_rate;"6;0";;"6;0"
2026-08-24 13:16:07;out_water_temp;"48;5";;"48;5"
2026-08-24 13:16:09;back_temp;"13;7";;"13;7"
2026-08-24 13:16:09;dc_fan1;"270;0";;"270;0"
2026-08-24 13:16:09;flow_rate;"5;0";;"5;0"
2026-08-24 13:16:09;disc_temp;"59;5";;"59;5"
2026-08-24 13:16:11;out_water_temp;"48;1";;"48;1"
2026-08-24 13:16:12;back_temp;"14;5";;"14;5"
2026-08-24 13:16:12;dc_fan1;"190;0";;"190;0"
2026-08-24 13:16:12;disc_temp;"58;7";;"58;7"
2026-08-24 13:16:14;out_water_temp;"47;9";;"47;9"
2026-08-24 13:16:16;dc_fan1;"130;0";;"130;0"
2026-08-24 13:16:18;back_temp;"15;4";;"15;4"
2026-08-24 13:16:18;dc_fan1;"100;0";;"100;0"
2026-08-24 13:16:18;flow_rate;"6;0";;"6;0"
2026-08-24 13:16:18;disc_temp;"57;4";;"57;4"
2026-08-24 13:16:19;out_water_temp;"47;6";;"47;6"
2026-08-24 13:16:21;dc_fan1;"60;0";;"60;0"
2026-08-24 13:16:21;flow_rate;"5;0";;"5;0"
2026-08-24 13:16:24;m_eev;"155;0";;"155;0"
2026-08-24 13:16:24;dc_fan1;"30;0";;"30;0"
2026-08-24 13:16:27;out_water_temp;"47;3";;"47;3"
2026-08-24 13:16:28;m_eev;"238;0";;"238;0"
2026-08-24 13:16:28;dc_fan1;"0;0";;"0;0"
2026-08-24 13:16:28;flow_rate;"6;0";;"6;0"
2026-08-24 13:16:28;disc_temp;"56;5";;"56;5"
2026-08-24 13:16:31;back_temp;"16;3";;"16;3"
2026-08-24 13:16:31;m_eev;"321;0";;"321;0"
2026-08-24 13:16:31;disc_temp;"55;8";;"55;8"
2026-08-24 13:16:33;m_eev;"403;0";;"403;0"
2026-08-24 13:16:36;m_eev;"480;0";;"480;0"
2026-08-24 13:16:40;a_eev;"74;0";;"74;0"
2026-08-24 13:16:42;out_water_temp;"47;0";;"47;0"
2026-08-24 13:16:43;back_temp;"16;9";;"16;9"
2026-08-24 13:16:43;a_eev;"157;0";;"157;0"
2026-08-24 13:16:43;disc_temp;"55;1";;"55;1"
2026-08-24 13:16:46;a_eev;"240;0";;"240;0"
2026-08-24 13:16:49;a_eev;"322;0";;"322;0"
2026-08-24 13:16:50;tank_temp;"46;6";;"46;6"
2026-08-24 13:16:52;a_eev;"405;0";;"405;0"
2026-08-24 13:16:52;flow_rate;"5;0";;"5;0"
2026-08-24 13:16:52;disc_temp;"54;6";;"54;6"
2026-08-24 13:16:56;a_eev;"480;0";;"480;0"
2026-08-24 13:16:58;back_temp;"17;4";;"17;4"
2026-08-24 13:17:01;a_eev;"358;0";;"358;0"
2026-08-24 13:17:04;a_eev;"275;0";;"275;0"
2026-08-24 13:17:09;a_eev;"192;0";;"192;0"
2026-08-24 13:17:10;a_eev;"109;0";;"109;0"
2026-08-24 13:17:13;a_eev;"26;0";;"26;0"
2026-08-24 13:17:17;back_temp;"18;0";;"18;0"
2026-08-24 13:17:17;a_eev;"10;0";;"10;0"
2026-08-24 13:17:17;disc_temp;"54;1";;"54;1"
2026-08-24 13:17:26;valve;;True;"1;0"
2026-08-24 13:17:27;out_water_temp;"46;8";;"46;8"
2026-08-24 13:17:29;flow_rate;"6;0";;"6;0"
2026-08-24 13:17:35;in_water_temp;"46;6";;"46;6"
2026-08-24 13:17:36;back_temp;"18;6";;"18;6"
2026-08-24 13:17:36;disc_temp;"53;5";;"53;5"
2026-08-24 13:17:41;valve;;False;"0;0"
2026-08-24 13:17:51;pump_sta;;False;"0;0"
2026-08-24 13:17:51;flow_rate;"0;0";;"0;0"
2026-08-24 13:17:51;disc_temp;"53;0";;"53;0"
2026-08-24 13:17:55;out_water_temp;"46;5";;"46;5"
2026-08-24 13:17:57;back_temp;"19;2";;"19;2"
2026-08-24 13:17:58;in_water_temp;"46;4";;"46;4"
2026-08-24 13:18:10;out_water_temp;"46;3";;"46;3"
2026-08-24 13:18:15;disc_temp;"52;4";;"52;4"
2026-08-24 13:18:18;in_water_temp;"46;1";;"46;1"
2026-08-24 13:18:19;back_temp;"19;8";;"19;8"
2026-08-24 13:18:34;disc_temp;"51;9";;"51;9"
2026-08-24 13:18:38;out_water_temp;"46;0";;"46;0"
2026-08-24 13:18:40;amb_temp;"16;2";;"16;2"
2026-08-24 13:18:43;in_water_temp;"45;9";;"45;9"
2026-08-24 13:18:47;back_temp;"20;3";;"20;3"
2026-08-24 13:18:56;disc_temp;"51;4";;"51;4"
2026-08-24 13:19:03;tidr;"23;6";;"23;6"
2026-08-24 13:19:06;out_water_temp;"45;8";;"45;8"
2026-08-24 13:19:12;back_temp;"20;8";;"20;8"
2026-08-24 13:19:20;disc_temp;"50;9";;"50;9"
2026-08-24 13:19:31;tank_temp;"47;0";;"47;0"
2026-08-24 13:19:47;back_temp;"21;3";;"21;3"
2026-08-24 13:19:47;disc_temp;"50;3";;"50;3"
2026-08-24 13:20:04;amb_temp;"16;7";;"16;7"
2026-08-24 13:20:07;fault_flag;;False;"0;0"
2026-08-24 13:20:07;protect_flag;;False;"0;0"
2026-08-24 13:20:07;ac_fan;;close;
2026-08-24 13:20:07;freeze;;False;"0;0"
2026-08-24 13:20:07;defrost;;False;"0;0"
2026-08-24 13:20:07;dc_fan2;"0;0";;"0;0"
2026-08-24 13:20:07;disc_temp;"49;8";;"49;8"
2026-08-24 13:20:13;back_temp;"21;8";;"21;8"
2026-08-24 13:20:26;in_water_temp;"45;6";;"45;6"
2026-08-24 13:20:47;disc_temp;"49;1";;"49;1"
2026-08-24 13:20:55;comp_freq;"0;0";;"0;0"
2026-08-24 13:20:55;ac_curr;"0;0";;"0;0"
2026-08-24 13:20:56;back_temp;"22;3";;"22;3"
2026-08-24 13:20:59;out_water_temp;"45;4";;"45;4"
2026-08-24 13:21:02;in_water_temp;"45;4";;"45;4"
2026-08-24 13:21:25;disc_temp;"48;6";;"48;6"
2026-08-24 13:21:30;dc_fan1;"0;0";;"0;0"
2026-08-24 13:21:36;back_temp;"22;8";;"22;8"
2026-08-24 13:21:40;m_eev;"480;0";;"480;0"
2026-08-24 13:21:52;disc_temp;"48;1";;"48;1"
2026-08-24 13:22:04;amb_temp;"17;2";;"17;2"
2026-08-24 13:22:19;a_eev;"10;0";;"10;0"
2026-08-24 13:22:23;disc_temp;"47;6";;"47;6"
2026-08-24 13:22:27;out_water_temp;"45;1";;"45;1"
2026-08-24 13:22:38;back_temp;"23;3";;"23;3"
2026-08-24 13:22:44;valve;;False;"0;0"
2026-08-24 13:22:55;pump_sta;;False;"0;0"
2026-08-24 13:22:55;flow_rate;"0;0";;"0;0"
2026-08-24 13:23:17;disc_temp;"47;0";;"47;0"
2026-08-24 13:23:22;in_water_temp;"45;1";;"45;1"
2026-08-24 13:23:30;out_water_temp;"44;9";;"44;9"
2026-08-24 13:23:56;back_temp;"23;8";;"23;8"
2026-08-24 13:23:56;disc_temp;"46;5";;"46;5"
2026-08-24 13:24:04;tidr;"23;6";;"23;6"
2026-08-24 13:24:32;tank_temp;"47;2";;"47;2"
2026-08-24 13:24:38;disc_temp;"46;0";;"46;0"
2026-08-24 13:24:50;in_water_temp;"44;9";;"44;9"
2026-08-24 13:25:18;fault_flag;;False;"0;0"
2026-08-24 13:25:18;protect_flag;;False;"0;0"
2026-08-24 13:25:18;ac_fan;;close;
2026-08-24 13:25:18;freeze;;False;"0;0"
2026-08-24 13:25:18;defrost;;False;"0;0"
2026-08-24 13:25:18;dc_fan2;"0;0";;"0;0"
2026-08-24 13:25:19;back_temp;"24;3";;"24;3"
2026-08-24 13:25:19;disc_temp;"45;5";;"45;5"
2026-08-24 13:25:23;out_water_temp;"44;6";;"44;6"
2026-08-24 13:25:51;out_water_temp;"44;4";;"44;4"
2026-08-24 13:25:56;comp_freq;"0;0";;"0;0"
2026-08-24 13:25:56;ac_curr;"0;0";;"0;0"
2026-08-24 13:26:08;disc_temp;"45;0";;"45;0"
2026-08-24 13:26:24;amb_temp;"17;7";;"17;7"
2026-08-24 13:26:31;dc_fan1;"0;0";;"0;0"
2026-08-24 13:26:41;m_eev;"480;0";;"480;0"
2026-08-24 13:26:46;in_water_temp;"44;6";;"44;6"
2026-08-24 13:26:51;tidr;"23;7";;"23;7"
2026-08-24 13:26:51;disc_temp;"44;5";;"44;5"
2026-08-24 13:26:54;tank_temp;"46;9";;"46;9"
2026-08-24 13:26:56;tidr;"23;6";;"23;6"
2026-08-24 13:27:19;in_water_temp;"44;4";;"44;4"
2026-08-24 13:27:20;a_eev;"10;0";;"10;0"
2026-08-24 13:27:31;out_water_temp;"44;1";;"44;1"
2026-08-24 13:27:47;valve;;False;"0;0"
2026-08-24 13:27:47;disc_temp;"44;0";;"44;0"
2026-08-24 13:27:56;back_temp;"24;8";;"24;8"
2026-08-24 13:27:56;pump_sta;;False;"0;0"
2026-08-24 13:27:56;flow_rate;"0;0";;"0;0"
2026-08-24 13:28:27;tidr;"23;7";;"23;7"
2026-08-24 13:28:42;out_water_temp;"43;9";;"43;9"
2026-08-24 13:28:53;disc_temp;"43;4";;"43;4"
2026-08-24 13:29:11;in_water_temp;"44;1";;"44;1"
2026-08-24 13:29:54;disc_temp;"42;9";;"42;9"
2026-08-24 13:30:25;fault_flag;;False;"0;0"
2026-08-24 13:30:25;protect_flag;;False;"0;0"
2026-08-24 13:30:25;ac_fan;;close;
2026-08-24 13:30:25;freeze;;False;"0;0"
2026-08-24 13:30:25;defrost;;False;"0;0"
2026-08-24 13:30:25;dc_fan2;"0;0";;"0;0"
2026-08-24 13:30:38;in_water_temp;"43;9";;"43;9"
2026-08-24 13:30:48;out_water_temp;"43;6";;"43;6"
2026-08-24 13:31:03;comp_freq;"0;0";;"0;0"
2026-08-24 13:31:03;ac_curr;"0;0";;"0;0"
2026-08-24 13:31:05;disc_temp;"42;4";;"42;4"
2026-08-24 13:31:11;out_water_temp;"43;4";;"43;4"
2026-08-24 13:31:15;out_water_temp;"43;6";;"43;6"
2026-08-24 13:31:18;out_water_temp;"43;4";;"43;4"
2026-08-24 13:31:26;back_temp;"25;3";;"25;3"
2026-08-24 13:31:26;amb_temp;"17;8";;"17;8"
2026-08-24 13:31:32;dc_fan1;"0;0";;"0;0"
2026-08-24 13:31:45;tidr;"23;6";;"23;6"
2026-08-24 13:31:45;m_eev;"480;0";;"480;0"
2026-08-24 13:31:54;tank_temp;"46;8";;"46;8"
2026-08-24 13:32:22;a_eev;"10;0";;"10;0"
2026-08-24 13:32:38;in_water_temp;"43;6";;"43;6"
2026-08-24 13:32:49;valve;;False;"0;0"
2026-08-24 13:32:49;disc_temp;"41;8";;"41;8"
2026-08-24 13:32:57;pump_sta;;False;"0;0"
2026-08-24 13:32:57;flow_rate;"0;0";;"0;0"
2026-08-24 13:33:06;tidr;"23;7";;"23;7"
2026-08-24 13:33:06;out_water_temp;"43;1";;"43;1"
2026-08-24 13:33:14;in_water_temp;"43;4";;"43;4"
2026-08-24 13:34:16;disc_temp;"41;3";;"41;3"
2026-08-24 13:34:39;out_water_temp;"42;9";;"42;9"
2026-08-24 13:35:10;in_water_temp;"43;1";;"43;1"
2026-08-24 13:35:24;back_temp;"25;8";;"25;8"
2026-08-24 13:35:27;fault_flag;;False;"0;0"
2026-08-24 13:35:27;protect_flag;;False;"0;0"
2026-08-24 13:35:27;ac_fan;;close;
2026-08-24 13:35:27;freeze;;False;"0;0"
2026-08-24 13:35:27;defrost;;False;"0;0"
2026-08-24 13:35:27;dc_fan2;"0;0";;"0;0"
2026-08-24 13:36:04;comp_freq;"0;0";;"0;0"
2026-08-24 13:36:04;ac_curr;"0;0";;"0;0"
2026-08-24 13:36:23;disc_temp;"40;8";;"40;8"
2026-08-24 13:36:34;tidr;"23;6";;"23;6"
2026-08-24 13:36:34;dc_fan1;"0;0";;"0;0"
2026-08-24 13:36:34;amb_temp;"17;8";;"17;8"
2026-08-24 13:36:38;in_water_temp;"42;9";;"42;9"
2026-08-24 13:36:38;out_water_temp;"42;6";;"42;6"
2026-08-24 13:36:46;m_eev;"480;0";;"480;0"
2026-08-24 13:36:57;tank_temp;"46;8";;"46;8"
2026-08-24 13:37:25;a_eev;"10;0";;"10;0"
2026-08-24 13:37:30;out_water_temp;"42;4";;"42;4"
2026-08-24 13:37:49;valve;;False;"0;0"
2026-08-24 13:37:57;pump_sta;;False;"0;0"
2026-08-24 13:37:57;flow_rate;"0;0";;"0;0"
2026-08-24 13:38:23;in_water_temp;"42;6";;"42;6"
2026-08-24 13:38:52;tidr;"23;7";;"23;7"
2026-08-24 13:39:16;back_temp;"26;3";;"26;3"
2026-08-24 13:39:16;disc_temp;"40;3";;"40;3"
2026-08-24 13:39:19;in_water_temp;"42;4";;"42;4"
2026-08-24 13:39:35;tidr;"23;6";;"23;6"
2026-08-24 13:39:44;out_water_temp;"42;1";;"42;1"
2026-08-24 13:40:28;fault_flag;;False;"0;0"
2026-08-24 13:40:28;protect_flag;;False;"0;0"
2026-08-24 13:40:28;ac_fan;;close;
2026-08-24 13:40:28;freeze;;False;"0;0"
2026-08-24 13:40:28;defrost;;False;"0;0"
2026-08-24 13:40:28;dc_fan2;"0;0";;"0;0"
2026-08-24 13:41:07;comp_freq;"0;0";;"0;0"
2026-08-24 13:41:07;ac_curr;"0;0";;"0;0"
2026-08-24 13:41:19;out_water_temp;"41;9";;"41;9"
2026-08-24 13:41:22;in_water_temp;"42;1";;"42;1"
2026-08-24 13:41:35;dc_fan1;"0;0";;"0;0"
2026-08-24 13:41:35;amb_temp;"17;9";;"17;9"
2026-08-24 13:41:36;disc_temp;"39;8";;"39;8"
2026-08-24 13:41:47;m_eev;"480;0";;"480;0"
2026-08-24 13:41:59;tank_temp;"46;7";;"46;7"
2026-08-24 13:42:28;a_eev;"10;0";;"10;0"
2026-08-24 13:42:37;back_temp;"26;8";;"26;8"
2026-08-24 13:42:43;in_water_temp;"41;9";;"41;9"
2026-08-24 13:42:50;valve;;False;"0;0"
2026-08-24 13:42:55;tidr;"23;7";;"23;7"
2026-08-24 13:42:58;pump_sta;;False;"0;0"
2026-08-24 13:42:58;flow_rate;"0;0";;"0;0"
2026-08-24 13:43:35;tidr;"23;6";;"23;6"
2026-08-24 13:43:50;out_water_temp;"41;6";;"41;6"
2026-08-24 13:44:31;out_water_temp;"41;4";;"41;4"
2026-08-24 13:44:36;out_water_temp;"41;6";;"41;6"
2026-08-24 13:44:39;out_water_temp;"41;4";;"41;4"
2026-08-24 13:44:43;in_water_temp;"41;6";;"41;6"
2026-08-24 13:45:19;in_water_temp;"41;4";;"41;4"
2026-08-24 13:45:22;in_water_temp;"41;6";;"41;6"
2026-08-24 13:45:28;fault_flag;;False;"0;0"
2026-08-24 13:45:28;protect_flag;;False;"0;0"
2026-08-24 13:45:28;ac_fan;;close;
2026-08-24 13:45:28;freeze;;False;"0;0"
2026-08-24 13:45:28;defrost;;False;"0;0"
2026-08-24 13:45:28;dc_fan2;"0;0";;"0;0"
2026-08-24 13:45:31;in_water_temp;"41;4";;"41;4"
2026-08-24 13:46:07;disc_temp;"39;3";;"39;3"
2026-08-24 13:46:14;comp_freq;"0;0";;"0;0"
2026-08-24 13:46:14;ac_curr;"0;0";;"0;0"
2026-08-24 13:46:35;dc_fan1;"0;0";;"0;0"
2026-08-24 13:46:35;amb_temp;"18;0";;"18;0"
2026-08-24 13:46:50;m_eev;"480;0";;"480;0"
2026-08-24 13:46:51;back_temp;"27;3";;"27;3"
2026-08-24 13:47:00;tank_temp;"46;7";;"46;7"
2026-08-24 13:47:29;a_eev;"10;0";;"10;0"
2026-08-24 13:47:30;out_water_temp;"41;1";;"41;1"
2026-08-24 13:47:50;in_water_temp;"41;1";;"41;1"
2026-08-24 13:47:52;valve;;False;"0;0"
2026-08-24 13:48:06;pump_sta;;False;"0;0"
2026-08-24 13:48:06;flow_rate;"0;0";;"0;0"
2026-08-24 13:48:36;tidr;"23;6";;"23;6"
2026-08-24 13:48:55;out_water_temp;"40;9";;"40;9"
2026-08-24 13:49:30;in_water_temp;"40;9";;"40;9"
2026-08-24 13:50:20;disc_temp;"38;8";;"38;8"
2026-08-24 13:50:33;fault_flag;;False;"0;0"
2026-08-24 13:50:33;protect_flag;;False;"0;0"
2026-08-24 13:50:33;ac_fan;;close;
2026-08-24 13:50:33;freeze;;False;"0;0"
2026-08-24 13:50:33;defrost;;False;"0;0"
2026-08-24 13:50:33;dc_fan2;"0;0";;"0;0"
2026-08-24 13:51:16;comp_freq;"0;0";;"0;0"
2026-08-24 13:51:16;ac_curr;"0;0";;"0;0"
2026-08-24 13:51:37;dc_fan1;"0;0";;"0;0"
2026-08-24 13:51:37;amb_temp;"18;3";;"18;3"
2026-08-24 13:51:42;in_water_temp;"40;6";;"40;6"
2026-08-24 13:51:46;out_water_temp;"40;6";;"40;6"
2026-08-24 13:51:50;m_eev;"480;0";;"480;0"
2026-08-24 13:51:53;back_temp;"27;7";;"27;7"
2026-08-24 13:52:02;tank_temp;"46;6";;"46;6"
2026-08-24 13:52:36;a_eev;"10;0";;"10;0"
2026-08-24 13:52:54;valve;;False;"0;0"
2026-08-24 13:53:07;pump_sta;;False;"0;0"
2026-08-24 13:53:07;flow_rate;"0;0";;"0;0"
2026-08-24 13:53:15;in_water_temp;"40;4";;"40;4"
2026-08-24 13:53:41;tidr;"23;6";;"23;6"
2026-08-24 13:53:47;out_water_temp;"40;4";;"40;4"
2026-08-24 13:54:31;disc_temp;"38;2";;"38;2"
2026-08-24 13:55:23;back_temp;"28;2";;"28;2"
2026-08-24 13:55:35;fault_flag;;False;"0;0"
2026-08-24 13:55:35;protect_flag;;False;"0;0"
2026-08-24 13:55:35;ac_fan;;close;
2026-08-24 13:55:35;freeze;;False;"0;0"
2026-08-24 13:55:35;defrost;;False;"0;0"
2026-08-24 13:55:35;dc_fan2;"0;0";;"0;0"
2026-08-24 13:55:46;in_water_temp;"40;1";;"40;1"
2026-08-24 13:56:16;comp_freq;"0;0";;"0;0"
2026-08-24 13:56:16;ac_curr;"0;0";;"0;0"
2026-08-24 13:56:37;dc_fan1;"0;0";;"0;0"
2026-08-24 13:56:37;amb_temp;"18;2";;"18;2"
2026-08-24 13:56:43;out_water_temp;"40;1";;"40;1"
2026-08-24 13:56:51;m_eev;"480;0";;"480;0"
2026-08-24 13:57:05;tank_temp;"46;6";;"46;6"
2026-08-24 13:57:14;in_water_temp;"39;9";;"39;9"
2026-08-24 13:57:19;tidr;"23;7";;"23;7"
2026-08-24 13:57:39;a_eev;"10;0";;"10;0"
2026-08-24 13:57:40;tidr;"23;6";;"23;6"
2026-08-24 13:57:55;valve;;False;"0;0"
2026-08-24 13:57:55;disc_temp;"37;7";;"37;7"
2026-08-24 13:58:16;pump_sta;;False;"0;0"
2026-08-24 13:58:16;flow_rate;"0;0";;"0;0"
2026-08-24 13:58:34;out_water_temp;"39;9";;"39;9"
2026-08-24 13:59:39;in_water_temp;"39;6";;"39;6"
2026-08-24 13:59:49;back_temp;"28;7";;"28;7"
2026-08-24 14:00:02;cool_temp_set_z2;"120;0";;"120;0"
2026-08-24 14:00:02;heat_temp_set_z2;"350;0";;"350;0"
2026-08-24 14:00:02;auto_cool_temp_set_z2;"70;0";;"70;0"
2026-08-24 14:00:02;auto_heat_temp_set_z2;"270;0";;"270;0"
2026-08-24 14:00:02;idr_temp_set;"250;0";;"250;0"
2026-08-24 14:00:02;holiday_sw;;False;"0;0"
2026-08-24 14:00:02;switch;;False;"0;0"
2026-08-24 14:00:02;mute;;False;"0;0"
2026-08-24 14:00:02;cool_temp_set;"12;0";;"12;0"
2026-08-24 14:00:02;heat_temp_set;"41;0";;"41;0"
2026-08-24 14:00:02;auto_heat_temp_set_z1;"350;0";;"350;0"
2026-08-24 14:00:02;hot_water_temp_set;"46;0";;"46;0"
2026-08-24 14:00:02;zone_select;;0;"0;0"
2026-08-24 14:00:02;auto_temp_set;"70;0";;"70;0"
2026-08-24 14:00:02;work_mode;;hot_water;
2026-08-24 14:00:35;fault_flag;;False;"0;0"
2026-08-24 14:00:35;protect_flag;;False;"0;0"
2026-08-24 14:00:35;ac_fan;;close;
2026-08-24 14:00:35;freeze;;False;"0;0"
2026-08-24 14:00:35;defrost;;False;"0;0"
2026-08-24 14:00:35;dc_fan2;"0;0";;"0;0"
2026-08-24 14:01:10;in_water_temp;"39;4";;"39;4"
2026-08-24 14:01:18;comp_freq;"0;0";;"0;0"
2026-08-24 14:01:18;out_water_temp;"39;6";;"39;6"
2026-08-24 14:01:18;ac_curr;"0;0";;"0;0"
2026-08-24 14:01:38;dc_fan1;"0;0";;"0;0"
2026-08-24 14:01:38;amb_temp;"18;2";;"18;2"
2026-08-24 14:01:52;m_eev;"480;0";;"480;0"
2026-08-24 14:02:06;tank_temp;"46;6";;"46;6"
2026-08-24 14:02:08;disc_temp;"37;2";;"37;2"
2026-08-24 14:02:39;a_eev;"10;0";;"10;0"
2026-08-24 14:02:42;tidr;"23;6";;"23;6"
2026-08-24 14:02:57;valve;;False;"0;0"
2026-08-24 14:03:16;pump_sta;;False;"0;0"
2026-08-24 14:03:16;flow_rate;"0;0";;"0;0"
2026-08-24 14:03:26;out_water_temp;"39;4";;"39;4"
2026-08-24 14:03:54;in_water_temp;"39;1";;"39;1"
2026-08-24 14:04:52;back_temp;"29;1";;"29;1"
2026-08-24 14:05:04;tidr;"23;7";;"23;7"
2026-08-24 14:05:19;in_water_temp;"38;9";;"38;9"
2026-08-24 14:05:36;fault_flag;;False;"0;0"
2026-08-24 14:05:36;protect_flag;;False;"0;0"
2026-08-24 14:05:36;ac_fan;;close;
2026-08-24 14:05:36;freeze;;False;"0;0"
2026-08-24 14:05:36;defrost;;False;"0;0"
2026-08-24 14:05:36;dc_fan2;"0;0";;"0;0"
2026-08-24 14:06:19;comp_freq;"0;0";;"0;0"
2026-08-24 14:06:19;ac_curr;"0;0";;"0;0"
2026-08-24 14:06:19;disc_temp;"36;6";;"36;6"
2026-08-24 14:06:39;dc_fan1;"0;0";;"0;0"
2026-08-24 14:06:39;out_water_temp;"39;1";;"39;1"
2026-08-24 14:06:39;amb_temp;"18;0";;"18;0"
2026-08-24 14:06:58;m_eev;"480;0";;"480;0"
2026-08-24 14:07:07;tank_temp;"46;5";;"46;5"
2026-08-24 14:07:43;a_eev;"10;0";;"10;0"
2026-08-24 14:07:58;valve;;False;"0;0"
2026-08-24 14:08:11;in_water_temp;"38;6";;"38;6"
2026-08-24 14:08:18;pump_sta;;False;"0;0"
2026-08-24 14:08:18;flow_rate;"0;0";;"0;0"
2026-08-24 14:08:23;out_water_temp;"38;9";;"38;9"
2026-08-24 14:09:03;in_water_temp;"38;4";;"38;4"
2026-08-24 14:09:52;back_temp;"29;4";;"29;4"
2026-08-24 14:10:07;tidr;"23;7";;"23;7"
2026-08-24 14:10:38;fault_flag;;False;"0;0"
2026-08-24 14:10:38;protect_flag;;False;"0;0"
2026-08-24 14:10:38;ac_fan;;close;
2026-08-24 14:10:38;freeze;;False;"0;0"
2026-08-24 14:10:38;defrost;;False;"0;0"
2026-08-24 14:10:38;dc_fan2;"0;0";;"0;0"
2026-08-24 14:11:19;comp_freq;"0;0";;"0;0"
2026-08-24 14:11:19;ac_curr;"0;0";;"0;0"
2026-08-24 14:11:19;disc_temp;"36;2";;"36;2"
2026-08-24 14:11:22;in_water_temp;"38;1";;"38;1"
2026-08-24 14:11:40;dc_fan1;"0;0";;"0;0"
2026-08-24 14:11:40;amb_temp;"18;1";;"18;1"
2026-08-24 14:11:47;out_water_temp;"38;6";;"38;6"
2026-08-24 14:11:58;m_eev;"480;0";;"480;0"
2026-08-24 14:12:10;tank_temp;"46;6";;"46;6"
2026-08-24 14:12:35;out_water_temp;"38;4";;"38;4"
2026-08-24 14:12:40;out_water_temp;"38;6";;"38;6"
2026-08-24 14:12:43;out_water_temp;"38;4";;"38;4"
2026-08-24 14:12:44;a_eev;"10;0";;"10;0"
2026-08-24 14:12:47;out_water_temp;"38;6";;"38;6"
2026-08-24 14:12:50;out_water_temp;"38;4";;"38;4"
2026-08-24 14:13:00;valve;;False;"0;0"
2026-08-24 14:13:21;pump_sta;;False;"0;0"
2026-08-24 14:13:21;flow_rate;"0;0";;"0;0"
2026-08-24 14:13:26;in_water_temp;"37;9";;"37;9"
2026-08-24 14:14:54;back_temp;"29;5";;"29;5"
2026-08-24 14:15:11;tidr;"23;7";;"23;7"
2026-08-24 14:15:40;fault_flag;;False;"0;0"
2026-08-24 14:15:40;protect_flag;;False;"0;0"
2026-08-24 14:15:40;ac_fan;;close;
2026-08-24 14:15:40;freeze;;False;"0;0"
2026-08-24 14:15:40;defrost;;False;"0;0"
2026-08-24 14:15:40;dc_fan2;"0;0";;"0;0"
2026-08-24 14:15:51;out_water_temp;"38;1";;"38;1"
2026-08-24 14:16:11;in_water_temp;"37;6";;"37;6"
2026-08-24 14:16:15;disc_temp;"35;7";;"35;7"
2026-08-24 14:16:21;comp_freq;"0;0";;"0;0"
2026-08-24 14:16:21;ac_curr;"0;0";;"0;0"
2026-08-24 14:16:42;dc_fan1;"0;0";;"0;0"
2026-08-24 14:16:42;amb_temp;"18;2";;"18;2"
2026-08-24 14:16:59;m_eev;"480;0";;"480;0"
2026-08-24 14:17:10;tank_temp;"46;5";;"46;5"
2026-08-24 14:17:55;a_eev;"10;0";;"10;0"
2026-08-24 14:18:00;valve;;False;"0;0"
2026-08-24 14:18:22;pump_sta;;False;"0;0"
2026-08-24 14:18:22;flow_rate;"0;0";;"0;0"
2026-08-24 14:18:22;out_water_temp;"37;9";;"37;9"
2026-08-24 14:18:47;in_water_temp;"37;4";;"37;4"
2026-08-24 14:19:58;back_temp;"29;6";;"29;6"
2026-08-24 14:20:12;tidr;"23;7";;"23;7"
2026-08-24 14:20:43;fault_flag;;False;"0;0"
2026-08-24 14:20:43;protect_flag;;False;"0;0"
2026-08-24 14:20:43;ac_fan;;close;
2026-08-24 14:20:43;freeze;;False;"0;0"
2026-08-24 14:20:43;defrost;;False;"0;0"
2026-08-24 14:20:43;dc_fan2;"0;0";;"0;0"
2026-08-24 14:21:15;disc_temp;"35;3";;"35;3"
2026-08-24 14:21:19;out_water_temp;"37;6";;"37;6"
2026-08-24 14:21:23;comp_freq;"0;0";;"0;0"
2026-08-24 14:21:23;ac_curr;"0;0";;"0;0"
2026-08-24 14:21:42;dc_fan1;"0;0";;"0;0"
2026-08-24 14:21:42;amb_temp;"18;0";;"18;0"
2026-08-24 14:21:51;in_water_temp;"37;1";;"37;1"
2026-08-24 14:22:00;m_eev;"480;0";;"480;0"
2026-08-24 14:22:14;tank_temp;"46;6";;"46;6"
2026-08-24 14:22:56;a_eev;"10;0";;"10;0"
2026-08-24 14:23:02;valve;;False;"0;0"
2026-08-24 14:23:24;pump_sta;;False;"0;0"
2026-08-24 14:23:24;flow_rate;"0;0";;"0;0"
2026-08-24 14:23:35;in_water_temp;"36;9";;"36;9"
2026-08-24 14:24:23;disc_temp;"34;8";;"34;8"
2026-08-24 14:24:27;out_water_temp;"37;4";;"37;4"
2026-08-24 14:25:00;back_temp;"29;7";;"29;7"
2026-08-24 14:25:27;tidr;"23;7";;"23;7"
2026-08-24 14:25:44;fault_flag;;False;"0;0"
2026-08-24 14:25:44;protect_flag;;False;"0;0"
2026-08-24 14:25:44;ac_fan;;close;
2026-08-24 14:25:44;freeze;;False;"0;0"
2026-08-24 14:25:44;defrost;;False;"0;0"
2026-08-24 14:25:44;dc_fan2;"0;0";;"0;0"
2026-08-24 14:25:46;tank_temp;"46;3";;"46;3"
2026-08-24 14:26:03;in_water_temp;"36;6";;"36;6"
2026-08-24 14:26:03;tank_temp;"46;6";;"46;6"
2026-08-24 14:26:23;comp_freq;"0;0";;"0;0"
2026-08-24 14:26:23;ac_curr;"0;0";;"0;0"
2026-08-24 14:26:43;dc_fan1;"0;0";;"0;0"
2026-08-24 14:26:43;amb_temp;"17;9";;"17;9"
2026-08-24 14:27:03;m_eev;"480;0";;"480;0"
2026-08-24 14:27:59;a_eev;"10;0";;"10;0"
2026-08-24 14:28:02;in_water_temp;"36;4";;"36;4"
2026-08-24 14:28:03;valve;;False;"0;0"
2026-08-24 14:28:27;pump_sta;;False;"0;0"
2026-08-24 14:28:27;flow_rate;"0;0";;"0;0"
2026-08-24 14:28:31;out_water_temp;"37;1";;"37;1"
2026-08-24 14:29:27;disc_temp;"34;6";;"34;6"
2026-08-24 14:30:03;back_temp;"29;7";;"29;7"
2026-08-24 14:30:28;tidr;"23;7";;"23;7"
2026-08-24 14:30:30;out_water_temp;"36;9";;"36;9"
2026-08-24 14:30:46;fault_flag;;False;"0;0"
2026-08-24 14:30:46;protect_flag;;False;"0;0"
2026-08-24 14:30:46;ac_fan;;close;
2026-08-24 14:30:46;freeze;;False;"0;0"
2026-08-24 14:30:46;defrost;;False;"0;0"
2026-08-24 14:30:46;dc_fan2;"0;0";;"0;0"
2026-08-24 14:31:05;tank_temp;"46;5";;"46;5"
2026-08-24 14:31:15;in_water_temp;"36;1";;"36;1"
2026-08-24 14:31:26;comp_freq;"0;0";;"0;0"
2026-08-24 14:31:26;ac_curr;"0;0";;"0;0"
2026-08-24 14:31:44;dc_fan1;"0;0";;"0;0"
2026-08-24 14:31:44;amb_temp;"18;1";;"18;1"
2026-08-24 14:32:04;m_eev;"480;0";;"480;0"
2026-08-24 14:32:12;disc_temp;"34;1";;"34;1"
2026-08-24 14:32:59;a_eev;"10;0";;"10;0"
2026-08-24 14:33:03;valve;;False;"0;0"
2026-08-24 14:33:06;in_water_temp;"35;9";;"35;9"
2026-08-24 14:33:30;pump_sta;;False;"0;0"
2026-08-24 14:33:30;flow_rate;"0;0";;"0;0"
2026-08-24 14:33:43;out_water_temp;"36;6";;"36;6"
2026-08-24 14:34:16;tidr;"23;7";;"23;7"
2026-08-24 14:34:16;fault_flag;;False;"0;0"
2026-08-24 14:34:16;back_temp;"29;8";;"29;8"
2026-08-24 14:34:16;protect_flag;;False;"0;0"
2026-08-24 14:34:16;comp_freq;"0;0";;"0;0"
2026-08-24 14:34:16;m_eev;"480;0";;"480;0"
2026-08-24 14:34:16;a_eev;"10;0";;"10;0"
2026-08-24 14:34:16;ac_fan;;close;
2026-08-24 14:34:16;freeze;;False;"0;0"
2026-08-24 14:34:16;dc_fan1;"0;0";;"0;0"
2026-08-24 14:34:16;defrost;;False;"0;0"
2026-08-24 14:34:16;dc_fan2;"0;0";;"0;0"
2026-08-24 14:34:16;pump_sta;;False;"0;0"
2026-08-24 14:34:16;flow_rate;"0;0";;"0;0"
2026-08-24 14:34:16;in_water_temp;"35;8";;"35;8"
2026-08-24 14:34:16;valve;;False;"0;0"
2026-08-24 14:34:16;out_water_temp;"36;6";;"36;6"
2026-08-24 14:34:16;amb_temp;"18;0";;"18;0"
2026-08-24 14:34:16;ac_curr;"0;0";;"0;0"
2026-08-24 14:34:16;tank_temp;"46;5";;"46;5"
2026-08-24 14:34:16;disc_temp;"34;0";;"34;0"
2026-08-24 14:36:10;out_water_temp;"36;4";;"36;4"
2026-08-24 14:37:27;in_water_temp;"35;5";;"35;5"
2026-08-24 14:39:11;in_water_temp;"35;3";;"35;3"
2026-08-24 14:39:31;out_water_temp;"36;1";;"36;1"
2026-08-24 14:39:34;tidr;"23;7";;"23;7"
2026-08-24 14:39:34;fault_flag;;False;"0;0"
2026-08-24 14:39:34;back_temp;"29;7";;"29;7"
2026-08-24 14:39:34;protect_flag;;False;"0;0"
2026-08-24 14:39:34;comp_freq;"0;0";;"0;0"
2026-08-24 14:39:34;m_eev;"480;0";;"480;0"
2026-08-24 14:39:34;a_eev;"10;0";;"10;0"
2026-08-24 14:39:34;ac_fan;;close;
2026-08-24 14:39:34;freeze;;False;"0;0"
2026-08-24 14:39:34;dc_fan1;"0;0";;"0;0"
2026-08-24 14:39:34;defrost;;False;"0;0"
2026-08-24 14:39:34;dc_fan2;"0;0";;"0;0"
2026-08-24 14:39:34;pump_sta;;False;"0;0"
2026-08-24 14:39:34;flow_rate;"0;0";;"0;0"
2026-08-24 14:39:34;valve;;False;"0;0"
2026-08-24 14:39:34;amb_temp;"17;9";;"17;9"
2026-08-24 14:39:34;ac_curr;"0;0";;"0;0"
2026-08-24 14:39:34;tank_temp;"46;5";;"46;5"
2026-08-24 14:39:34;disc_temp;"33;6";;"33;6"
2026-08-24 14:41:34;tidr;"23;7";;"23;7"
2026-08-24 14:41:34;fault_flag;;False;"0;0"
2026-08-24 14:41:34;back_temp;"29;7";;"29;7"
2026-08-24 14:41:34;protect_flag;;False;"0;0"
2026-08-24 14:41:34;comp_freq;"0;0";;"0;0"
2026-08-24 14:41:34;m_eev;"480;0";;"480;0"
2026-08-24 14:41:34;a_eev;"10;0";;"10;0"
2026-08-24 14:41:34;ac_fan;;close;
2026-08-24 14:41:34;freeze;;False;"0;0"
2026-08-24 14:41:34;dc_fan1;"0;0";;"0;0"
2026-08-24 14:41:34;defrost;;False;"0;0"
2026-08-24 14:41:34;dc_fan2;"0;0";;"0;0"
2026-08-24 14:41:34;pump_sta;;False;"0;0"
2026-08-24 14:41:34;flow_rate;"0;0";;"0;0"
2026-08-24 14:41:34;in_water_temp;"35;1";;"35;1"
2026-08-24 14:41:34;valve;;False;"0;0"
2026-08-24 14:41:34;out_water_temp;"36;0";;"36;0"
2026-08-24 14:41:34;amb_temp;"18;1";;"18;1"
2026-08-24 14:41:34;ac_curr;"0;0";;"0;0"
2026-08-24 14:41:34;tank_temp;"46;5";;"46;5"
2026-08-24 14:41:34;disc_temp;"33;4";;"33;4"
2026-08-24 14:43:02;out_water_temp;"35;8";;"35;8"
2026-08-24 14:43:38;in_water_temp;"34;9";;"34;9"
2026-08-24 14:46:50;tidr;"23;7";;"23;7"
2026-08-24 14:46:50;fault_flag;;False;"0;0"
2026-08-24 14:46:50;back_temp;"29;5";;"29;5"
2026-08-24 14:46:50;protect_flag;;False;"0;0"
2026-08-24 14:46:50;comp_freq;"0;0";;"0;0"
2026-08-24 14:46:50;m_eev;"480;0";;"480;0"
2026-08-24 14:46:50;a_eev;"10;0";;"10;0"
2026-08-24 14:46:50;ac_fan;;close;
2026-08-24 14:46:50;freeze;;False;"0;0"
2026-08-24 14:46:50;dc_fan1;"0;0";;"0;0"
2026-08-24 14:46:50;defrost;;False;"0;0"
2026-08-24 14:46:50;dc_fan2;"0;0";;"0;0"
2026-08-24 14:46:50;pump_sta;;False;"0;0"
2026-08-24 14:46:50;flow_rate;"0;0";;"0;0"
2026-08-24 14:46:50;valve;;False;"0;0"
2026-08-24 14:46:50;amb_temp;"18;0";;"18;0"
2026-08-24 14:46:50;ac_curr;"0;0";;"0;0"
2026-08-24 14:46:50;tank_temp;"46;5";;"46;5"
2026-08-24 14:46:50;disc_temp;"33;1";;"33;1"
2026-08-24 14:46:51;in_water_temp;"34;6";;"34;6"
2026-08-24 14:47:02;out_water_temp;"35;5";;"35;5"
2026-08-24 14:49:18;out_water_temp;"35;3";;"35;3"
2026-08-24 14:50:15;in_water_temp;"34;4";;"34;4"
2026-08-24 14:51:51;tidr;"23;7";;"23;7"
2026-08-24 14:51:51;fault_flag;;False;"0;0"
2026-08-24 14:51:51;back_temp;"29;4";;"29;4"
2026-08-24 14:51:51;protect_flag;;False;"0;0"
2026-08-24 14:51:51;comp_freq;"0;0";;"0;0"
2026-08-24 14:51:51;m_eev;"480;0";;"480;0"
2026-08-24 14:51:51;a_eev;"10;0";;"10;0"
2026-08-24 14:51:51;ac_fan;;close;
2026-08-24 14:51:51;freeze;;False;"0;0"
2026-08-24 14:51:51;dc_fan1;"0;0";;"0;0"
2026-08-24 14:51:51;defrost;;False;"0;0"
2026-08-24 14:51:51;dc_fan2;"0;0";;"0;0"
2026-08-24 14:51:51;pump_sta;;False;"0;0"
2026-08-24 14:51:51;flow_rate;"0;0";;"0;0"
2026-08-24 14:51:51;valve;;False;"0;0"
2026-08-24 14:51:51;amb_temp;"18;1";;"18;1"
2026-08-24 14:51:51;ac_curr;"0;0";;"0;0"
2026-08-24 14:51:51;tank_temp;"46;5";;"46;5"
2026-08-24 14:51:51;disc_temp;"32;7";;"32;7"
2026-08-24 14:53:02;out_water_temp;"35;0";;"35;0"
2026-08-24 14:53:27;in_water_temp;"34;1";;"34;1"
2026-08-24 14:55:50;out_water_temp;"34;8";;"34;8"
2026-08-24 14:55:58;in_water_temp;"33;9";;"33;9"
2026-08-24 14:56:12;tidr;"23;8";;"23;8"
2026-08-24 14:56:50;tidr;"23;7";;"23;7"
2026-08-24 14:56:52;fault_flag;;False;"0;0"
2026-08-24 14:56:52;back_temp;"29;2";;"29;2"
2026-08-24 14:56:52;protect_flag;;False;"0;0"
2026-08-24 14:56:52;comp_freq;"0;0";;"0;0"
2026-08-24 14:56:52;m_eev;"480;0";;"480;0"
2026-08-24 14:56:52;a_eev;"10;0";;"10;0"
2026-08-24 14:56:52;ac_fan;;close;
2026-08-24 14:56:52;freeze;;False;"0;0"
2026-08-24 14:56:52;dc_fan1;"0;0";;"0;0"
2026-08-24 14:56:52;defrost;;False;"0;0"
2026-08-24 14:56:52;dc_fan2;"0;0";;"0;0"
2026-08-24 14:56:52;pump_sta;;False;"0;0"
2026-08-24 14:56:52;flow_rate;"0;0";;"0;0"
2026-08-24 14:56:52;valve;;False;"0;0"
2026-08-24 14:56:52;amb_temp;"18;0";;"18;0"
2026-08-24 14:56:52;ac_curr;"0;0";;"0;0"
2026-08-24 14:56:52;tank_temp;"46;3";;"46;3"
2026-08-24 14:56:52;disc_temp;"32;3";;"32;3"
2026-08-24 14:59:34;in_water_temp;"33;6";;"33;6"
2026-08-24 14:59:40;out_water_temp;"34;5";;"34;5"
2026-08-24 15:01:52;tidr;"23;7";;"23;7"
2026-08-24 15:01:55;fault_flag;;False;"0;0"
2026-08-24 15:01:55;back_temp;"29;0";;"29;0"
2026-08-24 15:01:55;protect_flag;;False;"0;0"
2026-08-24 15:01:55;comp_freq;"0;0";;"0;0"
2026-08-24 15:01:55;m_eev;"480;0";;"480;0"
2026-08-24 15:01:55;a_eev;"10;0";;"10;0"
2026-08-24 15:01:55;ac_fan;;close;
2026-08-24 15:01:55;freeze;;False;"0;0"
2026-08-24 15:01:55;dc_fan1;"0;0";;"0;0"
2026-08-24 15:01:55;defrost;;False;"0;0"
2026-08-24 15:01:55;dc_fan2;"0;0";;"0;0"
2026-08-24 15:01:55;pump_sta;;False;"0;0"
2026-08-24 15:01:55;flow_rate;"0;0";;"0;0"
2026-08-24 15:01:55;valve;;False;"0;0"
2026-08-24 15:01:55;amb_temp;"18;1";;"18;1"
2026-08-24 15:01:55;ac_curr;"0;0";;"0;0"
2026-08-24 15:01:55;tank_temp;"46;5";;"46;5"
2026-08-24 15:01:55;disc_temp;"32;0";;"32;0"
2026-08-24 15:03:03;in_water_temp;"33;4";;"33;4"
2026-08-24 15:03:26;out_water_temp;"34;3";;"34;3"
2026-08-24 15:06:22;in_water_temp;"33;1";;"33;1"
2026-08-24 15:06:36;disc_temp;"31;5";;"31;5"
2026-08-24 15:07:03;tidr;"23;7";;"23;7"
2026-08-24 15:07:03;fault_flag;;False;"0;0"
2026-08-24 15:07:03;back_temp;"28;8";;"28;8"
2026-08-24 15:07:03;protect_flag;;False;"0;0"
2026-08-24 15:07:03;comp_freq;"0;0";;"0;0"
2026-08-24 15:07:03;m_eev;"480;0";;"480;0"
2026-08-24 15:07:03;a_eev;"10;0";;"10;0"
2026-08-24 15:07:03;ac_fan;;close;
2026-08-24 15:07:03;freeze;;False;"0;0"
2026-08-24 15:07:03;dc_fan1;"0;0";;"0;0"
2026-08-24 15:07:03;defrost;;False;"0;0"
2026-08-24 15:07:03;dc_fan2;"0;0";;"0;0"
2026-08-24 15:07:03;pump_sta;;False;"0;0"
2026-08-24 15:07:03;flow_rate;"0;0";;"0;0"
2026-08-24 15:07:03;valve;;False;"0;0"
2026-08-24 15:07:03;amb_temp;"18;1";;"18;1"
2026-08-24 15:07:03;ac_curr;"0;0";;"0;0"
2026-08-24 15:07:03;tank_temp;"46;3";;"46;3"
2026-08-24 15:07:38;out_water_temp;"34;0";;"34;0"
2026-08-24 15:08:48;tidr;"23;8";;"23;8"
2026-08-24 15:09:06;in_water_temp;"32;9";;"32;9"
2026-08-24 15:09:45;tidr;"23;7";;"23;7"
2026-08-24 15:10:23;out_water_temp;"33;8";;"33;8"
2026-08-24 15:10:39;tidr;"23;7";;"23;7"
2026-08-24 15:10:39;fault_flag;;False;"0;0"
2026-08-24 15:10:39;back_temp;"28;6";;"28;6"
2026-08-24 15:10:39;protect_flag;;False;"0;0"
2026-08-24 15:10:39;comp_freq;"0;0";;"0;0"
2026-08-24 15:10:39;m_eev;"480;0";;"480;0"
2026-08-24 15:10:39;a_eev;"10;0";;"10;0"
2026-08-24 15:10:39;ac_fan;;close;
2026-08-24 15:10:39;freeze;;False;"0;0"
2026-08-24 15:10:39;dc_fan1;"0;0";;"0;0"
2026-08-24 15:10:39;defrost;;False;"0;0"
2026-08-24 15:10:39;dc_fan2;"0;0";;"0;0"
2026-08-24 15:10:39;pump_sta;;False;"0;0"
2026-08-24 15:10:39;flow_rate;"0;0";;"0;0"
2026-08-24 15:10:39;in_water_temp;"32;8";;"32;8"
2026-08-24 15:10:39;valve;;False;"0;0"
2026-08-24 15:10:39;out_water_temp;"33;8";;"33;8"
2026-08-24 15:10:39;amb_temp;"18;2";;"18;2"
2026-08-24 15:10:39;ac_curr;"0;0";;"0;0"
2026-08-24 15:10:39;tank_temp;"46;3";;"46;3"
2026-08-24 15:10:39;disc_temp;"31;4";;"31;4"
2026-08-24 15:11:08;tidr;"23;8";;"23;8"
2026-08-24 15:11:39;tidr;"23;7";;"23;7"
2026-08-24 15:14:34;in_water_temp;"32;5";;"32;5"
2026-08-24 15:14:34;out_water_temp;"33;5";;"33;5"
2026-08-24 15:15:40;disc_temp;"30;9";;"30;9"
2026-08-24 15:15:56;fault_flag;;False;"0;0"
2026-08-24 15:15:56;back_temp;"28;4";;"28;4"
2026-08-24 15:15:56;protect_flag;;False;"0;0"
2026-08-24 15:15:56;comp_freq;"0;0";;"0;0"
2026-08-24 15:15:56;m_eev;"480;0";;"480;0"
2026-08-24 15:15:56;a_eev;"10;0";;"10;0"
2026-08-24 15:15:56;ac_fan;;close;
2026-08-24 15:15:56;freeze;;False;"0;0"
2026-08-24 15:15:56;dc_fan1;"0;0";;"0;0"
2026-08-24 15:15:56;defrost;;False;"0;0"
2026-08-24 15:15:56;dc_fan2;"0;0";;"0;0"
2026-08-24 15:15:56;pump_sta;;False;"0;0"
2026-08-24 15:15:56;flow_rate;"0;0";;"0;0"
2026-08-24 15:15:56;valve;;False;"0;0"
2026-08-24 15:15:56;amb_temp;"18;1";;"18;1"
2026-08-24 15:15:56;ac_curr;"0;0";;"0;0"
2026-08-24 15:15:56;tank_temp;"46;3";;"46;3"
2026-08-24 15:16:31;in_water_temp;"32;3";;"32;3"
2026-08-24 15:16:40;tidr;"23;7";;"23;7"
2026-08-24 15:16:48;tidr;"23;7";;"23;7"
2026-08-24 15:16:48;fault_flag;;False;"0;0"
2026-08-24 15:16:48;back_temp;"28;4";;"28;4"
2026-08-24 15:16:48;protect_flag;;False;"0;0"
2026-08-24 15:16:48;comp_freq;"0;0";;"0;0"
2026-08-24 15:16:48;m_eev;"480;0";;"480;0"
2026-08-24 15:16:48;a_eev;"10;0";;"10;0"
2026-08-24 15:16:48;ac_fan;;close;
2026-08-24 15:16:48;freeze;;False;"0;0"
2026-08-24 15:16:48;dc_fan1;"0;0";;"0;0"
2026-08-24 15:16:48;defrost;;False;"0;0"
2026-08-24 15:16:48;dc_fan2;"0;0";;"0;0"
2026-08-24 15:16:48;pump_sta;;False;"0;0"
2026-08-24 15:16:48;flow_rate;"0;0";;"0;0"
2026-08-24 15:16:48;in_water_temp;"32;4";;"32;4"
2026-08-24 15:16:48;valve;;False;"0;0"
2026-08-24 15:16:48;out_water_temp;"33;5";;"33;5"
2026-08-24 15:16:48;amb_temp;"18;1";;"18;1"
2026-08-24 15:16:48;ac_curr;"0;0";;"0;0"
2026-08-24 15:16:48;tank_temp;"46;3";;"46;3"
2026-08-24 15:16:48;disc_temp;"30;9";;"30;9"
2026-08-24 15:18:34;out_water_temp;"33;3";;"33;3"
2026-08-24 15:19:27;in_water_temp;"32;1";;"32;1"
2026-08-24 15:21:46;in_water_temp;"31;9";;"31;9"
2026-08-24 15:22:06;tidr;"23;7";;"23;7"
2026-08-24 15:22:06;fault_flag;;False;"0;0"
2026-08-24 15:22:06;back_temp;"28;2";;"28;2"
2026-08-24 15:22:06;protect_flag;;False;"0;0"
2026-08-24 15:22:06;comp_freq;"0;0";;"0;0"
2026-08-24 15:22:06;m_eev;"480;0";;"480;0"
2026-08-24 15:22:06;a_eev;"10;0";;"10;0"
2026-08-24 15:22:06;ac_fan;;close;
2026-08-24 15:22:06;freeze;;False;"0;0"
2026-08-24 15:22:06;dc_fan1;"0;0";;"0;0"
2026-08-24 15:22:06;defrost;;False;"0;0"
2026-08-24 15:22:06;dc_fan2;"0;0";;"0;0"
2026-08-24 15:22:06;pump_sta;;False;"0;0"
2026-08-24 15:22:06;flow_rate;"0;0";;"0;0"
2026-08-24 15:22:06;valve;;False;"0;0"
2026-08-24 15:22:06;amb_temp;"17;9";;"17;9"
2026-08-24 15:22:06;ac_curr;"0;0";;"0;0"
2026-08-24 15:22:06;tank_temp;"46;3";;"46;3"
2026-08-24 15:22:06;disc_temp;"30;6";;"30;6"
2026-08-24 15:22:15;out_water_temp;"33;0";;"33;0"
2026-08-24 15:25:02;out_water_temp;"32;8";;"32;8"
2026-08-24 15:25:55;in_water_temp;"31;6";;"31;6"
2026-08-24 15:27:07;tidr;"23;7";;"23;7"
2026-08-24 15:27:07;fault_flag;;False;"0;0"
2026-08-24 15:27:07;back_temp;"28;0";;"28;0"
2026-08-24 15:27:07;protect_flag;;False;"0;0"
2026-08-24 15:27:07;comp_freq;"0;0";;"0;0"
2026-08-24 15:27:07;m_eev;"480;0";;"480;0"
2026-08-24 15:27:07;a_eev;"10;0";;"10;0"
2026-08-24 15:27:07;ac_fan;;close;
2026-08-24 15:27:07;freeze;;False;"0;0"
2026-08-24 15:27:07;dc_fan1;"0;0";;"0;0"
2026-08-24 15:27:07;defrost;;False;"0;0"
2026-08-24 15:27:07;dc_fan2;"0;0";;"0;0"
2026-08-24 15:27:07;pump_sta;;False;"0;0"
2026-08-24 15:27:07;flow_rate;"0;0";;"0;0"
2026-08-24 15:27:07;valve;;False;"0;0"
2026-08-24 15:27:07;amb_temp;"17;9";;"17;9"
2026-08-24 15:27:07;ac_curr;"0;0";;"0;0"
2026-08-24 15:27:07;tank_temp;"46;2";;"46;2"
2026-08-24 15:27:07;disc_temp;"30;3";;"30;3"
2026-08-24 15:27:26;tidr;"23;6";;"23;6"
2026-08-24 15:29:44;out_water_temp;"32;5";;"32;5"
2026-08-24 15:30:19;in_water_temp;"31;4";;"31;4"
2026-08-24 15:32:07;fault_flag;;False;"0;0"
2026-08-24 15:32:07;back_temp;"27;8";;"27;8"
2026-08-24 15:32:07;protect_flag;;False;"0;0"
2026-08-24 15:32:07;comp_freq;"0;0";;"0;0"
2026-08-24 15:32:07;m_eev;"480;0";;"480;0"
2026-08-24 15:32:07;a_eev;"10;0";;"10;0"
2026-08-24 15:32:07;ac_fan;;close;
2026-08-24 15:32:07;freeze;;False;"0;0"
2026-08-24 15:32:07;dc_fan1;"0;0";;"0;0"
2026-08-24 15:32:07;defrost;;False;"0;0"
2026-08-24 15:32:07;dc_fan2;"0;0";;"0;0"
2026-08-24 15:32:07;pump_sta;;False;"0;0"
2026-08-24 15:32:07;flow_rate;"0;0";;"0;0"
2026-08-24 15:32:07;valve;;False;"0;0"
2026-08-24 15:32:07;amb_temp;"17;8";;"17;8"
2026-08-24 15:32:07;ac_curr;"0;0";;"0;0"
2026-08-24 15:32:07;tank_temp;"46;3";;"46;3"
2026-08-24 15:32:07;disc_temp;"30;0";;"30;0"
2026-08-24 15:32:15;out_water_temp;"32;3";;"32;3"
2026-08-24 15:32:30;tidr;"23;6";;"23;6"
2026-08-24 15:34:23;in_water_temp;"31;1";;"31;1"
2026-08-24 15:36:34;out_water_temp;"32;0";;"32;0"
2026-08-24 15:37:09;fault_flag;;False;"0;0"
2026-08-24 15:37:09;back_temp;"27;6";;"27;6"
2026-08-24 15:37:09;protect_flag;;False;"0;0"
2026-08-24 15:37:09;comp_freq;"0;0";;"0;0"
2026-08-24 15:37:09;m_eev;"480;0";;"480;0"
2026-08-24 15:37:09;a_eev;"10;0";;"10;0"
2026-08-24 15:37:09;ac_fan;;close;
2026-08-24 15:37:09;freeze;;False;"0;0"
2026-08-24 15:37:09;dc_fan1;"0;0";;"0;0"
2026-08-24 15:37:09;defrost;;False;"0;0"
2026-08-24 15:37:09;dc_fan2;"0;0";;"0;0"
2026-08-24 15:37:09;pump_sta;;False;"0;0"
2026-08-24 15:37:09;flow_rate;"0;0";;"0;0"
2026-08-24 15:37:09;valve;;False;"0;0"
2026-08-24 15:37:09;amb_temp;"17;9";;"17;9"
2026-08-24 15:37:09;ac_curr;"0;0";;"0;0"
2026-08-24 15:37:09;tank_temp;"46;2";;"46;2"
2026-08-24 15:37:09;disc_temp;"29;7";;"29;7"
2026-08-24 15:37:22;in_water_temp;"30;9";;"30;9"
2026-08-24 15:37:33;tidr;"23;6";;"23;6"
2026-08-24 15:41:14;out_water_temp;"31;7";;"31;7"
2026-08-24 15:42:09;fault_flag;;False;"0;0"
2026-08-24 15:42:09;back_temp;"27;3";;"27;3"
2026-08-24 15:42:09;protect_flag;;False;"0;0"
2026-08-24 15:42:09;comp_freq;"0;0";;"0;0"
2026-08-24 15:42:09;m_eev;"480;0";;"480;0"
2026-08-24 15:42:09;a_eev;"10;0";;"10;0"
2026-08-24 15:42:09;ac_fan;;close;
2026-08-24 15:42:09;freeze;;False;"0;0"
2026-08-24 15:42:09;dc_fan1;"0;0";;"0;0"
2026-08-24 15:42:09;defrost;;False;"0;0"
2026-08-24 15:42:09;dc_fan2;"0;0";;"0;0"
2026-08-24 15:42:09;pump_sta;;False;"0;0"
2026-08-24 15:42:09;flow_rate;"0;0";;"0;0"
2026-08-24 15:42:09;valve;;False;"0;0"
2026-08-24 15:42:09;amb_temp;"17;9";;"17;9"
2026-08-24 15:42:09;ac_curr;"0;0";;"0;0"
2026-08-24 15:42:09;tank_temp;"46;2";;"46;2"
2026-08-24 15:42:09;disc_temp;"29;6";;"29;6"
2026-08-24 15:42:24;in_water_temp;"30;7";;"30;7"
2026-08-24 15:42:38;tidr;"23;6";;"23;6"
2026-08-24 15:46:15;in_water_temp;"30;4";;"30;4"
2026-08-24 15:46:15;out_water_temp;"31;5";;"31;5"
2026-08-24 15:47:11;fault_flag;;False;"0;0"
2026-08-24 15:47:11;back_temp;"27;1";;"27;1"
2026-08-24 15:47:11;protect_flag;;False;"0;0"
2026-08-24 15:47:11;comp_freq;"0;0";;"0;0"
2026-08-24 15:47:11;m_eev;"480;0";;"480;0"
2026-08-24 15:47:11;a_eev;"10;0";;"10;0"
2026-08-24 15:47:11;ac_fan;;close;
2026-08-24 15:47:11;freeze;;False;"0;0"
2026-08-24 15:47:11;dc_fan1;"0;0";;"0;0"
2026-08-24 15:47:11;defrost;;False;"0;0"
2026-08-24 15:47:11;dc_fan2;"0;0";;"0;0"
2026-08-24 15:47:11;pump_sta;;False;"0;0"
2026-08-24 15:47:11;flow_rate;"0;0";;"0;0"
2026-08-24 15:47:11;valve;;False;"0;0"
2026-08-24 15:47:11;amb_temp;"17;9";;"17;9"
2026-08-24 15:47:11;ac_curr;"0;0";;"0;0"
2026-08-24 15:47:11;tank_temp;"46;2";;"46;2"
2026-08-24 15:47:11;disc_temp;"29;3";;"29;3"
2026-08-24 15:47:39;tidr;"23;6";;"23;6"
2026-08-24 15:50:09;out_water_temp;"31;2";;"31;2"
2026-08-24 15:51:16;in_water_temp;"30;2";;"30;2"
2026-08-24 15:51:23;tidr;"23;5";;"23;5"
2026-08-24 15:52:11;fault_flag;;False;"0;0"
2026-08-24 15:52:11;back_temp;"26;9";;"26;9"
2026-08-24 15:52:11;protect_flag;;False;"0;0"
2026-08-24 15:52:11;comp_freq;"0;0";;"0;0"
2026-08-24 15:52:11;m_eev;"480;0";;"480;0"
2026-08-24 15:52:11;a_eev;"10;0";;"10;0"
2026-08-24 15:52:11;ac_fan;;close;
2026-08-24 15:52:11;freeze;;False;"0;0"
2026-08-24 15:52:11;dc_fan1;"0;0";;"0;0"
2026-08-24 15:52:11;defrost;;False;"0;0"
2026-08-24 15:52:11;dc_fan2;"0;0";;"0;0"
2026-08-24 15:52:11;pump_sta;;False;"0;0"
2026-08-24 15:52:11;flow_rate;"0;0";;"0;0"
2026-08-24 15:52:11;valve;;False;"0;0"
2026-08-24 15:52:11;amb_temp;"17;8";;"17;8"
2026-08-24 15:52:11;ac_curr;"0;0";;"0;0"
2026-08-24 15:52:11;tank_temp;"46;1";;"46;1"
2026-08-24 15:52:11;disc_temp;"29;0";;"29;0"
2026-08-24 15:52:45;tidr;"23;6";;"23;6"
2026-08-24 15:54:51;in_water_temp;"29;9";;"29;9"
2026-08-24 15:55:04;tidr;"23;5";;"23;5"
2026-08-24 15:55:10;out_water_temp;"31;0";;"31;0"
2026-08-24 15:57:15;fault_flag;;False;"0;0"
2026-08-24 15:57:15;back_temp;"26;7";;"26;7"
2026-08-24 15:57:15;protect_flag;;False;"0;0"
2026-08-24 15:57:15;comp_freq;"0;0";;"0;0"
2026-08-24 15:57:15;m_eev;"480;0";;"480;0"
2026-08-24 15:57:15;a_eev;"10;0";;"10;0"
2026-08-24 15:57:15;ac_fan;;close;
2026-08-24 15:57:15;freeze;;False;"0;0"
2026-08-24 15:57:15;dc_fan1;"0;0";;"0;0"
2026-08-24 15:57:15;defrost;;False;"0;0"
2026-08-24 15:57:15;dc_fan2;"0;0";;"0;0"
2026-08-24 15:57:15;pump_sta;;False;"0;0"
2026-08-24 15:57:15;flow_rate;"0;0";;"0;0"
2026-08-24 15:57:15;valve;;False;"0;0"
2026-08-24 15:57:15;amb_temp;"17;8";;"17;8"
2026-08-24 15:57:15;ac_curr;"0;0";;"0;0"
2026-08-24 15:57:15;tank_temp;"46;1";;"46;1"
2026-08-24 15:57:15;disc_temp;"28;6";;"28;6"
2026-08-24 15:58:00;tidr;"23;6";;"23;6"
2026-08-24 15:59:52;in_water_temp;"29;7";;"29;7"
2026-08-24 16:00:02;cool_temp_set_z2;"120;0";;"120;0"
2026-08-24 16:00:02;heat_temp_set_z2;"350;0";;"350;0"
2026-08-24 16:00:02;auto_cool_temp_set_z2;"70;0";;"70;0"
2026-08-24 16:00:02;auto_heat_temp_set_z2;"270;0";;"270;0"
2026-08-24 16:00:02;idr_temp_set;"250;0";;"250;0"
2026-08-24 16:00:02;holiday_sw;;False;"0;0"
2026-08-24 16:00:02;switch;;True;"1;0"
2026-08-24 16:00:02;mute;;False;"0;0"
2026-08-24 16:00:02;cool_temp_set;"12;0";;"12;0"
2026-08-24 16:00:02;heat_temp_set;"41;0";;"41;0"
2026-08-24 16:00:02;auto_heat_temp_set_z1;"350;0";;"350;0"
2026-08-24 16:00:02;hot_water_temp_set;"44;0";;"44;0"
2026-08-24 16:00:02;zone_select;;0;"0;0"
2026-08-24 16:00:02;auto_temp_set;"70;0";;"70;0"
2026-08-24 16:00:02;work_mode;;hot_water;
2026-08-24 16:00:14;out_water_temp;"30;7";;"30;7"
2026-08-24 16:01:10;tidr;"23;5";;"23;5"
2026-08-24 16:02:17;fault_flag;;False;"0;0"
2026-08-24 16:02:17;back_temp;"26;5";;"26;5"
2026-08-24 16:02:17;protect_flag;;False;"0;0"
2026-08-24 16:02:17;comp_freq;"0;0";;"0;0"
2026-08-24 16:02:17;m_eev;"480;0";;"480;0"
2026-08-24 16:02:17;a_eev;"10;0";;"10;0"
2026-08-24 16:02:17;ac_fan;;close;
2026-08-24 16:02:17;freeze;;False;"0;0"
2026-08-24 16:02:17;dc_fan1;"0;0";;"0;0"
2026-08-24 16:02:17;defrost;;False;"0;0"
2026-08-24 16:02:17;dc_fan2;"0;0";;"0;0"
2026-08-24 16:02:17;pump_sta;;False;"0;0"
2026-08-24 16:02:17;flow_rate;"0;0";;"0;0"
2026-08-24 16:02:17;valve;;False;"0;0"
2026-08-24 16:02:17;amb_temp;"17;8";;"17;8"
2026-08-24 16:02:17;ac_curr;"0;0";;"0;0"
2026-08-24 16:02:17;tank_temp;"46;1";;"46;1"
2026-08-24 16:02:17;disc_temp;"28;5";;"28;5"
2026-08-24 16:02:32;tidr;"23;6";;"23;6"
2026-08-24 16:02:58;tidr;"23;5";;"23;5"
2026-08-24 16:04:31;in_water_temp;"29;4";;"29;4"
2026-08-24 16:04:46;out_water_temp;"30;4";;"30;4"
2026-08-24 16:07:20;fault_flag;;False;"0;0"
2026-08-24 16:07:20;back_temp;"26;3";;"26;3"
2026-08-24 16:07:20;protect_flag;;False;"0;0"
2026-08-24 16:07:20;comp_freq;"0;0";;"0;0"
2026-08-24 16:07:20;m_eev;"480;0";;"480;0"
2026-08-24 16:07:20;a_eev;"10;0";;"10;0"
2026-08-24 16:07:20;ac_fan;;close;
2026-08-24 16:07:20;freeze;;False;"0;0"
2026-08-24 16:07:20;dc_fan1;"0;0";;"0;0"
2026-08-24 16:07:20;defrost;;False;"0;0"
2026-08-24 16:07:20;dc_fan2;"0;0";;"0;0"
2026-08-24 16:07:20;pump_sta;;False;"0;0"
2026-08-24 16:07:20;flow_rate;"0;0";;"0;0"
2026-08-24 16:07:20;valve;;False;"0;0"
2026-08-24 16:07:20;amb_temp;"17;6";;"17;6"
2026-08-24 16:07:20;ac_curr;"0;0";;"0;0"
2026-08-24 16:07:20;tank_temp;"46;1";;"46;1"
2026-08-24 16:07:20;disc_temp;"28;2";;"28;2"
2026-08-24 16:08:00;tidr;"23;5";;"23;5"
2026-08-24 16:09:26;in_water_temp;"29;1";;"29;1"
2026-08-24 16:09:47;out_water_temp;"30;3";;"30;3"
2026-08-24 16:12:22;fault_flag;;False;"0;0"
2026-08-24 16:12:22;back_temp;"26;1";;"26;1"
2026-08-24 16:12:22;protect_flag;;False;"0;0"
2026-08-24 16:12:22;comp_freq;"0;0";;"0;0"
2026-08-24 16:12:22;m_eev;"480;0";;"480;0"
2026-08-24 16:12:22;a_eev;"10;0";;"10;0"
2026-08-24 16:12:22;ac_fan;;close;
2026-08-24 16:12:22;freeze;;False;"0;0"
2026-08-24 16:12:22;dc_fan1;"0;0";;"0;0"
2026-08-24 16:12:22;defrost;;False;"0;0"
2026-08-24 16:12:22;dc_fan2;"0;0";;"0;0"
2026-08-24 16:12:22;pump_sta;;False;"0;0"
2026-08-24 16:12:22;flow_rate;"0;0";;"0;0"
2026-08-24 16:12:22;valve;;False;"0;0"
2026-08-24 16:12:22;amb_temp;"17;7";;"17;7"
2026-08-24 16:12:22;ac_curr;"0;0";;"0;0"
2026-08-24 16:12:22;tank_temp;"46;1";;"46;1"
2026-08-24 16:12:22;disc_temp;"28;0";;"28;0"
2026-08-24 16:13:03;tidr;"23;5";;"23;5"
2026-08-24 16:13:07;out_water_temp;"30;0";;"30;0"
2026-08-24 16:13:27;in_water_temp;"28;9";;"28;9"
2026-08-24 16:17:23;fault_flag;;False;"0;0"
2026-08-24 16:17:23;back_temp;"25;9";;"25;9"
2026-08-24 16:17:23;protect_flag;;False;"0;0"
2026-08-24 16:17:23;comp_freq;"0;0";;"0;0"
2026-08-24 16:17:23;m_eev;"480;0";;"480;0"
2026-08-24 16:17:23;a_eev;"10;0";;"10;0"
2026-08-24 16:17:23;ac_fan;;close;
2026-08-24 16:17:23;freeze;;False;"0;0"
2026-08-24 16:17:23;dc_fan1;"0;0";;"0;0"
2026-08-24 16:17:23;defrost;;False;"0;0"
2026-08-24 16:17:23;dc_fan2;"0;0";;"0;0"
2026-08-24 16:17:23;pump_sta;;False;"0;0"
2026-08-24 16:17:23;flow_rate;"0;0";;"0;0"
2026-08-24 16:17:23;valve;;False;"0;0"
2026-08-24 16:17:23;amb_temp;"17;6";;"17;6"
2026-08-24 16:17:23;ac_curr;"0;0";;"0;0"
2026-08-24 16:17:23;tank_temp;"46;0";;"46;0"
2026-08-24 16:17:23;disc_temp;"27;7";;"27;7"
2026-08-24 16:17:51;in_water_temp;"28;6";;"28;6"
2026-08-24 16:17:54;out_water_temp;"29;7";;"29;7"
2026-08-24 16:18:03;tidr;"23;5";;"23;5"
2026-08-24 16:22:06;tank_temp;"45;6";;"45;6"
2026-08-24 16:22:25;fault_flag;;False;"0;0"
2026-08-24 16:22:25;back_temp;"25;7";;"25;7"
2026-08-24 16:22:25;protect_flag;;False;"0;0"
2026-08-24 16:22:25;comp_freq;"0;0";;"0;0"
2026-08-24 16:22:25;m_eev;"480;0";;"480;0"
2026-08-24 16:22:25;a_eev;"10;0";;"10;0"
2026-08-24 16:22:25;ac_fan;;close;
2026-08-24 16:22:25;freeze;;False;"0;0"
2026-08-24 16:22:25;dc_fan1;"0;0";;"0;0"
2026-08-24 16:22:25;defrost;;False;"0;0"
2026-08-24 16:22:25;dc_fan2;"0;0";;"0;0"
2026-08-24 16:22:25;pump_sta;;False;"0;0"
2026-08-24 16:22:25;flow_rate;"0;0";;"0;0"
2026-08-24 16:22:25;valve;;False;"0;0"
2026-08-24 16:22:25;amb_temp;"17;5";;"17;5"
2026-08-24 16:22:25;ac_curr;"0;0";;"0;0"
2026-08-24 16:22:25;disc_temp;"27;5";;"27;5"
2026-08-24 16:22:53;in_water_temp;"28;5";;"28;5"
2026-08-24 16:22:56;out_water_temp;"29;5";;"29;5"
2026-08-24 16:22:58;tank_temp;"45;3";;"45;3"
2026-08-24 16:23:05;tidr;"23;5";;"23;5"
2026-08-24 16:26:47;tank_temp;"44;9";;"44;9"
2026-08-24 16:27:18;in_water_temp;"28;2";;"28;2"
2026-08-24 16:27:27;fault_flag;;False;"0;0"
2026-08-24 16:27:27;back_temp;"25;5";;"25;5"
2026-08-24 16:27:27;protect_flag;;False;"0;0"
2026-08-24 16:27:27;comp_freq;"0;0";;"0;0"
2026-08-24 16:27:27;m_eev;"480;0";;"480;0"
2026-08-24 16:27:27;a_eev;"10;0";;"10;0"
2026-08-24 16:27:27;ac_fan;;close;
2026-08-24 16:27:27;freeze;;False;"0;0"
2026-08-24 16:27:27;dc_fan1;"0;0";;"0;0"
2026-08-24 16:27:27;defrost;;False;"0;0"
2026-08-24 16:27:27;dc_fan2;"0;0";;"0;0"
2026-08-24 16:27:27;pump_sta;;False;"0;0"
2026-08-24 16:27:27;flow_rate;"0;0";;"0;0"
2026-08-24 16:27:27;valve;;False;"0;0"
2026-08-24 16:27:27;amb_temp;"17;6";;"17;6"
2026-08-24 16:27:27;ac_curr;"0;0";;"0;0"
2026-08-24 16:27:27;disc_temp;"27;2";;"27;2"
2026-08-24 16:27:56;out_water_temp;"29;3";;"29;3"
2026-08-24 16:28:08;tidr;"23;5";;"23;5"
2026-08-24 16:31:47;tank_temp;"44;9";;"44;9"
2026-08-24 16:32:02;in_water_temp;"27;9";;"27;9"
2026-08-24 16:32:02;out_water_temp;"29;0";;"29;0"
2026-08-24 16:32:28;fault_flag;;False;"0;0"
2026-08-24 16:32:28;back_temp;"25;3";;"25;3"
2026-08-24 16:32:28;protect_flag;;False;"0;0"
2026-08-24 16:32:28;comp_freq;"0;0";;"0;0"
2026-08-24 16:32:28;m_eev;"480;0";;"480;0"
2026-08-24 16:32:28;a_eev;"10;0";;"10;0"
2026-08-24 16:32:28;ac_fan;;close;
2026-08-24 16:32:28;freeze;;False;"0;0"
2026-08-24 16:32:28;dc_fan1;"0;0";;"0;0"
2026-08-24 16:32:28;defrost;;False;"0;0"
2026-08-24 16:32:28;dc_fan2;"0;0";;"0;0"
2026-08-24 16:32:28;pump_sta;;False;"0;0"
2026-08-24 16:32:28;flow_rate;"0;0";;"0;0"
2026-08-24 16:32:28;valve;;False;"0;0"
2026-08-24 16:32:28;amb_temp;"17;6";;"17;6"
2026-08-24 16:32:28;ac_curr;"0;0";;"0;0"
2026-08-24 16:32:28;disc_temp;"27;0";;"27;0"
2026-08-24 16:33:09;tidr;"23;5";;"23;5"
2026-08-24 16:36:07;tidr;"23;4";;"23;4"
2026-08-24 16:36:50;tank_temp;"44;9";;"44;9"
2026-08-24 16:37:07;in_water_temp;"27;8";;"27;8"
2026-08-24 16:37:07;out_water_temp;"28;8";;"28;8"
2026-08-24 16:37:28;tidr;"23;5";;"23;5"
2026-08-24 16:37:30;fault_flag;;False;"0;0"
2026-08-24 16:37:30;back_temp;"25;2";;"25;2"
2026-08-24 16:37:30;protect_flag;;False;"0;0"
2026-08-24 16:37:30;comp_freq;"0;0";;"0;0"
2026-08-24 16:37:30;m_eev;"480;0";;"480;0"
2026-08-24 16:37:30;a_eev;"10;0";;"10;0"
2026-08-24 16:37:30;ac_fan;;close;
2026-08-24 16:37:30;freeze;;False;"0;0"
2026-08-24 16:37:30;dc_fan1;"0;0";;"0;0"
2026-08-24 16:37:30;defrost;;False;"0;0"
2026-08-24 16:37:30;dc_fan2;"0;0";;"0;0"
2026-08-24 16:37:30;pump_sta;;False;"0;0"
2026-08-24 16:37:30;flow_rate;"0;0";;"0;0"
2026-08-24 16:37:30;valve;;False;"0;0"
2026-08-24 16:37:30;amb_temp;"17;5";;"17;5"
2026-08-24 16:37:30;ac_curr;"0;0";;"0;0"
2026-08-24 16:37:30;disc_temp;"26;7";;"26;7"
2026-08-24 16:37:49;tidr;"23;4";;"23;4"
2026-08-24 16:38:50;tank_temp;"44;5";;"44;5"
2026-08-24 16:39:12;tidr;"23;5";;"23;5"
2026-08-24 16:40:58;out_water_temp;"28;5";;"28;5"
2026-08-24 16:40:58;tank_temp;"44;0";;"44;0"
2026-08-24 16:41:23;in_water_temp;"27;5";;"27;5"
2026-08-24 16:42:33;fault_flag;;False;"0;0"
2026-08-24 16:42:33;back_temp;"25;0";;"25;0"
2026-08-24 16:42:33;protect_flag;;False;"0;0"
2026-08-24 16:42:33;comp_freq;"0;0";;"0;0"
2026-08-24 16:42:33;m_eev;"480;0";;"480;0"
2026-08-24 16:42:33;a_eev;"10;0";;"10;0"
2026-08-24 16:42:33;ac_fan;;close;
2026-08-24 16:42:33;freeze;;False;"0;0"
2026-08-24 16:42:33;dc_fan1;"0;0";;"0;0"
2026-08-24 16:42:33;defrost;;False;"0;0"
2026-08-24 16:42:33;dc_fan2;"0;0";;"0;0"
2026-08-24 16:42:33;pump_sta;;False;"0;0"
2026-08-24 16:42:33;flow_rate;"0;0";;"0;0"
2026-08-24 16:42:33;valve;;False;"0;0"
2026-08-24 16:42:33;amb_temp;"17;4";;"17;4"
2026-08-24 16:42:33;ac_curr;"0;0";;"0;0"
2026-08-24 16:42:33;disc_temp;"26;5";;"26;5"
2026-08-24 16:44:13;tidr;"23;5";;"23;5"
2026-08-24 16:46:03;out_water_temp;"28;4";;"28;4"
2026-08-24 16:46:03;tank_temp;"44;0";;"44;0"
2026-08-24 16:46:27;in_water_temp;"27;3";;"27;3"
2026-08-24 16:46:29;tidr;"23;4";;"23;4"
2026-08-24 16:47:36;fault_flag;;False;"0;0"
2026-08-24 16:47:36;back_temp;"24;8";;"24;8"
2026-08-24 16:47:36;protect_flag;;False;"0;0"
2026-08-24 16:47:36;comp_freq;"0;0";;"0;0"
2026-08-24 16:47:36;m_eev;"480;0";;"480;0"
2026-08-24 16:47:36;a_eev;"10;0";;"10;0"
2026-08-24 16:47:36;ac_fan;;close;
2026-08-24 16:47:36;freeze;;False;"0;0"
2026-08-24 16:47:36;dc_fan1;"0;0";;"0;0"
2026-08-24 16:47:36;defrost;;False;"0;0"
2026-08-24 16:47:36;dc_fan2;"0;0";;"0;0"
2026-08-24 16:47:36;pump_sta;;False;"0;0"
2026-08-24 16:47:36;flow_rate;"0;0";;"0;0"
2026-08-24 16:47:36;valve;;False;"0;0"
2026-08-24 16:47:36;amb_temp;"17;4";;"17;4"
2026-08-24 16:47:36;ac_curr;"0;0";;"0;0"
2026-08-24 16:47:36;disc_temp;"26;4";;"26;4"
2026-08-24 16:50:02;out_water_temp;"28;1";;"28;1"
2026-08-24 16:51:07;tank_temp;"43;9";;"43;9"
2026-08-24 16:51:28;in_water_temp;"27;1";;"27;1"
2026-08-24 16:51:30;tidr;"23;4";;"23;4"
2026-08-24 16:52:36;fault_flag;;False;"0;0"
2026-08-24 16:52:36;back_temp;"24;7";;"24;7"
2026-08-24 16:52:36;protect_flag;;False;"0;0"
2026-08-24 16:52:36;comp_freq;"0;0";;"0;0"
2026-08-24 16:52:36;m_eev;"480;0";;"480;0"
2026-08-24 16:52:36;a_eev;"10;0";;"10;0"
2026-08-24 16:52:36;ac_fan;;close;
2026-08-24 16:52:36;freeze;;False;"0;0"
2026-08-24 16:52:36;dc_fan1;"0;0";;"0;0"
2026-08-24 16:52:36;defrost;;False;"0;0"
2026-08-24 16:52:36;dc_fan2;"0;0";;"0;0"
2026-08-24 16:52:36;pump_sta;;False;"0;0"
2026-08-24 16:52:36;flow_rate;"0;0";;"0;0"
2026-08-24 16:52:36;valve;;False;"0;0"
2026-08-24 16:52:36;amb_temp;"17;3";;"17;3"
2026-08-24 16:52:36;ac_curr;"0;0";;"0;0"
2026-08-24 16:52:36;disc_temp;"26;0";;"26;0"
2026-08-24 16:53:43;out_water_temp;"27;9";;"27;9"
2026-08-24 16:54:23;in_water_temp;"26;9";;"26;9"
2026-08-24 16:56:09;tank_temp;"43;8";;"43;8"
2026-08-24 16:56:33;tidr;"23;4";;"23;4"
2026-08-24 16:57:38;fault_flag;;False;"0;0"
2026-08-24 16:57:38;back_temp;"24;4";;"24;4"
2026-08-24 16:57:38;protect_flag;;False;"0;0"
2026-08-24 16:57:38;comp_freq;"0;0";;"0;0"
2026-08-24 16:57:38;m_eev;"480;0";;"480;0"
2026-08-24 16:57:38;a_eev;"10;0";;"10;0"
2026-08-24 16:57:38;ac_fan;;close;
2026-08-24 16:57:38;freeze;;False;"0;0"
2026-08-24 16:57:38;dc_fan1;"0;0";;"0;0"
2026-08-24 16:57:38;defrost;;False;"0;0"
2026-08-24 16:57:38;dc_fan2;"0;0";;"0;0"
2026-08-24 16:57:38;pump_sta;;False;"0;0"
2026-08-24 16:57:38;flow_rate;"0;0";;"0;0"
2026-08-24 16:57:38;valve;;False;"0;0"
2026-08-24 16:57:38;amb_temp;"17;2";;"17;2"
2026-08-24 16:57:38;ac_curr;"0;0";;"0;0"
2026-08-24 16:57:38;disc_temp;"25;9";;"25;9"
2026-08-24 16:57:47;tank_temp;"43;4";;"43;4"
2026-08-24 16:58:44;out_water_temp;"27;8";;"27;8"
2026-08-24 16:59:26;in_water_temp;"26;7";;"26;7"
2026-08-24 17:01:39;tidr;"23;4";;"23;4"
2026-08-24 17:02:39;fault_flag;;False;"0;0"
2026-08-24 17:02:39;back_temp;"24;3";;"24;3"
2026-08-24 17:02:39;protect_flag;;False;"0;0"
2026-08-24 17:02:39;comp_freq;"0;0";;"0;0"
2026-08-24 17:02:39;m_eev;"480;0";;"480;0"
2026-08-24 17:02:39;a_eev;"10;0";;"10;0"
2026-08-24 17:02:39;ac_fan;;close;
2026-08-24 17:02:39;freeze;;False;"0;0"
2026-08-24 17:02:39;dc_fan1;"0;0";;"0;0"
2026-08-24 17:02:39;defrost;;False;"0;0"
2026-08-24 17:02:39;dc_fan2;"0;0";;"0;0"
2026-08-24 17:02:39;pump_sta;;False;"0;0"
2026-08-24 17:02:39;flow_rate;"0;0";;"0;0"
2026-08-24 17:02:39;valve;;False;"0;0"
2026-08-24 17:02:39;amb_temp;"17;1";;"17;1"
2026-08-24 17:02:39;ac_curr;"0;0";;"0;0"
2026-08-24 17:02:39;disc_temp;"25;7";;"25;7"
2026-08-24 17:02:47;tank_temp;"43;4";;"43;4"
2026-08-24 17:03:46;out_water_temp;"27;6";;"27;6"
2026-08-24 17:04:29;in_water_temp;"26;5";;"26;5"
2026-08-24 17:04:55;out_water_temp;"27;4";;"27;4"
2026-08-24 17:06:42;tidr;"23;4";;"23;4"
2026-08-24 17:07:41;fault_flag;;False;"0;0"
2026-08-24 17:07:41;back_temp;"24;0";;"24;0"
2026-08-24 17:07:41;protect_flag;;False;"0;0"
2026-08-24 17:07:41;comp_freq;"0;0";;"0;0"
2026-08-24 17:07:41;m_eev;"480;0";;"480;0"
2026-08-24 17:07:41;a_eev;"10;0";;"10;0"
2026-08-24 17:07:41;ac_fan;;close;
2026-08-24 17:07:41;freeze;;False;"0;0"
2026-08-24 17:07:41;dc_fan1;"0;0";;"0;0"
2026-08-24 17:07:41;defrost;;False;"0;0"
2026-08-24 17:07:41;dc_fan2;"0;0";;"0;0"
2026-08-24 17:07:41;pump_sta;;False;"0;0"
2026-08-24 17:07:41;flow_rate;"0;0";;"0;0"
2026-08-24 17:07:41;valve;;False;"0;0"
2026-08-24 17:07:41;amb_temp;"17;1";;"17;1"
2026-08-24 17:07:41;ac_curr;"0;0";;"0;0"
2026-08-24 17:07:41;disc_temp;"25;5";;"25;5"
2026-08-24 17:07:50;tank_temp;"43;4";;"43;4"
2026-08-24 17:09:29;in_water_temp;"26;3";;"26;3"
2026-08-24 17:09:57;out_water_temp;"27;3";;"27;3"
2026-08-24 17:11:43;tidr;"23;4";;"23;4"
2026-08-24 17:12:47;fault_flag;;False;"0;0"
2026-08-24 17:12:47;back_temp;"23;8";;"23;8"
2026-08-24 17:12:47;protect_flag;;False;"0;0"
2026-08-24 17:12:47;comp_freq;"0;0";;"0;0"
2026-08-24 17:12:47;m_eev;"480;0";;"480;0"
2026-08-24 17:12:47;a_eev;"10;0";;"10;0"
2026-08-24 17:12:47;ac_fan;;close;
2026-08-24 17:12:47;freeze;;False;"0;0"
2026-08-24 17:12:47;dc_fan1;"0;0";;"0;0"
2026-08-24 17:12:47;defrost;;False;"0;0"
2026-08-24 17:12:47;dc_fan2;"0;0";;"0;0"
2026-08-24 17:12:47;pump_sta;;False;"0;0"
2026-08-24 17:12:47;flow_rate;"0;0";;"0;0"
2026-08-24 17:12:47;valve;;False;"0;0"
2026-08-24 17:12:47;amb_temp;"17;0";;"17;0"
2026-08-24 17:12:47;ac_curr;"0;0";;"0;0"
2026-08-24 17:12:47;disc_temp;"25;4";;"25;4"
2026-08-24 17:12:51;tank_temp;"43;4";;"43;4"
2026-08-24 17:14:22;in_water_temp;"26;0";;"26;0"
2026-08-24 17:14:31;out_water_temp;"27;0";;"27;0"
2026-08-24 17:16:45;tidr;"23;4";;"23;4"
2026-08-24 17:17:47;fault_flag;;False;"0;0"
2026-08-24 17:17:47;back_temp;"23;6";;"23;6"
2026-08-24 17:17:47;protect_flag;;False;"0;0"
2026-08-24 17:17:47;comp_freq;"0;0";;"0;0"
2026-08-24 17:17:47;m_eev;"480;0";;"480;0"
2026-08-24 17:17:47;a_eev;"10;0";;"10;0"
2026-08-24 17:17:47;ac_fan;;close;
2026-08-24 17:17:47;freeze;;False;"0;0"
2026-08-24 17:17:47;dc_fan1;"0;0";;"0;0"
2026-08-24 17:17:47;defrost;;False;"0;0"
2026-08-24 17:17:47;dc_fan2;"0;0";;"0;0"
2026-08-24 17:17:47;pump_sta;;False;"0;0"
2026-08-24 17:17:47;flow_rate;"0;0";;"0;0"
2026-08-24 17:17:47;valve;;False;"0;0"
2026-08-24 17:17:47;amb_temp;"16;9";;"16;9"
2026-08-24 17:17:47;ac_curr;"0;0";;"0;0"
2026-08-24 17:17:47;disc_temp;"25;0";;"25;0"
2026-08-24 17:17:53;tank_temp;"43;2";;"43;2"
2026-08-24 17:19:22;in_water_temp;"25;8";;"25;8"
2026-08-24 17:19:32;out_water_temp;"26;8";;"26;8"
2026-08-24 17:21:47;tidr;"23;4";;"23;4"
2026-08-24 17:22:48;fault_flag;;False;"0;0"
2026-08-24 17:22:48;back_temp;"23;5";;"23;5"
2026-08-24 17:22:48;protect_flag;;False;"0;0"
2026-08-24 17:22:48;comp_freq;"0;0";;"0;0"
2026-08-24 17:22:48;m_eev;"480;0";;"480;0"
2026-08-24 17:22:48;a_eev;"10;0";;"10;0"
2026-08-24 17:22:48;ac_fan;;close;
2026-08-24 17:22:48;freeze;;False;"0;0"
2026-08-24 17:22:48;dc_fan1;"0;0";;"0;0"
2026-08-24 17:22:48;defrost;;False;"0;0"
2026-08-24 17:22:48;dc_fan2;"0;0";;"0;0"
2026-08-24 17:22:48;pump_sta;;False;"0;0"
2026-08-24 17:22:48;flow_rate;"0;0";;"0;0"
2026-08-24 17:22:48;valve;;False;"0;0"
2026-08-24 17:22:48;amb_temp;"16;7";;"16;7"
2026-08-24 17:22:48;ac_curr;"0;0";;"0;0"
2026-08-24 17:22:48;disc_temp;"24;8";;"24;8"
2026-08-24 17:22:55;tank_temp;"43;1";;"43;1"
2026-08-24 17:24:25;in_water_temp;"25;7";;"25;7"
2026-08-24 17:24:34;out_water_temp;"26;6";;"26;6"
2026-08-24 17:26:50;tidr;"23;4";;"23;4"
2026-08-24 17:27:49;fault_flag;;False;"0;0"
2026-08-24 17:27:49;back_temp;"23;3";;"23;3"
2026-08-24 17:27:49;protect_flag;;False;"0;0"
2026-08-24 17:27:49;comp_freq;"0;0";;"0;0"
2026-08-24 17:27:49;m_eev;"480;0";;"480;0"
2026-08-24 17:27:49;a_eev;"10;0";;"10;0"
2026-08-24 17:27:49;ac_fan;;close;
2026-08-24 17:27:49;freeze;;False;"0;0"
2026-08-24 17:27:49;dc_fan1;"0;0";;"0;0"
2026-08-24 17:27:49;defrost;;False;"0;0"
2026-08-24 17:27:49;dc_fan2;"0;0";;"0;0"
2026-08-24 17:27:49;pump_sta;;False;"0;0"
2026-08-24 17:27:49;flow_rate;"0;0";;"0;0"
2026-08-24 17:27:49;valve;;False;"0;0"
2026-08-24 17:27:49;amb_temp;"16;5";;"16;5"
2026-08-24 17:27:49;ac_curr;"0;0";;"0;0"
2026-08-24 17:27:49;disc_temp;"24;7";;"24;7"
2026-08-24 17:27:56;tank_temp;"43;1";;"43;1"
2026-08-24 17:28:07;out_water_temp;"26;4";;"26;4"
2026-08-24 17:29:27;in_water_temp;"25;4";;"25;4"
2026-08-24 17:31:31;tank_temp;"42;8";;"42;8"
2026-08-24 17:31:53;tidr;"23;4";;"23;4"
2026-08-24 17:32:55;fault_flag;;False;"0;0"
2026-08-24 17:32:55;back_temp;"23;1";;"23;1"
2026-08-24 17:32:55;protect_flag;;False;"0;0"
2026-08-24 17:32:55;comp_freq;"0;0";;"0;0"
2026-08-24 17:32:55;m_eev;"480;0";;"480;0"
2026-08-24 17:32:55;a_eev;"10;0";;"10;0"
2026-08-24 17:32:55;ac_fan;;close;
2026-08-24 17:32:55;freeze;;False;"0;0"
2026-08-24 17:32:55;dc_fan1;"0;0";;"0;0"
2026-08-24 17:32:55;defrost;;False;"0;0"
2026-08-24 17:32:55;dc_fan2;"0;0";;"0;0"
2026-08-24 17:32:55;pump_sta;;False;"0;0"
2026-08-24 17:32:55;flow_rate;"0;0";;"0;0"
2026-08-24 17:32:55;valve;;False;"0;0"
2026-08-24 17:32:55;amb_temp;"16;5";;"16;5"
2026-08-24 17:32:55;ac_curr;"0;0";;"0;0"
2026-08-24 17:32:55;disc_temp;"24;5";;"24;5"
2026-08-24 17:33:07;out_water_temp;"26;2";;"26;2"
2026-08-24 17:34:28;in_water_temp;"25;3";;"25;3"
2026-08-24 17:36:31;tank_temp;"42;7";;"42;7"
2026-08-24 17:36:56;tidr;"23;4";;"23;4"
2026-08-24 17:37:55;fault_flag;;False;"0;0"
2026-08-24 17:37:55;back_temp;"22;9";;"22;9"
2026-08-24 17:37:55;protect_flag;;False;"0;0"
2026-08-24 17:37:55;comp_freq;"0;0";;"0;0"
2026-08-24 17:37:55;m_eev;"480;0";;"480;0"
2026-08-24 17:37:55;a_eev;"10;0";;"10;0"
2026-08-24 17:37:55;ac_fan;;close;
2026-08-24 17:37:55;freeze;;False;"0;0"
2026-08-24 17:37:55;dc_fan1;"0;0";;"0;0"
2026-08-24 17:37:55;defrost;;False;"0;0"
2026-08-24 17:37:55;dc_fan2;"0;0";;"0;0"
2026-08-24 17:37:55;pump_sta;;False;"0;0"
2026-08-24 17:37:55;flow_rate;"0;0";;"0;0"
2026-08-24 17:37:55;valve;;False;"0;0"
2026-08-24 17:37:55;amb_temp;"16;4";;"16;4"
2026-08-24 17:37:55;ac_curr;"0;0";;"0;0"
2026-08-24 17:37:55;disc_temp;"24;1";;"24;1"
2026-08-24 17:38:11;out_water_temp;"26;0";;"26;0"
2026-08-24 17:38:59;in_water_temp;"25;0";;"25;0"
2026-08-24 17:39:58;tidr;"23;3";;"23;3"
2026-08-24 17:41:32;tank_temp;"42;8";;"42;8"
2026-08-24 17:42:11;tidr;"23;4";;"23;4"
2026-08-24 17:42:55;fault_flag;;False;"0;0"
2026-08-24 17:42:55;back_temp;"22;8";;"22;8"
2026-08-24 17:42:55;protect_flag;;False;"0;0"
2026-08-24 17:42:55;comp_freq;"0;0";;"0;0"
2026-08-24 17:42:55;m_eev;"480;0";;"480;0"
2026-08-24 17:42:55;a_eev;"10;0";;"10;0"
2026-08-24 17:42:55;ac_fan;;close;
2026-08-24 17:42:55;freeze;;False;"0;0"
2026-08-24 17:42:55;dc_fan1;"0;0";;"0;0"
2026-08-24 17:42:55;defrost;;False;"0;0"
2026-08-24 17:42:55;dc_fan2;"0;0";;"0;0"
2026-08-24 17:42:55;pump_sta;;False;"0;0"
2026-08-24 17:42:55;flow_rate;"0;0";;"0;0"
2026-08-24 17:42:55;valve;;False;"0;0"
2026-08-24 17:42:55;amb_temp;"16;1";;"16;1"
2026-08-24 17:42:55;ac_curr;"0;0";;"0;0"
2026-08-24 17:42:55;disc_temp;"24;0";;"24;0"
2026-08-24 17:43:13;out_water_temp;"25;8";;"25;8"
2026-08-24 17:44:02;in_water_temp;"24;8";;"24;8"
2026-08-24 17:46:35;tank_temp;"42;7";;"42;7"
2026-08-24 17:47:17;tidr;"23;4";;"23;4"
2026-08-24 17:47:57;fault_flag;;False;"0;0"
2026-08-24 17:47:57;back_temp;"22;5";;"22;5"
2026-08-24 17:47:57;protect_flag;;False;"0;0"
2026-08-24 17:47:57;comp_freq;"0;0";;"0;0"
2026-08-24 17:47:57;m_eev;"480;0";;"480;0"
2026-08-24 17:47:57;a_eev;"10;0";;"10;0"
2026-08-24 17:47:57;ac_fan;;close;
2026-08-24 17:47:57;freeze;;False;"0;0"
2026-08-24 17:47:57;dc_fan1;"0;0";;"0;0"
2026-08-24 17:47:57;defrost;;False;"0;0"
2026-08-24 17:47:57;dc_fan2;"0;0";;"0;0"
2026-08-24 17:47:57;pump_sta;;False;"0;0"
2026-08-24 17:47:57;flow_rate;"0;0";;"0;0"
2026-08-24 17:47:57;valve;;False;"0;0"
2026-08-24 17:47:57;amb_temp;"15;9";;"15;9"
2026-08-24 17:47:57;ac_curr;"0;0";;"0;0"
2026-08-24 17:47:57;disc_temp;"23;8";;"23;8"
2026-08-24 17:48:16;out_water_temp;"25;6";;"25;6"
2026-08-24 17:49:08;in_water_temp;"24;7";;"24;7"
2026-08-24 17:49:19;tank_temp;"42;4";;"42;4"
2026-08-24 17:51:19;out_water_temp;"25;4";;"25;4"
2026-08-24 17:52:23;tidr;"23;4";;"23;4"
2026-08-24 17:52:59;fault_flag;;False;"0;0"
2026-08-24 17:52:59;back_temp;"22;3";;"22;3"
2026-08-24 17:52:59;protect_flag;;False;"0;0"
2026-08-24 17:52:59;comp_freq;"0;0";;"0;0"
2026-08-24 17:52:59;m_eev;"480;0";;"480;0"
2026-08-24 17:52:59;a_eev;"10;0";;"10;0"
2026-08-24 17:52:59;ac_fan;;close;
2026-08-24 17:52:59;freeze;;False;"0;0"
2026-08-24 17:52:59;dc_fan1;"0;0";;"0;0"
2026-08-24 17:52:59;defrost;;False;"0;0"
2026-08-24 17:52:59;dc_fan2;"0;0";;"0;0"
2026-08-24 17:52:59;pump_sta;;False;"0;0"
2026-08-24 17:52:59;flow_rate;"0;0";;"0;0"
2026-08-24 17:52:59;valve;;False;"0;0"
2026-08-24 17:52:59;amb_temp;"15;8";;"15;8"
2026-08-24 17:52:59;ac_curr;"0;0";;"0;0"
2026-08-24 17:52:59;disc_temp;"23;6";;"23;6"
2026-08-24 17:53:58;in_water_temp;"24;4";;"24;4"
2026-08-24 17:54:28;tank_temp;"42;4";;"42;4"
2026-08-24 17:56:22;out_water_temp;"25;3";;"25;3"
2026-08-24 17:57:29;tidr;"23;4";;"23;4"
2026-08-24 17:58:00;fault_flag;;False;"0;0"
2026-08-24 17:58:00;back_temp;"22;2";;"22;2"
2026-08-24 17:58:00;protect_flag;;False;"0;0"
2026-08-24 17:58:00;comp_freq;"0;0";;"0;0"
2026-08-24 17:58:00;m_eev;"480;0";;"480;0"
2026-08-24 17:58:00;a_eev;"10;0";;"10;0"
2026-08-24 17:58:00;ac_fan;;close;
2026-08-24 17:58:00;freeze;;False;"0;0"
2026-08-24 17:58:00;dc_fan1;"0;0";;"0;0"
2026-08-24 17:58:00;defrost;;False;"0;0"
2026-08-24 17:58:00;dc_fan2;"0;0";;"0;0"
2026-08-24 17:58:00;pump_sta;;False;"0;0"
2026-08-24 17:58:00;flow_rate;"0;0";;"0;0"
2026-08-24 17:58:00;valve;;False;"0;0"
2026-08-24 17:58:00;amb_temp;"15;8";;"15;8"
2026-08-24 17:58:00;ac_curr;"0;0";;"0;0"
2026-08-24 17:58:00;disc_temp;"23;4";;"23;4"
2026-08-24 17:58:58;in_water_temp;"24;3";;"24;3"
2026-08-24 17:59:30;tank_temp;"42;3";;"42;3"
2026-08-24 17:59:43;tank_temp;"42;6";;"42;6"
2026-08-24 18:00:31;out_water_temp;"25;0";;"25;0"
2026-08-24 18:01:51;tank_temp;"42;3";;"42;3"
2026-08-24 18:01:59;tank_temp;"42;6";;"42;6"
2026-08-24 18:02:39;tidr;"23;4";;"23;4"
2026-08-24 18:03:00;fault_flag;;False;"0;0"
2026-08-24 18:03:00;back_temp;"22;0";;"22;0"
2026-08-24 18:03:00;protect_flag;;False;"0;0"
2026-08-24 18:03:00;comp_freq;"0;0";;"0;0"
2026-08-24 18:03:00;m_eev;"480;0";;"480;0"
2026-08-24 18:03:00;a_eev;"10;0";;"10;0"
2026-08-24 18:03:00;ac_fan;;close;
2026-08-24 18:03:00;freeze;;False;"0;0"
2026-08-24 18:03:00;dc_fan1;"0;0";;"0;0"
2026-08-24 18:03:00;defrost;;False;"0;0"
2026-08-24 18:03:00;dc_fan2;"0;0";;"0;0"
2026-08-24 18:03:00;pump_sta;;False;"0;0"
2026-08-24 18:03:00;flow_rate;"0;0";;"0;0"
2026-08-24 18:03:00;valve;;False;"0;0"
2026-08-24 18:03:00;amb_temp;"15;6";;"15;6"
2026-08-24 18:03:00;ac_curr;"0;0";;"0;0"
2026-08-24 18:03:00;disc_temp;"23;3";;"23;3"
2026-08-24 18:04:01;in_water_temp;"24;1";;"24;1"
2026-08-24 18:05:10;tank_temp;"42;3";;"42;3"
2026-08-24 18:05:45;out_water_temp;"24;8";;"24;8"
2026-08-24 18:05:45;tank_temp;"42;6";;"42;6"
2026-08-24 18:06:28;in_water_temp;"23;9";;"23;9"
2026-08-24 18:07:25;tidr;"23;3";;"23;3"
2026-08-24 18:07:51;tank_temp;"42;3";;"42;3"
2026-08-24 18:08:14;fault_flag;;False;"0;0"
2026-08-24 18:08:14;back_temp;"21;8";;"21;8"
2026-08-24 18:08:14;protect_flag;;False;"0;0"
2026-08-24 18:08:14;comp_freq;"0;0";;"0;0"
2026-08-24 18:08:14;m_eev;"480;0";;"480;0"
2026-08-24 18:08:14;a_eev;"10;0";;"10;0"
2026-08-24 18:08:14;ac_fan;;close;
2026-08-24 18:08:14;freeze;;False;"0;0"
2026-08-24 18:08:14;dc_fan1;"0;0";;"0;0"
2026-08-24 18:08:14;defrost;;False;"0;0"
2026-08-24 18:08:14;dc_fan2;"0;0";;"0;0"
2026-08-24 18:08:14;pump_sta;;False;"0;0"
2026-08-24 18:08:14;flow_rate;"0;0";;"0;0"
2026-08-24 18:08:14;valve;;False;"0;0"
2026-08-24 18:08:14;amb_temp;"15;4";;"15;4"
2026-08-24 18:08:14;ac_curr;"0;0";;"0;0"
2026-08-24 18:08:14;disc_temp;"23;1";;"23;1"
2026-08-24 18:08:44;tank_temp;"42;6";;"42;6"
2026-08-24 18:09:59;tank_temp;"42;3";;"42;3"
2026-08-24 18:10:11;tank_temp;"42;6";;"42;6"
2026-08-24 18:10:47;out_water_temp;"24;6";;"24;6"
2026-08-24 18:10:47;tank_temp;"42;3";;"42;3"
2026-08-24 18:11:29;in_water_temp;"23;8";;"23;8"
2026-08-24 18:12:28;tidr;"23;3";;"23;3"
2026-08-24 18:13:17;fault_flag;;False;"0;0"
2026-08-24 18:13:17;back_temp;"21;6";;"21;6"
2026-08-24 18:13:17;protect_flag;;False;"0;0"
2026-08-24 18:13:17;comp_freq;"0;0";;"0;0"
2026-08-24 18:13:17;m_eev;"480;0";;"480;0"
2026-08-24 18:13:17;a_eev;"10;0";;"10;0"
2026-08-24 18:13:17;ac_fan;;close;
2026-08-24 18:13:17;freeze;;False;"0;0"
2026-08-24 18:13:17;dc_fan1;"0;0";;"0;0"
2026-08-24 18:13:17;defrost;;False;"0;0"
2026-08-24 18:13:17;dc_fan2;"0;0";;"0;0"
2026-08-24 18:13:17;pump_sta;;False;"0;0"
2026-08-24 18:13:17;flow_rate;"0;0";;"0;0"
2026-08-24 18:13:17;valve;;False;"0;0"
2026-08-24 18:13:17;amb_temp;"15;3";;"15;3"
2026-08-24 18:13:17;ac_curr;"0;0";;"0;0"
2026-08-24 18:13:17;disc_temp;"22;9";;"22;9"
2026-08-24 18:13:51;tank_temp;"41;8";;"41;8"
2026-08-24 18:14:31;tank_temp;"41;4";;"41;4"
2026-08-24 18:14:59;tank_temp;"40;9";;"40;9"
2026-08-24 18:15:07;out_water_temp;"24;4";;"24;4"
2026-08-24 18:15:14;in_water_temp;"23;5";;"23;5"
2026-08-24 18:15:47;tank_temp;"40;4";;"40;4"
2026-08-24 18:16:32;tank_temp;"39;9";;"39;9"
2026-08-24 18:16:33;pump_sta;;True;"1;0"
2026-08-24 18:16:36;flow_rate;"2;0";;"2;0"
2026-08-24 18:16:38;flow_rate;"5;0";;"5;0"
2026-08-24 18:16:41;flow_rate;"6;0";;"6;0"
2026-08-24 18:16:45;flow_rate;"5;0";;"5;0"
2026-08-24 18:16:47;out_water_temp;"24;7";;"24;7"
2026-08-24 18:16:51;flow_rate;"6;0";;"6;0"
2026-08-24 18:17:02;in_water_temp;"24;3";;"24;3"
2026-08-24 18:17:03;tank_temp;"39;5";;"39;5"
2026-08-24 18:17:04;out_water_temp;"24;3";;"24;3"
2026-08-24 18:17:07;in_water_temp;"24;6";;"24;6"
2026-08-24 18:17:15;out_water_temp;"24;8";;"24;8"
2026-08-24 18:17:23;out_water_temp;"25;1";;"25;1"
2026-08-24 18:17:28;tidr;"23;3";;"23;3"
2026-08-24 18:17:40;in_water_temp;"24;4";;"24;4"
2026-08-24 18:17:40;out_water_temp;"24;9";;"24;9"
2026-08-24 18:17:43;tank_temp;"39;1";;"39;1"
2026-08-24 18:17:44;flow_rate;"5;0";;"5;0"
2026-08-24 18:17:47;in_water_temp;"24;7";;"24;7"
2026-08-24 18:17:52;out_water_temp;"24;6";;"24;6"
2026-08-24 18:17:53;flow_rate;"7;0";;"7;0"
2026-08-24 18:17:55;in_water_temp;"25;0";;"25;0"
2026-08-24 18:17:56;a_eev;"49;0";;"49;0"
2026-08-24 18:17:56;flow_rate;"15;0";;"15;0"
2026-08-24 18:17:58;tidr;"23;4";;"23;4"
2026-08-24 18:17:58;a_eev;"132;0";;"132;0"
2026-08-24 18:18:02;a_eev;"215;0";;"215;0"
2026-08-24 18:18:03;in_water_temp;"25;3";;"25;3"
2026-08-24 18:18:05;a_eev;"297;0";;"297;0"
2026-08-24 18:18:07;out_water_temp;"24;9";;"24;9"
2026-08-24 18:18:09;a_eev;"380;0";;"380;0"
2026-08-24 18:18:09;dc_fan1;"20;0";;"20;0"
2026-08-24 18:18:10;in_water_temp;"25;7";;"25;7"
2026-08-24 18:18:12;a_eev;"463;0";;"463;0"
2026-08-24 18:18:12;dc_fan1;"48;0";;"48;0"
2026-08-24 18:18:13;out_water_temp;"25;2";;"25;2"
2026-08-24 18:18:14;a_eev;"480;0";;"480;0"
2026-08-24 18:18:14;dc_fan1;"111;0";;"111;0"
2026-08-24 18:18:17;dc_fan1;"173;0";;"173;0"
2026-08-24 18:18:20;fault_flag;;False;"0;0"
2026-08-24 18:18:20;back_temp;"21;4";;"21;4"
2026-08-24 18:18:20;protect_flag;;False;"0;0"
2026-08-24 18:18:20;comp_freq;"0;0";;"0;0"
2026-08-24 18:18:20;m_eev;"480;0";;"480;0"
2026-08-24 18:18:20;ac_fan;;close;
2026-08-24 18:18:20;freeze;;False;"0;0"
2026-08-24 18:18:20;defrost;;False;"0;0"
2026-08-24 18:18:20;dc_fan2;"0;0";;"0;0"
2026-08-24 18:18:20;in_water_temp;"26;0";;"26;0"
2026-08-24 18:18:20;valve;;False;"0;0"
2026-08-24 18:18:20;out_water_temp;"25;7";;"25;7"
2026-08-24 18:18:20;amb_temp;"15;3";;"15;3"
2026-08-24 18:18:20;ac_curr;"0;0";;"0;0"
2026-08-24 18:18:20;disc_temp;"22;7";;"22;7"
2026-08-24 18:18:21;a_eev;"441;0";;"441;0"
2026-08-24 18:18:21;dc_fan1;"236;0";;"236;0"
2026-08-24 18:18:23;tank_temp;"38;8";;"38;8"
2026-08-24 18:18:25;a_eev;"358;0";;"358;0"
2026-08-24 18:18:25;dc_fan1;"280;0";;"280;0"
2026-08-24 18:18:26;a_eev;"192;0";;"192;0"
2026-08-24 18:18:26;dc_fan1;"324;0";;"324;0"
2026-08-24 18:18:27;in_water_temp;"26;4";;"26;4"
2026-08-24 18:18:27;out_water_temp;"26;2";;"26;2"
2026-08-24 18:18:29;a_eev;"109;0";;"109;0"
2026-08-24 18:18:29;dc_fan1;"362;0";;"362;0"
2026-08-24 18:18:29;ac_curr;"6;0";;"6;0"
2026-08-24 18:18:32;comp_freq;"9;0";;"9;0"
2026-08-24 18:18:32;a_eev;"27;0";;"27;0"
2026-08-24 18:18:32;dc_fan1;"394;0";;"394;0"
2026-08-24 18:18:32;ac_curr;"19;0";;"19;0"
2026-08-24 18:18:35;in_water_temp;"26;7";;"26;7"
2026-08-24 18:18:35;out_water_temp;"26;5";;"26;5"
2026-08-24 18:18:36;comp_freq;"30;0";;"30;0"
2026-08-24 18:18:36;a_eev;"10;0";;"10;0"
2026-08-24 18:18:36;dc_fan1;"398;0";;"398;0"
2026-08-24 18:18:36;ac_curr;"20;0";;"20;0"
2026-08-24 18:18:39;comp_freq;"32;0";;"32;0"
2026-08-24 18:18:39;ac_curr;"18;0";;"18;0"
2026-08-24 18:18:42;comp_freq;"38;0";;"38;0"
2026-08-24 18:18:42;dc_fan1;"421;0";;"421;0"
2026-08-24 18:18:42;ac_curr;"16;0";;"16;0"
2026-08-24 18:18:43;in_water_temp;"27;0";;"27;0"
2026-08-24 18:18:43;out_water_temp;"26;9";;"26;9"
2026-08-24 18:18:45;comp_freq;"40;0";;"40;0"
2026-08-24 18:18:45;dc_fan1;"447;0";;"447;0"
2026-08-24 18:18:45;valve;;True;"1;0"
2026-08-24 18:18:47;out_water_temp;"27;1";;"27;1"
2026-08-24 18:18:49;ac_curr;"19;0";;"19;0"
2026-08-24 18:18:49;disc_temp;"23;3";;"23;3"
2026-08-24 18:18:51;in_water_temp;"27;3";;"27;3"
2026-08-24 18:18:52;m_eev;"441;0";;"441;0"
2026-08-24 18:18:52;dc_fan1;"441;0";;"441;0"
2026-08-24 18:18:52;flow_rate;"16;0";;"16;0"
2026-08-24 18:18:52;ac_curr;"28;0";;"28;0"
2026-08-24 18:18:52;disc_temp;"24;1";;"24;1"
2026-08-24 18:18:55;m_eev;"358;0";;"358;0"
2026-08-24 18:18:55;dc_fan1;"433;0";;"433;0"
2026-08-24 18:18:55;ac_curr;"31;0";;"31;0"
2026-08-24 18:18:56;out_water_temp;"26;9";;"26;9"
2026-08-24 18:18:57;comp_freq;"42;0";;"42;0"
2026-08-24 18:18:57;m_eev;"291;0";;"291;0"
2026-08-24 18:18:57;dc_fan1;"428;0";;"428;0"
2026-08-24 18:18:57;ac_curr;"36;0";;"36;0"
2026-08-24 18:18:57;disc_temp;"24;8";;"24;8"
2026-08-24 18:19:00;tidr;"23;3";;"23;3"
2026-08-24 18:19:01;back_temp;"20;0";;"20;0"
2026-08-24 18:19:01;comp_freq;"44;0";;"44;0"
2026-08-24 18:19:01;m_eev;"250;0";;"250;0"
2026-08-24 18:19:01;ac_curr;"35;0";;"35;0"
2026-08-24 18:19:01;disc_temp;"26;2";;"26;2"
2026-08-24 18:19:03;in_water_temp;"26;9";;"26;9"
2026-08-24 18:19:03;out_water_temp;"26;6";;"26;6"
2026-08-24 18:19:03;tank_temp;"38;4";;"38;4"
2026-08-24 18:19:04;back_temp;"18;8";;"18;8"
2026-08-24 18:19:04;comp_freq;"47;0";;"47;0"
2026-08-24 18:19:04;ac_curr;"38;0";;"38;0"
2026-08-24 18:19:06;back_temp;"17;7";;"17;7"
2026-08-24 18:19:06;comp_freq;"50;0";;"50;0"
2026-08-24 18:19:06;dc_fan1;"425;0";;"425;0"
2026-08-24 18:19:06;flow_rate;"17;0";;"17;0"
2026-08-24 18:19:06;ac_curr;"43;0";;"43;0"
2026-08-24 18:19:06;disc_temp;"26;9";;"26;9"
2026-08-24 18:19:10;comp_freq;"52;0";;"52;0"
2026-08-24 18:19:10;ac_curr;"45;0";;"45;0"
2026-08-24 18:19:11;ac_vol;"234;0";;"234;0"
2026-08-24 18:19:11;out_water_temp;"26;9";;"26;9"
2026-08-24 18:19:13;back_temp;"15;4";;"15;4"
2026-08-24 18:19:13;comp_freq;"54;0";;"54;0"
2026-08-24 18:19:13;dc_fan1;"422;0";;"422;0"
2026-08-24 18:19:13;amb_temp;"14;8";;"14;8"
2026-08-24 18:19:13;ac_curr;"49;0";;"49;0"
2026-08-24 18:19:13;disc_temp;"27;5";;"27;5"
2026-08-24 18:19:16;back_temp;"14;5";;"14;5"
2026-08-24 18:19:16;comp_freq;"57;0";;"57;0"
2026-08-24 18:19:16;ac_curr;"54;0";;"54;0"
2026-08-24 18:19:16;disc_temp;"28;0";;"28;0"
2026-08-24 18:19:18;in_water_temp;"27;3";;"27;3"
2026-08-24 18:19:20;back_temp;"12;7";;"12;7"
2026-08-24 18:19:20;comp_freq;"60;0";;"60;0"
2026-08-24 18:19:20;dc_fan1;"417;0";;"417;0"
2026-08-24 18:19:20;ac_curr;"63;0";;"63;0"
2026-08-24 18:19:20;disc_temp;"29;0";;"29;0"
2026-08-24 18:19:21;out_water_temp;"27;4";;"27;4"
2026-08-24 18:19:22;ac_curr;"65;0";;"65;0"
2026-08-24 18:19:23;in_water_temp;"27;7";;"27;7"
2026-08-24 18:19:23;out_water_temp;"27;9";;"27;9"
2026-08-24 18:19:25;back_temp;"12;0";;"12;0"
2026-08-24 18:19:25;disc_temp;"29;6";;"29;6"
2026-08-24 18:19:28;in_water_temp;"28;3";;"28;3"
2026-08-24 18:19:28;out_water_temp;"28;5";;"28;5"
2026-08-24 18:19:29;back_temp;"11;3";;"11;3"
2026-08-24 18:19:29;ac_curr;"66;0";;"66;0"
2026-08-24 18:19:29;disc_temp;"30;2";;"30;2"
2026-08-24 18:19:31;in_water_temp;"28;8";;"28;8"
2026-08-24 18:19:31;out_water_temp;"29;3";;"29;3"
2026-08-24 18:19:32;back_temp;"10;2";;"10;2"
2026-08-24 18:19:32;ac_curr;"67;0";;"67;0"
2026-08-24 18:19:32;disc_temp;"31;4";;"31;4"
2026-08-24 18:19:34;ac_curr;"69;0";;"69;0"
2026-08-24 18:19:35;in_water_temp;"29;5";;"29;5"
2026-08-24 18:19:35;out_water_temp;"30;1";;"30;1"
2026-08-24 18:19:37;ac_curr;"70;0";;"70;0"
2026-08-24 18:19:37;disc_temp;"32;0";;"32;0"
2026-08-24 18:19:39;in_water_temp;"29;9";;"29;9"
2026-08-24 18:19:40;out_water_temp;"30;8";;"30;8"
2026-08-24 18:19:41;back_temp;"9;5";;"9;5"
2026-08-24 18:19:41;dc_fan1;"454;0";;"454;0"
2026-08-24 18:19:41;ac_curr;"69;0";;"69;0"
2026-08-24 18:19:41;disc_temp;"32;6";;"32;6"
2026-08-24 18:19:43;in_water_temp;"30;3";;"30;3"
2026-08-24 18:19:43;out_water_temp;"31;5";;"31;5"
2026-08-24 18:19:44;dc_fan1;"516;0";;"516;0"
2026-08-24 18:19:44;disc_temp;"33;6";;"33;6"
2026-08-24 18:19:47;back_temp;"8;9";;"8;9"
2026-08-24 18:19:47;dc_fan1;"594;0";;"594;0"
2026-08-24 18:19:48;in_water_temp;"30;6";;"30;6"
2026-08-24 18:19:48;out_water_temp;"32;2";;"32;2"
2026-08-24 18:19:50;dc_fan1;"664;0";;"664;0"
2026-08-24 18:19:50;ac_curr;"70;0";;"70;0"
2026-08-24 18:19:51;out_water_temp;"32;8";;"32;8"
2026-08-24 18:19:53;dc_fan1;"722;0";;"722;0"
2026-08-24 18:19:53;ac_curr;"71;0";;"71;0"
2026-08-24 18:19:53;disc_temp;"34;6";;"34;6"
2026-08-24 18:19:55;out_water_temp;"33;3";;"33;3"
2026-08-24 18:19:57;dc_fan1;"769;0";;"769;0"
2026-08-24 18:19:57;ac_curr;"72;0";;"72;0"
2026-08-24 18:19:59;in_water_temp;"31;0";;"31;0"
2026-08-24 18:19:59;out_water_temp;"33;6";;"33;6"
2026-08-24 18:20:00;dc_fan1;"801;0";;"801;0"
2026-08-24 18:20:00;ac_curr;"71;0";;"71;0"
2026-08-24 18:20:00;disc_temp;"35;1";;"35;1"
2026-08-24 18:20:02;dc_fan1;"826;0";;"826;0"
2026-08-24 18:20:03;out_water_temp;"33;9";;"33;9"
2026-08-24 18:20:05;dc_fan1;"836;0";;"836;0"
2026-08-24 18:20:08;out_water_temp;"34;1";;"34;1"
2026-08-24 18:20:08;tank_temp;"38;0";;"38;0"
2026-08-24 18:20:17;m_eev;"211;0";;"211;0"
2026-08-24 18:20:17;out_water_temp;"34;4";;"34;4"
2026-08-24 18:20:17;disc_temp;"35;7";;"35;7"
2026-08-24 18:20:18;m_eev;"200;0";;"200;0"
2026-08-24 18:20:18;amb_temp;"14;3";;"14;3"
2026-08-24 18:20:18;ac_curr;"70;0";;"70;0"
2026-08-24 18:20:28;tidr;"23;4";;"23;4"
2026-08-24 18:20:28;dc_fan1;"833;0";;"833;0"
2026-08-24 18:20:28;ac_curr;"71;0";;"71;0"
2026-08-24 18:20:33;disc_temp;"36;2";;"36;2"
2026-08-24 18:20:37;ac_curr;"73;0";;"73;0"
2026-08-24 18:20:39;tank_temp;"37;6";;"37;6"
2026-08-24 18:20:40;dc_fan1;"830;0";;"830;0"
2026-08-24 18:20:40;ac_curr;"71;0";;"71;0"
2026-08-24 18:20:43;out_water_temp;"34;1";;"34;1"
2026-08-24 18:20:45;ac_curr;"73;0";;"73;0"
2026-08-24 18:20:46;in_water_temp;"30;7";;"30;7"
2026-08-24 18:20:49;back_temp;"8;4";;"8;4"
2026-08-24 18:20:51;out_water_temp;"33;9";;"33;9"
2026-08-24 18:20:52;disc_temp;"36;8";;"36;8"
2026-08-24 18:21:01;ac_curr;"72;0";;"72;0"
2026-08-24 18:21:01;disc_temp;"37;3";;"37;3"
2026-08-24 18:21:05;ac_curr;"73;0";;"73;0"
2026-08-24 18:21:08;amb_temp;"13;8";;"13;8"
2026-08-24 18:21:08;ac_curr;"74;0";;"74;0"
2026-08-24 18:21:11;tank_temp;"37;3";;"37;3"
2026-08-24 18:21:20;ac_curr;"76;0";;"76;0"
2026-08-24 18:21:20;disc_temp;"38;0";;"38;0"
2026-08-24 18:21:22;comp_freq;"61;0";;"61;0"
2026-08-24 18:21:22;m_eev;"180;0";;"180;0"
2026-08-24 18:21:22;ac_curr;"75;0";;"75;0"
2026-08-24 18:21:26;ac_vol;"230;0";;"230;0"
2026-08-24 18:21:26;ac_curr;"76;0";;"76;0"
2026-08-24 18:21:27;in_water_temp;"31;0";;"31;0"
2026-08-24 18:21:29;ac_curr;"77;0";;"77;0"
2026-08-24 18:21:31;out_water_temp;"34;1";;"34;1"
2026-08-24 18:21:32;ac_curr;"78;0";;"78;0"
2026-08-24 18:21:35;pump_sta;;True;"1;0"
2026-08-24 18:21:35;ac_curr;"79;0";;"79;0"
2026-08-24 18:21:38;dc_fan1;"827;0";;"827;0"
2026-08-24 18:21:39;in_water_temp;"31;4";;"31;4"
2026-08-24 18:21:39;out_water_temp;"34;4";;"34;4"
2026-08-24 18:21:41;flow_rate;"16;0";;"16;0"
2026-08-24 18:21:41;ac_curr;"80;0";;"80;0"
2026-08-24 18:21:41;disc_temp;"38;8";;"38;8"
2026-08-24 18:21:45;ac_curr;"77;0";;"77;0"
2026-08-24 18:21:47;out_water_temp;"34;6";;"34;6"
2026-08-24 18:21:48;comp_freq;"62;0";;"62;0"
2026-08-24 18:21:48;ac_curr;"80;0";;"80;0"
2026-08-24 18:21:48;disc_temp;"39;4";;"39;4"
2026-08-24 18:21:50;ac_curr;"82;0";;"82;0"
2026-08-24 18:21:51;in_water_temp;"31;7";;"31;7"
2026-08-24 18:21:53;ac_curr;"83;0";;"83;0"
2026-08-24 18:21:57;out_water_temp;"34;9";;"34;9"
2026-08-24 18:21:57;ac_curr;"84;0";;"84;0"
2026-08-24 18:21:59;out_water_temp;"35;1";;"35;1"
2026-08-24 18:21:59;tank_temp;"36;9";;"36;9"
2026-08-24 18:22:00;disc_temp;"39;9";;"39;9"
2026-08-24 18:22:03;dc_fan1;"824;0";;"824;0"
2026-08-24 18:22:03;ac_curr;"83;0";;"83;0"
2026-08-24 18:22:04;in_water_temp;"32;0";;"32;0"
2026-08-24 18:22:06;flow_rate;"15;0";;"15;0"
2026-08-24 18:22:06;ac_curr;"84;0";;"84;0"
2026-08-24 18:22:07;in_water_temp;"32;2";;"32;2"
2026-08-24 18:22:07;tank_temp;"37;2";;"37;2"
2026-08-24 18:22:09;ac_curr;"81;0";;"81;0"
2026-08-24 18:22:09;disc_temp;"40;4";;"40;4"
2026-08-24 18:22:11;out_water_temp;"35;5";;"35;5"
2026-08-24 18:22:16;dc_fan1;"827;0";;"827;0"
2026-08-24 18:22:16;ac_curr;"83;0";;"83;0"
2026-08-24 18:22:18;ac_curr;"85;0";;"85;0"
2026-08-24 18:22:19;out_water_temp;"35;8";;"35;8"
2026-08-24 18:22:19;tank_temp;"36;9";;"36;9"
2026-08-24 18:22:21;comp_freq;"63;0";;"63;0"
2026-08-24 18:22:21;m_eev;"176;0";;"176;0"
2026-08-24 18:22:21;ac_curr;"88;0";;"88;0"
2026-08-24 18:22:21;disc_temp;"40;9";;"40;9"
2026-08-24 18:22:24;in_water_temp;"32;5";;"32;5"
2026-08-24 18:22:27;out_water_temp;"36;0";;"36;0"
2026-08-24 18:22:28;ac_curr;"87;0";;"87;0"
2026-08-24 18:22:30;dc_fan1;"823;0";;"823;0"
2026-08-24 18:22:30;ac_curr;"84;0";;"84;0"
2026-08-24 18:22:33;disc_temp;"42;0";;"42;0"
2026-08-24 18:22:37;ac_curr;"87;0";;"87;0"
2026-08-24 18:22:41;ac_curr;"88;0";;"88;0"
2026-08-24 18:22:43;back_temp;"7;9";;"7;9"
2026-08-24 18:22:43;ac_curr;"90;0";;"90;0"
2026-08-24 18:22:44;in_water_temp;"32;7";;"32;7"
2026-08-24 18:22:44;out_water_temp;"36;3";;"36;3"
2026-08-24 18:22:46;ac_curr;"88;0";;"88;0"
2026-08-24 18:22:49;comp_freq;"64;0";;"64;0"
2026-08-24 18:22:49;ac_curr;"89;0";;"89;0"
2026-08-24 18:22:52;m_eev;"172;0";;"172;0"
2026-08-24 18:22:52;flow_rate;"14;0";;"14;0"
2026-08-24 18:22:52;ac_curr;"90;0";;"90;0"
2026-08-24 18:22:52;disc_temp;"42;7";;"42;7"
2026-08-24 18:22:56;flow_rate;"15;0";;"15;0"
2026-08-24 18:22:56;ac_curr;"87;0";;"87;0"
2026-08-24 18:23:01;ac_curr;"90;0";;"90;0"
2026-08-24 18:23:04;out_water_temp;"36;5";;"36;5"
2026-08-24 18:23:05;ac_curr;"92;0";;"92;0"
2026-08-24 18:23:08;dc_fan1;"820;0";;"820;0"
2026-08-24 18:23:11;ac_curr;"91;0";;"91;0"
2026-08-24 18:23:11;disc_temp;"43;3";;"43;3"
2026-08-24 18:23:14;ac_curr;"89;0";;"89;0"
2026-08-24 18:23:17;ac_curr;"87;0";;"87;0"
2026-08-24 18:23:20;fault_flag;;False;"0;0"
2026-08-24 18:23:20;protect_flag;;False;"0;0"
2026-08-24 18:23:20;comp_freq;"65;0";;"65;0"
2026-08-24 18:23:20;m_eev;"168;0";;"168;0"
2026-08-24 18:23:20;ac_fan;;close;
2026-08-24 18:23:20;freeze;;False;"0;0"
2026-08-24 18:23:20;defrost;;False;"0;0"
2026-08-24 18:23:20;dc_fan2;"0;0";;"0;0"
2026-08-24 18:23:20;ac_curr;"91;0";;"91;0"
2026-08-24 18:23:20;disc_temp;"43;9";;"43;9"
2026-08-24 18:23:23;ac_curr;"94;0";;"94;0"
2026-08-24 18:23:27;out_water_temp;"36;7";;"36;7"
2026-08-24 18:23:33;ac_curr;"92;0";;"92;0"
2026-08-24 18:23:35;in_water_temp;"33;0";;"33;0"
2026-08-24 18:23:36;dc_fan1;"823;0";;"823;0"
2026-08-24 18:23:36;amb_temp;"13;3";;"13;3"
2026-08-24 18:23:36;ac_curr;"90;0";;"90;0"
2026-08-24 18:23:38;a_eev;"10;0";;"10;0"
2026-08-24 18:23:38;ac_curr;"93;0";;"93;0"
2026-08-24 18:23:48;comp_freq;"66;0";;"66;0"
2026-08-24 18:23:48;dc_fan1;"820;0";;"820;0"
2026-08-24 18:23:48;valve;;True;"1;0"
2026-08-24 18:23:48;ac_curr;"96;0";;"96;0"
2026-08-24 18:23:51;ac_curr;"97;0";;"97;0"
2026-08-24 18:23:52;out_water_temp;"37;1";;"37;1"
2026-08-24 18:23:54;m_eev;"164;0";;"164;0"
2026-08-24 18:23:54;ac_curr;"96;0";;"96;0"
2026-08-24 18:23:56;in_water_temp;"33;2";;"33;2"
2026-08-24 18:23:57;ac_curr;"95;0";;"95;0"
2026-08-24 18:23:57;disc_temp;"44;5";;"44;5"
2026-08-24 18:24:01;ac_curr;"97;0";;"97;0"
2026-08-24 18:24:04;ac_curr;"95;0";;"95;0"
2026-08-24 18:24:04;disc_temp;"45;3";;"45;3"
2026-08-24 18:24:06;ac_curr;"97;0";;"97;0"
2026-08-24 18:24:07;tank_temp;"36;5";;"36;5"
2026-08-24 18:24:09;ac_curr;"99;0";;"99;0"
2026-08-24 18:24:13;ac_curr;"98;0";;"98;0"
2026-08-24 18:24:15;out_water_temp;"37;4";;"37;4"
2026-08-24 18:24:16;ac_curr;"97;0";;"97;0"
2026-08-24 18:24:19;ac_curr;"95;0";;"95;0"
2026-08-24 18:24:22;comp_freq;"67;0";;"67;0"
2026-08-24 18:24:22;m_eev;"160;0";;"160;0"
2026-08-24 18:24:22;ac_curr;"99;0";;"99;0"
2026-08-24 18:24:23;in_water_temp;"33;5";;"33;5"
2026-08-24 18:24:33;ac_curr;"101;0";;"101;0"
2026-08-24 18:24:34;ac_curr;"103;0";;"103;0"
2026-08-24 18:24:37;ac_curr;"101;0";;"101;0"
2026-08-24 18:24:48;ac_curr;"97;0";;"97;0"
2026-08-24 18:24:48;disc_temp;"46;2";;"46;2"
2026-08-24 18:24:49;comp_freq;"68;0";;"68;0"
2026-08-24 18:24:49;m_eev;"156;0";;"156;0"
2026-08-24 18:24:49;ac_curr;"103;0";;"103;0"
2026-08-24 18:24:51;in_water_temp;"33;7";;"33;7"
2026-08-24 18:24:52;out_water_temp;"37;6";;"37;6"
2026-08-24 18:24:53;ac_curr;"106;0";;"106;0"
2026-08-24 18:24:56;tidr;"23;3";;"23;3"
2026-08-24 18:24:56;ac_curr;"105;0";;"105;0"
2026-08-24 18:24:59;ac_curr;"103;0";;"103;0"
2026-08-24 18:25:00;out_water_temp;"37;9";;"37;9"
2026-08-24 18:25:02;ac_curr;"100;0";;"100;0"
2026-08-24 18:25:05;ac_curr;"102;0";;"102;0"
2026-08-24 18:25:05;disc_temp;"46;8";;"46;8"
2026-08-24 18:25:09;ac_curr;"99;0";;"99;0"
2026-08-24 18:25:09;disc_temp;"47;4";;"47;4"
2026-08-24 18:25:12;ac_curr;"105;0";;"105;0"
2026-08-24 18:25:17;comp_freq;"69;0";;"69;0"
2026-08-24 18:25:17;ac_curr;"109;0";;"109;0"
2026-08-24 18:25:20;out_water_temp;"38;1";;"38;1"
2026-08-24 18:25:21;ac_curr;"107;0";;"107;0"
2026-08-24 18:25:23;in_water_temp;"34;0";;"34;0"
2026-08-24 18:25:24;m_eev;"152;0";;"152;0"
2026-08-24 18:25:24;ac_curr;"104;0";;"104;0"
2026-08-24 18:25:26;ac_curr;"102;0";;"102;0"
2026-08-24 18:25:30;ac_curr;"103;0";;"103;0"
2026-08-24 18:25:33;ac_curr;"107;0";;"107;0"
2026-08-24 18:25:33;disc_temp;"48;1";;"48;1"
2026-08-24 18:25:37;ac_curr;"108;0";;"108;0"
2026-08-24 18:25:39;ac_curr;"109;0";;"109;0"
2026-08-24 18:25:42;ac_curr;"106;0";;"106;0"
2026-08-24 18:25:43;out_water_temp;"38;4";;"38;4"
2026-08-24 18:25:45;ac_curr;"104;0";;"104;0"
2026-08-24 18:25:48;in_water_temp;"34;2";;"34;2"
2026-08-24 18:25:49;ac_curr;"106;0";;"106;0"
2026-08-24 18:25:51;comp_freq;"70;0";;"70;0"
2026-08-24 18:25:51;m_eev;"148;0";;"148;0"
2026-08-24 18:25:51;disc_temp;"48;8";;"48;8"
2026-08-24 18:25:54;ac_curr;"110;0";;"110;0"
2026-08-24 18:25:57;ac_curr;"111;0";;"111;0"
2026-08-24 18:26:00;out_water_temp;"38;7";;"38;7"
2026-08-24 18:26:01;disc_temp;"48;3";;"48;3"
2026-08-24 18:26:04;ac_curr;"109;0";;"109;0"
2026-08-24 18:26:07;ac_curr;"106;0";;"106;0"
2026-08-24 18:26:10;ac_curr;"104;0";;"104;0"
2026-08-24 18:26:13;ac_curr;"106;0";;"106;0"
2026-08-24 18:26:13;disc_temp;"49;5";;"49;5"
2026-08-24 18:26:16;ac_curr;"109;0";;"109;0"
2026-08-24 18:26:19;in_water_temp;"34;5";;"34;5"
2026-08-24 18:26:20;comp_freq;"71;0";;"71;0"
2026-08-24 18:26:20;m_eev;"144;0";;"144;0"
2026-08-24 18:26:20;ac_curr;"110;0";;"110;0"
2026-08-24 18:26:23;out_water_temp;"39;0";;"39;0"
2026-08-24 18:26:26;ac_vol;"228;0";;"228;0"
2026-08-24 18:26:26;ac_curr;"107;0";;"107;0"
2026-08-24 18:26:26;disc_temp;"48;9";;"48;9"
2026-08-24 18:26:28;ac_curr;"105;0";;"105;0"
2026-08-24 18:26:32;ac_curr;"107;0";;"107;0"
2026-08-24 18:26:34;tidr;"23;4";;"23;4"
2026-08-24 18:26:34;dc_fan1;"823;0";;"823;0"
2026-08-24 18:26:34;ac_curr;"105;0";;"105;0"
2026-08-24 18:26:36;pump_sta;;True;"1;0"
2026-08-24 18:26:36;out_water_temp;"39;2";;"39;2"
2026-08-24 18:26:38;ac_curr;"107;0";;"107;0"
2026-08-24 18:26:38;disc_temp;"50;1";;"50;1"
2026-08-24 18:26:45;ac_curr;"106;0";;"106;0"
2026-08-24 18:26:45;disc_temp;"49;6";;"49;6"
2026-08-24 18:26:47;back_temp;"7;4";;"7;4"
2026-08-24 18:26:50;comp_freq;"72;0";;"72;0"
2026-08-24 18:26:51;in_water_temp;"34;7";;"34;7"
2026-08-24 18:26:51;out_water_temp;"39;5";;"39;5"
2026-08-24 18:26:53;m_eev;"140;0";;"140;0"
2026-08-24 18:26:53;ac_curr;"105;0";;"105;0"
2026-08-24 18:26:56;back_temp;"7;9";;"7;9"
2026-08-24 18:26:56;flow_rate;"16;0";;"16;0"
2026-08-24 18:26:56;ac_curr;"111;0";;"111;0"
2026-08-24 18:26:56;disc_temp;"50;5";;"50;5"
2026-08-24 18:27:00;ac_curr;"108;0";;"108;0"
2026-08-24 18:27:00;disc_temp;"51;0";;"51;0"
2026-08-24 18:27:02;ac_curr;"107;0";;"107;0"
2026-08-24 18:27:03;out_water_temp;"39;7";;"39;7"
2026-08-24 18:27:05;ac_curr;"106;0";;"106;0"
2026-08-24 18:27:08;back_temp;"7;3";;"7;3"
2026-08-24 18:27:12;ac_curr;"105;0";;"105;0"
2026-08-24 18:27:15;ac_curr;"104;0";;"104;0"
2026-08-24 18:27:18;comp_freq;"73;0";;"73;0"
2026-08-24 18:27:18;ac_curr;"108;0";;"108;0"
2026-08-24 18:27:19;in_water_temp;"35;0";;"35;0"
2026-08-24 18:27:21;m_eev;"136;0";;"136;0"
2026-08-24 18:27:21;dc_fan1;"820;0";;"820;0"
2026-08-24 18:27:21;flow_rate;"17;0";;"17;0"
2026-08-24 18:27:23;out_water_temp;"40;0";;"40;0"
2026-08-24 18:27:25;disc_temp;"51;8";;"51;8"
2026-08-24 18:27:28;disc_temp;"52;6";;"52;6"
2026-08-24 18:27:30;ac_curr;"107;0";;"107;0"
2026-08-24 18:27:33;dc_fan1;"823;0";;"823;0"
2026-08-24 18:27:33;ac_curr;"106;0";;"106;0"
2026-08-24 18:27:36;in_water_temp;"35;2";;"35;2"
2026-08-24 18:27:37;ac_curr;"107;0";;"107;0"
2026-08-24 18:27:37;disc_temp;"53;6";;"53;6"
2026-08-24 18:27:39;out_water_temp;"40;2";;"40;2"
2026-08-24 18:27:48;disc_temp;"54;4";;"54;4"
2026-08-24 18:27:50;ac_curr;"108;0";;"108;0"
2026-08-24 18:27:50;disc_temp;"55;3";;"55;3"
2026-08-24 18:27:52;comp_freq;"75;0";;"75;0"
2026-08-24 18:27:52;m_eev;"132;0";;"132;0"
2026-08-24 18:27:52;ac_curr;"112;0";;"112;0"
2026-08-24 18:27:55;comp_freq;"76;0";;"76;0"
2026-08-24 18:27:55;ac_curr;"115;0";;"115;0"
2026-08-24 18:27:55;disc_temp;"56;1";;"56;1"
2026-08-24 18:27:58;comp_freq;"77;0";;"77;0"
2026-08-24 18:27:58;ac_curr;"117;0";;"117;0"
2026-08-24 18:28:01;back_temp;"6;8";;"6;8"
2026-08-24 18:28:01;dc_fan1;"820;0";;"820;0"
2026-08-24 18:28:01;flow_rate;"19;0";;"19;0"
2026-08-24 18:28:01;disc_temp;"56;8";;"56;8"
2026-08-24 18:28:04;in_water_temp;"35;5";;"35;5"
2026-08-24 18:28:04;out_water_temp;"40;5";;"40;5"
2026-08-24 18:28:05;disc_temp;"57;3";;"57;3"
2026-08-24 18:28:08;flow_rate;"18;0";;"18;0"
2026-08-24 18:28:08;ac_curr;"118;0";;"118;0"
2026-08-24 18:28:08;disc_temp;"58;2";;"58;2"
2026-08-24 18:28:18;tidr;"23;3";;"23;3"
2026-08-24 18:28:18;comp_freq;"73;0";;"73;0"
2026-08-24 18:28:18;flow_rate;"19;0";;"19;0"
2026-08-24 18:28:18;in_water_temp;"35;7";;"35;7"
2026-08-24 18:28:18;out_water_temp;"40;7";;"40;7"
2026-08-24 18:28:18;ac_curr;"108;0";;"108;0"
2026-08-24 18:28:18;disc_temp;"59;1";;"59;1"
2026-08-24 18:28:20;ac_curr;"107;0";;"107;0"
2026-08-24 18:28:20;disc_temp;"60;1";;"60;1"
2026-08-24 18:28:23;fault_flag;;False;"0;0"
2026-08-24 18:28:23;protect_flag;;False;"0;0"
2026-08-24 18:28:23;m_eev;"128;0";;"128;0"
2026-08-24 18:28:23;ac_fan;;close;
2026-08-24 18:28:23;freeze;;False;"0;0"
2026-08-24 18:28:23;defrost;;False;"0;0"
2026-08-24 18:28:23;dc_fan2;"0;0";;"0;0"
2026-08-24 18:28:23;ac_curr;"108;0";;"108;0"
2026-08-24 18:28:29;disc_temp;"60;9";;"60;9"
2026-08-24 18:28:32;tank_temp;"36;9";;"36;9"
2026-08-24 18:28:33;disc_temp;"61;9";;"61;9"
2026-08-24 18:28:35;disc_temp;"62;4";;"62;4"
2026-08-24 18:28:38;amb_temp;"13;1";;"13;1"
2026-08-24 18:28:38;ac_curr;"109;0";;"109;0"
2026-08-24 18:28:39;a_eev;"10;0";;"10;0"
2026-08-24 18:28:39;in_water_temp;"36;0";;"36;0"
2026-08-24 18:28:41;disc_temp;"63;3";;"63;3"
2026-08-24 18:28:45;ac_curr;"110;0";;"110;0"
2026-08-24 18:28:47;disc_temp;"63;9";;"63;9"
2026-08-24 18:28:50;m_eev;"125;0";;"125;0"
2026-08-24 18:28:50;valve;;True;"1;0"
2026-08-24 18:28:52;in_water_temp;"36;2";;"36;2"
2026-08-24 18:28:54;disc_temp;"64;6";;"64;6"
2026-08-24 18:28:57;dc_fan1;"823;0";;"823;0"
2026-08-24 18:28:59;out_water_temp;"41;0";;"41;0"
2026-08-24 18:29:00;disc_temp;"65;7";;"65;7"
2026-08-24 18:29:03;flow_rate;"20;0";;"20;0"
2026-08-24 18:29:06;flow_rate;"19;0";;"19;0"
2026-08-24 18:29:07;in_water_temp;"36;5";;"36;5"
2026-08-24 18:29:09;flow_rate;"20;0";;"20;0"
2026-08-24 18:29:09;ac_curr;"111;0";;"111;0"
2026-08-24 18:29:09;disc_temp;"66;4";;"66;4"
2026-08-24 18:29:12;flow_rate;"19;0";;"19;0"
2026-08-24 18:29:12;disc_temp;"67;0";;"67;0"
2026-08-24 18:29:15;out_water_temp;"41;2";;"41;2"
2026-08-24 18:29:16;ac_curr;"110;0";;"110;0"
2026-08-24 18:29:19;in_water_temp;"36;7";;"36;7"
2026-08-24 18:29:21;flow_rate;"20;0";;"20;0"
2026-08-24 18:29:21;ac_curr;"111;0";;"111;0"
2026-08-24 18:29:21;disc_temp;"67;6";;"67;6"
2026-08-24 18:29:25;ac_curr;"112;0";;"112;0"
2026-08-24 18:29:25;disc_temp;"68;2";;"68;2"
2026-08-24 18:29:31;flow_rate;"19;0";;"19;0"
2026-08-24 18:29:31;ac_curr;"111;0";;"111;0"
2026-08-24 18:29:31;disc_temp;"69;1";;"69;1"
2026-08-24 18:29:34;flow_rate;"20;0";;"20;0"
2026-08-24 18:29:34;ac_curr;"112;0";;"112;0"
2026-08-24 18:29:35;tank_temp;"37;2";;"37;2"
2026-08-24 18:29:37;flow_rate;"19;0";;"19;0"
2026-08-24 18:29:37;ac_curr;"111;0";;"111;0"
2026-08-24 18:29:39;tidr;"23;4";;"23;4"
2026-08-24 18:29:39;in_water_temp;"37;0";;"37;0"
2026-08-24 18:29:39;out_water_temp;"41;6";;"41;6"
2026-08-24 18:29:42;ac_curr;"112;0";;"112;0"
2026-08-24 18:29:42;disc_temp;"69;6";;"69;6"
2026-08-24 18:29:44;disc_temp;"70;2";;"70;2"
2026-08-24 18:29:46;flow_rate;"20;0";;"20;0"
2026-08-24 18:29:49;flow_rate;"19;0";;"19;0"
2026-08-24 18:29:52;in_water_temp;"37;2";;"37;2"
2026-08-24 18:29:53;m_eev;"123;0";;"123;0"
2026-08-24 18:29:53;disc_temp;"70;8";;"70;8"
2026-08-24 18:29:57;ac_curr;"113;0";;"113;0"
2026-08-24 18:30:01;disc_temp;"71;4";;"71;4"
2026-08-24 18:30:04;out_water_temp;"41;9";;"41;9"
2026-08-24 18:30:05;dc_fan1;"820;0";;"820;0"
2026-08-24 18:30:05;disc_temp;"71;9";;"71;9"
2026-08-24 18:30:08;ac_curr;"114;0";;"114;0"
2026-08-24 18:30:12;ac_curr;"113;0";;"113;0"
2026-08-24 18:30:14;ac_curr;"114;0";;"114;0"
2026-08-24 18:30:15;out_water_temp;"42;1";;"42;1"
2026-08-24 18:30:17;ac_curr;"113;0";;"113;0"
2026-08-24 18:30:17;disc_temp;"72;7";;"72;7"
2026-08-24 18:30:20;in_water_temp;"37;5";;"37;5"
2026-08-24 18:30:23;flow_rate;"20;0";;"20;0"
2026-08-24 18:30:23;ac_curr;"114;0";;"114;0"
2026-08-24 18:30:23;disc_temp;"73;2";;"73;2"
2026-08-24 18:30:27;flow_rate;"19;0";;"19;0"
2026-08-24 18:30:33;disc_temp;"73;7";;"73;7"
2026-08-24 18:30:39;flow_rate;"20;0";;"20;0"
2026-08-24 18:30:40;tank_temp;"37;6";;"37;6"
2026-08-24 18:30:42;flow_rate;"19;0";;"19;0"
2026-08-24 18:30:42;ac_curr;"115;0";;"115;0"
2026-08-24 18:30:42;disc_temp;"74;3";;"74;3"
2026-08-24 18:30:43;tank_temp;"37;3";;"37;3"
2026-08-24 18:30:45;ac_curr;"114;0";;"114;0"
2026-08-24 18:30:47;in_water_temp;"37;7";;"37;7"
2026-08-24 18:30:49;flow_rate;"20;0";;"20;0"
2026-08-24 18:30:49;disc_temp;"74;9";;"74;9"
2026-08-24 18:30:50;tank_temp;"37;6";;"37;6"
2026-08-24 18:30:52;flow_rate;"19;0";;"19;0"
2026-08-24 18:30:52;ac_curr;"115;0";;"115;0"
2026-08-24 18:30:53;out_water_temp;"42;4";;"42;4"
2026-08-24 18:30:57;flow_rate;"20;0";;"20;0"
2026-08-24 18:30:57;disc_temp;"75;4";;"75;4"
2026-08-24 18:31:00;out_water_temp;"42;6";;"42;6"
2026-08-24 18:31:04;flow_rate;"19;0";;"19;0"
2026-08-24 18:31:06;ac_curr;"116;0";;"116;0"
2026-08-24 18:31:09;disc_temp;"75;9";;"75;9"
2026-08-24 18:31:13;ac_curr;"115;0";;"115;0"
2026-08-24 18:31:15;in_water_temp;"38;0";;"38;0"
2026-08-24 18:31:16;dc_fan1;"823;0";;"823;0"
2026-08-24 18:31:19;disc_temp;"76;5";;"76;5"
2026-08-24 18:31:25;ac_curr;"116;0";;"116;0"
2026-08-24 18:31:28;ac_vol;"228;0";;"228;0"
2026-08-24 18:31:28;out_water_temp;"42;9";;"42;9"
2026-08-24 18:31:29;ac_curr;"115;0";;"115;0"
2026-08-24 18:31:32;ac_curr;"116;0";;"116;0"
2026-08-24 18:31:35;in_water_temp;"38;2";;"38;2"
2026-08-24 18:31:37;pump_sta;;True;"1;0"
2026-08-24 18:31:37;disc_temp;"77;1";;"77;1"
2026-08-24 18:31:42;flow_rate;"20;0";;"20;0"
2026-08-24 18:31:48;tank_temp;"38;0";;"38;0"
2026-08-24 18:31:50;flow_rate;"19;0";;"19;0"
2026-08-24 18:31:50;ac_curr;"117;0";;"117;0"
2026-08-24 18:31:51;out_water_temp;"43;1";;"43;1"
2026-08-24 18:31:53;disc_temp;"77;6";;"77;6"
2026-08-24 18:31:57;ac_curr;"116;0";;"116;0"
2026-08-24 18:31:59;ac_curr;"117;0";;"117;0"
2026-08-24 18:32:02;ac_curr;"116;0";;"116;0"
2026-08-24 18:32:03;in_water_temp;"38;6";;"38;6"
2026-08-24 18:32:05;flow_rate;"20;0";;"20;0"
2026-08-24 18:32:05;ac_curr;"117;0";;"117;0"
2026-08-24 18:32:08;disc_temp;"78;1";;"78;1"
2026-08-24 18:32:19;dc_fan1;"826;0";;"826;0"
2026-08-24 18:32:20;out_water_temp;"43;4";;"43;4"
2026-08-24 18:32:24;flow_rate;"19;0";;"19;0"
2026-08-24 18:32:24;ac_curr;"118;0";;"118;0"
2026-08-24 18:32:27;flow_rate;"20;0";;"20;0"
2026-08-24 18:32:27;ac_curr;"117;0";;"117;0"
2026-08-24 18:32:27;disc_temp;"78;6";;"78;6"
2026-08-24 18:32:30;flow_rate;"19;0";;"19;0"
2026-08-24 18:32:30;ac_curr;"118;0";;"118;0"
2026-08-24 18:32:31;in_water_temp;"38;9";;"38;9"
2026-08-24 18:32:31;out_water_temp;"43;6";;"43;6"
2026-08-24 18:32:37;flow_rate;"20;0";;"20;0"
2026-08-24 18:32:37;ac_curr;"117;0";;"117;0"
2026-08-24 18:32:40;ac_curr;"118;0";;"118;0"
2026-08-24 18:32:42;ac_curr;"117;0";;"117;0"
2026-08-24 18:32:45;ac_curr;"118;0";;"118;0"
2026-08-24 18:32:49;flow_rate;"19;0";;"19;0"
2026-08-24 18:32:51;tank_temp;"38;4";;"38;4"
2026-08-24 18:32:52;dc_fan1;"823;0";;"823;0"
2026-08-24 18:32:52;ac_curr;"119;0";;"119;0"
2026-08-24 18:32:56;in_water_temp;"39;1";;"39;1"
2026-08-24 18:32:58;flow_rate;"20;0";;"20;0"
2026-08-24 18:32:58;ac_curr;"118;0";;"118;0"
2026-08-24 18:33:01;flow_rate;"19;0";;"19;0"
2026-08-24 18:33:01;ac_curr;"119;0";;"119;0"
2026-08-24 18:33:04;back_temp;"6;9";;"6;9"
2026-08-24 18:33:04;flow_rate;"20;0";;"20;0"
2026-08-24 18:33:04;disc_temp;"79;2";;"79;2"
2026-08-24 18:33:07;ac_curr;"118;0";;"118;0"
2026-08-24 18:33:08;out_water_temp;"43;9";;"43;9"
2026-08-24 18:33:10;ac_curr;"120;0";;"120;0"
2026-08-24 18:33:13;ac_curr;"119;0";;"119;0"
2026-08-24 18:33:19;comp_freq;"73;0";;"73;0"
2026-08-24 18:33:22;flow_rate;"19;0";;"19;0"
2026-08-24 18:33:23;fault_flag;;False;"0;0"
2026-08-24 18:33:23;protect_flag;;False;"0;0"
2026-08-24 18:33:23;ac_fan;;close;
2026-08-24 18:33:23;freeze;;False;"0;0"
2026-08-24 18:33:23;defrost;;False;"0;0"
2026-08-24 18:33:23;dc_fan2;"0;0";;"0;0"
2026-08-24 18:33:23;in_water_temp;"39;4";;"39;4"
2026-08-24 18:33:32;dc_fan1;"826;0";;"826;0"
2026-08-24 18:33:36;out_water_temp;"44;1";;"44;1"
2026-08-24 18:33:39;amb_temp;"12;9";;"12;9"
2026-08-24 18:33:41;a_eev;"10;0";;"10;0"
2026-08-24 18:33:47;in_water_temp;"39;6";;"39;6"
2026-08-24 18:33:49;flow_rate;"20;0";;"20;0"
2026-08-24 18:33:49;ac_curr;"120;0";;"120;0"
2026-08-24 18:33:53;valve;;True;"1;0"
2026-08-24 18:33:59;ac_curr;"119;0";;"119;0"
2026-08-24 18:34:06;flow_rate;"19;0";;"19;0"
2026-08-24 18:34:07;tank_temp;"38;8";;"38;8"
2026-08-24 18:34:09;flow_rate;"20;0";;"20;0"
2026-08-24 18:34:09;disc_temp;"79;7";;"79;7"
2026-08-24 18:34:12;flow_rate;"19;0";;"19;0"
2026-08-24 18:34:18;ac_curr;"120;0";;"120;0"
2026-08-24 18:34:21;flow_rate;"20;0";;"20;0"
2026-08-24 18:34:24;out_water_temp;"44;4";;"44;4"
2026-08-24 18:34:25;flow_rate;"19;0";;"19;0"
2026-08-24 18:34:25;ac_curr;"119;0";;"119;0"
2026-08-24 18:34:33;ac_curr;"120;0";;"120;0"
2026-08-24 18:34:40;tidr;"23;4";;"23;4"
2026-08-24 18:34:46;flow_rate;"20;0";;"20;0"
2026-08-24 18:34:52;flow_rate;"19;0";;"19;0"
2026-08-24 18:34:52;ac_curr;"119;0";;"119;0"
2026-08-24 18:34:55;m_eev;"123;0";;"123;0"
2026-08-24 18:34:58;flow_rate;"20;0";;"20;0"
2026-08-24 18:34:58;ac_curr;"120;0";;"120;0"
2026-08-24 18:34:59;out_water_temp;"44;6";;"44;6"
2026-08-24 18:35:01;flow_rate;"19;0";;"19;0"
2026-08-24 18:35:01;ac_curr;"119;0";;"119;0"
2026-08-24 18:35:04;flow_rate;"20;0";;"20;0"
2026-08-24 18:35:07;in_water_temp;"39;9";;"39;9"
2026-08-24 18:35:08;ac_curr;"120;0";;"120;0"
2026-08-24 18:35:10;ac_curr;"119;0";;"119;0"
2026-08-24 18:35:12;out_water_temp;"44;4";;"44;4"
2026-08-24 18:35:14;ac_curr;"120;0";;"120;0"
2026-08-24 18:35:16;out_water_temp;"44;6";;"44;6"
2026-08-24 18:35:23;flow_rate;"19;0";;"19;0"
2026-08-24 18:35:23;ac_curr;"119;0";;"119;0"
2026-08-24 18:35:24;tank_temp;"39;1";;"39;1"
2026-08-24 18:35:29;ac_curr;"120;0";;"120;0"
2026-08-24 18:35:33;flow_rate;"20;0";;"20;0"
2026-08-24 18:35:36;ac_curr;"119;0";;"119;0"
2026-08-24 18:35:50;flow_rate;"19;0";;"19;0"
2026-08-24 18:35:50;ac_curr;"120;0";;"120;0"
2026-08-24 18:35:51;flow_rate;"20;0";;"20;0"
2026-08-24 18:35:54;ac_curr;"119;0";;"119;0"
2026-08-24 18:35:58;flow_rate;"19;0";;"19;0"
2026-08-24 18:35:58;ac_curr;"120;0";;"120;0"
2026-08-24 18:36:22;flow_rate;"20;0";;"20;0"
2026-08-24 18:36:28;ac_vol;"226;0";;"226;0"
2026-08-24 18:36:31;ac_curr;"121;0";;"121;0"
2026-08-24 18:36:34;dc_fan1;"823;0";;"823;0"
2026-08-24 18:36:37;ac_curr;"120;0";;"120;0"
2026-08-24 18:36:40;pump_sta;;True;"1;0"
2026-08-24 18:36:49;flow_rate;"19;0";;"19;0"
2026-08-24 18:36:55;tank_temp;"39;5";;"39;5"
2026-08-24 18:36:56;dc_fan1;"826;0";;"826;0"
2026-08-24 18:36:56;flow_rate;"20;0";;"20;0"
2026-08-24 18:37:07;in_water_temp;"40;1";;"40;1"
2026-08-24 18:37:09;flow_rate;"19;0";;"19;0"
2026-08-24 18:37:14;dc_fan1;"823;0";;"823;0"
2026-08-24 18:37:14;ac_curr;"121;0";;"121;0"
2026-08-24 18:37:17;ac_curr;"120;0";;"120;0"
2026-08-24 18:37:21;flow_rate;"20;0";;"20;0"
2026-08-24 18:37:24;flow_rate;"19;0";;"19;0"
2026-08-24 18:37:26;ac_curr;"121;0";;"121;0"
2026-08-24 18:37:30;flow_rate;"20;0";;"20;0"
2026-08-24 18:37:39;ac_curr;"120;0";;"120;0"
2026-08-24 18:37:43;ac_curr;"121;0";;"121;0"
2026-08-24 18:37:45;flow_rate;"19;0";;"19;0"
2026-08-24 18:37:48;tank_temp;"39;9";;"39;9"
2026-08-24 18:37:49;flow_rate;"20;0";;"20;0"
2026-08-24 18:37:58;ac_curr;"122;0";;"122;0"
2026-08-24 18:38:00;out_water_temp;"44;9";;"44;9"
2026-08-24 18:38:01;ac_curr;"121;0";;"121;0"
2026-08-24 18:38:04;back_temp;"6;9";;"6;9"
2026-08-24 18:38:04;flow_rate;"19;0";;"19;0"
2026-08-24 18:38:04;ac_curr;"122;0";;"122;0"
2026-08-24 18:38:10;flow_rate;"20;0";;"20;0"
2026-08-24 18:38:11;in_water_temp;"40;4";;"40;4"
2026-08-24 18:38:13;flow_rate;"19;0";;"19;0"
2026-08-24 18:38:17;ac_curr;"121;0";;"121;0"
2026-08-24 18:38:19;comp_freq;"73;0";;"73;0"
2026-08-24 18:38:19;ac_curr;"122;0";;"122;0"
2026-08-24 18:38:22;flow_rate;"20;0";;"20;0"
2026-08-24 18:38:25;fault_flag;;False;"0;0"
2026-08-24 18:38:25;protect_flag;;False;"0;0"
2026-08-24 18:38:25;ac_fan;;close;
2026-08-24 18:38:25;freeze;;False;"0;0"
2026-08-24 18:38:25;defrost;;False;"0;0"
2026-08-24 18:38:25;dc_fan2;"0;0";;"0;0"
2026-08-24 18:38:25;flow_rate;"19;0";;"19;0"
2026-08-24 18:38:25;ac_curr;"121;0";;"121;0"
2026-08-24 18:38:29;dc_fan1;"826;0";;"826;0"
2026-08-24 18:38:29;ac_curr;"122;0";;"122;0"
2026-08-24 18:38:32;flow_rate;"20;0";;"20;0"
2026-08-24 18:38:36;tank_temp;"40;2";;"40;2"
2026-08-24 18:38:40;out_water_temp;"45;1";;"45;1"
2026-08-24 18:38:40;amb_temp;"12;7";;"12;7"
2026-08-24 18:38:41;a_eev;"10;0";;"10;0"
2026-08-24 18:38:47;flow_rate;"19;0";;"19;0"
2026-08-24 18:38:47;ac_curr;"123;0";;"123;0"
2026-08-24 18:38:50;flow_rate;"20;0";;"20;0"
2026-08-24 18:38:53;dc_fan1;"823;0";;"823;0"
2026-08-24 18:38:53;flow_rate;"19;0";;"19;0"
2026-08-24 18:38:56;in_water_temp;"40;6";;"40;6"
2026-08-24 18:38:56;valve;;True;"1;0"
2026-08-24 18:38:57;flow_rate;"20;0";;"20;0"
2026-08-24 18:39:02;comp_freq;"70;0";;"70;0"
2026-08-24 18:39:02;ac_curr;"117;0";;"117;0"
2026-08-24 18:39:05;dc_fan1;"826;0";;"826;0"
2026-08-24 18:39:05;ac_curr;"115;0";;"115;0"
2026-08-24 18:39:09;disc_temp;"79;5";;"79;5"
2026-08-24 18:39:13;ac_curr;"114;0";;"114;0"
2026-08-24 18:39:15;ac_curr;"115;0";;"115;0"
2026-08-24 18:39:16;tank_temp;"40;6";;"40;6"
2026-08-24 18:39:27;flow_rate;"19;0";;"19;0"
2026-08-24 18:39:27;ac_curr;"116;0";;"116;0"
2026-08-24 18:39:27;disc_temp;"79;0";;"79;0"
2026-08-24 18:39:30;ac_curr;"115;0";;"115;0"
2026-08-24 18:39:37;ac_curr;"116;0";;"116;0"
2026-08-24 18:39:39;flow_rate;"20;0";;"20;0"
2026-08-24 18:39:39;disc_temp;"78;4";;"78;4"
2026-08-24 18:39:43;tidr;"23;4";;"23;4"
2026-08-24 18:39:44;in_water_temp;"40;9";;"40;9"
2026-08-24 18:39:46;ac_curr;"115;0";;"115;0"
2026-08-24 18:39:49;ac_curr;"116;0";;"116;0"
2026-08-24 18:39:51;out_water_temp;"45;4";;"45;4"
2026-08-24 18:39:52;ac_curr;"115;0";;"115;0"
2026-08-24 18:39:52;disc_temp;"77;7";;"77;7"
2026-08-24 18:39:58;m_eev;"123;0";;"123;0"
2026-08-24 18:39:58;ac_curr;"116;0";;"116;0"
2026-08-24 18:40:01;disc_temp;"77;1";;"77;1"
2026-08-24 18:40:05;flow_rate;"19;0";;"19;0"
2026-08-24 18:40:08;ac_curr;"115;0";;"115;0"
2026-08-24 18:40:09;out_water_temp;"45;6";;"45;6"
2026-08-24 18:40:10;flow_rate;"20;0";;"20;0"
2026-08-24 18:40:10;ac_curr;"116;0";;"116;0"
2026-08-24 18:40:12;in_water_temp;"41;1";;"41;1"
2026-08-24 18:40:13;disc_temp;"76;5";;"76;5"
2026-08-24 18:40:20;dc_fan1;"823;0";;"823;0"
2026-08-24 18:40:23;flow_rate;"19;0";;"19;0"
2026-08-24 18:40:24;tank_temp;"41;1";;"41;1"
2026-08-24 18:40:26;disc_temp;"75;9";;"75;9"
2026-08-24 18:40:30;dc_fan1;"826;0";;"826;0"
2026-08-24 18:40:35;disc_temp;"75;2";;"75;2"
2026-08-24 18:40:38;dc_fan1;"829;0";;"829;0"
2026-08-24 18:40:38;ac_curr;"117;0";;"117;0"
2026-08-24 18:40:41;flow_rate;"20;0";;"20;0"
2026-08-24 18:40:44;ac_curr;"116;0";;"116;0"
2026-08-24 18:40:47;in_water_temp;"41;4";;"41;4"
2026-08-24 18:40:48;disc_temp;"74;7";;"74;7"
2026-08-24 18:40:50;ac_curr;"117;0";;"117;0"
2026-08-24 18:41:07;dc_fan1;"826;0";;"826;0"
2026-08-24 18:41:07;disc_temp;"74;2";;"74;2"
2026-08-24 18:41:09;ac_curr;"116;0";;"116;0"
2026-08-24 18:41:12;in_water_temp;"41;6";;"41;6"
2026-08-24 18:41:13;m_eev;"122;0";;"122;0"
2026-08-24 18:41:13;ac_curr;"117;0";;"117;0"
2026-08-24 18:41:19;out_water_temp;"45;9";;"45;9"
2026-08-24 18:41:21;disc_temp;"73;6";;"73;6"
2026-08-24 18:41:25;dc_fan1;"829;0";;"829;0"
2026-08-24 18:41:25;ac_vol;"230;0";;"230;0"
2026-08-24 18:41:28;flow_rate;"19;0";;"19;0"
2026-08-24 18:41:35;tank_temp;"41;6";;"41;6"
2026-08-24 18:41:38;flow_rate;"20;0";;"20;0"
2026-08-24 18:41:41;pump_sta;;True;"1;0"
2026-08-24 18:41:46;dc_fan1;"826;0";;"826;0"
2026-08-24 18:41:47;out_water_temp;"46;1";;"46;1"
2026-08-24 18:41:49;ac_curr;"118;0";;"118;0"
2026-08-24 18:41:52;flow_rate;"19;0";;"19;0"
2026-08-24 18:41:55;in_water_temp;"41;9";;"41;9"
2026-08-24 18:41:56;dc_fan1;"823;0";;"823;0"
2026-08-24 18:41:56;ac_curr;"117;0";;"117;0"
2026-08-24 18:41:56;disc_temp;"73;0";;"73;0"
2026-08-24 18:41:58;ac_curr;"118;0";;"118;0"
2026-08-24 18:42:01;dc_fan1;"828;0";;"828;0"
2026-08-24 18:42:01;ac_curr;"117;0";;"117;0"
2026-08-24 18:42:08;flow_rate;"20;0";;"20;0"
2026-08-24 18:42:08;ac_curr;"118;0";;"118;0"
2026-08-24 18:42:11;m_eev;"120;0";;"120;0"
2026-08-24 18:42:24;in_water_temp;"42;1";;"42;1"
2026-08-24 18:42:29;ac_curr;"119;0";;"119;0"
2026-08-24 18:42:35;out_water_temp;"46;4";;"46;4"
2026-08-24 18:42:36;dc_fan1;"824;0";;"824;0"
2026-08-24 18:42:36;ac_vol;"226;0";;"226;0"
2026-08-24 18:42:40;tank_temp;"42;0";;"42;0"
2026-08-24 18:42:45;ac_curr;"118;0";;"118;0"
2026-08-24 18:42:51;dc_fan1;"819;0";;"819;0"
2026-08-24 18:42:54;dc_fan1;"806;0";;"806;0"
2026-08-24 18:42:54;flow_rate;"19;0";;"19;0"
2026-08-24 18:42:57;dc_fan1;"794;0";;"794;0"
2026-08-24 18:42:57;flow_rate;"20;0";;"20;0"
2026-08-24 18:43:04;dc_fan1;"801;0";;"801;0"
2026-08-24 18:43:04;ac_curr;"120;0";;"120;0"
2026-08-24 18:43:06;back_temp;"7;2";;"7;2"
2026-08-24 18:43:06;dc_fan1;"805;0";;"805;0"
2026-08-24 18:43:08;out_water_temp;"46;6";;"46;6"
2026-08-24 18:43:09;flow_rate;"19;0";;"19;0"
2026-08-24 18:43:09;ac_curr;"119;0";;"119;0"
2026-08-24 18:43:12;m_eev;"118;0";;"118;0"
2026-08-24 18:43:12;disc_temp;"73;5";;"73;5"
2026-08-24 18:43:16;dc_fan1;"808;0";;"808;0"
2026-08-24 18:43:16;flow_rate;"20;0";;"20;0"
2026-08-24 18:43:19;ac_curr;"120;0";;"120;0"
2026-08-24 18:43:20;in_water_temp;"42;4";;"42;4"
2026-08-24 18:43:22;ac_curr;"119;0";;"119;0"
2026-08-24 18:43:25;dc_fan1;"813;0";;"813;0"
2026-08-24 18:43:28;fault_flag;;False;"0;0"
2026-08-24 18:43:28;protect_flag;;False;"0;0"
2026-08-24 18:43:28;ac_fan;;close;
2026-08-24 18:43:28;freeze;;False;"0;0"
2026-08-24 18:43:28;defrost;;False;"0;0"
2026-08-24 18:43:28;dc_fan2;"0;0";;"0;0"
2026-08-24 18:43:29;dc_fan1;"816;0";;"816;0"
2026-08-24 18:43:29;ac_curr;"120;0";;"120;0"
2026-08-24 18:43:31;ac_curr;"119;0";;"119;0"
2026-08-24 18:43:32;in_water_temp;"42;6";;"42;6"
2026-08-24 18:43:37;dc_fan1;"819;0";;"819;0"
2026-08-24 18:43:40;tank_temp;"42;4";;"42;4"
2026-08-24 18:43:41;amb_temp;"12;5";;"12;5"
2026-08-24 18:43:41;disc_temp;"74;0";;"74;0"
2026-08-24 18:43:44;a_eev;"10;0";;"10;0"
2026-08-24 18:43:44;ac_curr;"120;0";;"120;0"
2026-08-24 18:43:48;out_water_temp;"46;9";;"46;9"
2026-08-24 18:43:57;valve;;True;"1;0"
2026-08-24 18:43:57;ac_curr;"119;0";;"119;0"
2026-08-24 18:43:59;ac_curr;"120;0";;"120;0"
2026-08-24 18:43:59;disc_temp;"74;8";;"74;8"
2026-08-24 18:44:02;ac_curr;"121;0";;"121;0"
2026-08-24 18:44:03;comp_freq;"70;0";;"70;0"
2026-08-24 18:44:06;ac_curr;"120;0";;"120;0"
2026-08-24 18:44:09;dc_fan1;"816;0";;"816;0"
2026-08-24 18:44:11;tank_temp;"42;7";;"42;7"
2026-08-24 18:44:14;dc_fan1;"819;0";;"819;0"
2026-08-24 18:44:16;in_water_temp;"42;9";;"42;9"
2026-08-24 18:44:21;ac_curr;"121;0";;"121;0"
2026-08-24 18:44:21;disc_temp;"75;5";;"75;5"
2026-08-24 18:44:23;tank_temp;"42;4";;"42;4"
2026-08-24 18:44:36;out_water_temp;"47;1";;"47;1"
2026-08-24 18:44:36;tank_temp;"42;7";;"42;7"
2026-08-24 18:44:39;disc_temp;"76;1";;"76;1"
2026-08-24 18:44:44;tidr;"23;4";;"23;4"
2026-08-24 18:44:51;dc_fan1;"822;0";;"822;0"
2026-08-24 18:44:56;in_water_temp;"43;1";;"43;1"
2026-08-24 18:44:56;out_water_temp;"47;4";;"47;4"
2026-08-24 18:44:58;ac_curr;"122;0";;"122;0"
2026-08-24 18:45:01;ac_curr;"121;0";;"121;0"
2026-08-24 18:45:04;disc_temp;"76;7";;"76;7"
2026-08-24 18:45:07;ac_curr;"122;0";;"122;0"
2026-08-24 18:45:10;ac_curr;"121;0";;"121;0"
2026-08-24 18:45:14;ac_curr;"122;0";;"122;0"
2026-08-24 18:45:16;tank_temp;"43;1";;"43;1"
2026-08-24 18:45:17;ac_curr;"121;0";;"121;0"
2026-08-24 18:45:19;ac_curr;"122;0";;"122;0"
2026-08-24 18:45:25;dc_fan1;"819;0";;"819;0"
2026-08-24 18:45:25;ac_curr;"123;0";;"123;0"
2026-08-24 18:45:29;ac_curr;"122;0";;"122;0"
2026-08-24 18:45:31;out_water_temp;"47;6";;"47;6"
2026-08-24 18:45:35;ac_curr;"123;0";;"123;0"
2026-08-24 18:45:38;dc_fan1;"815;0";;"815;0"
2026-08-24 18:45:38;ac_curr;"122;0";;"122;0"
2026-08-24 18:45:44;dc_fan1;"819;0";;"819;0"
2026-08-24 18:45:44;in_water_temp;"43;4";;"43;4"
2026-08-24 18:45:44;disc_temp;"77;3";;"77;3"
2026-08-24 18:45:47;tidr;"23;3";;"23;3"
2026-08-24 18:45:47;dc_fan1;"822;0";;"822;0"
2026-08-24 18:45:50;ac_curr;"124;0";;"124;0"
2026-08-24 18:45:53;dc_fan1;"819;0";;"819;0"
2026-08-24 18:45:57;dc_fan1;"814;0";;"814;0"
2026-08-24 18:45:59;in_water_temp;"43;6";;"43;6"
2026-08-24 18:46:02;dc_fan1;"811;0";;"811;0"
2026-08-24 18:46:04;tank_temp;"43;6";;"43;6"
2026-08-24 18:46:11;out_water_temp;"47;9";;"47;9"
2026-08-24 18:46:12;dc_fan1;"817;0";;"817;0"
2026-08-24 18:46:21;ac_curr;"125;0";;"125;0"
2026-08-24 18:46:33;ac_curr;"124;0";;"124;0"
2026-08-24 18:46:40;dc_fan1;"820;0";;"820;0"
2026-08-24 18:46:40;ac_curr;"125;0";;"125;0"
2026-08-24 18:46:43;pump_sta;;True;"1;0"
2026-08-24 18:46:43;flow_rate;"19;0";;"19;0"
2026-08-24 18:46:47;in_water_temp;"43;9";;"43;9"
2026-08-24 18:46:48;out_water_temp;"48;1";;"48;1"
2026-08-24 18:46:50;flow_rate;"20;0";;"20;0"
2026-08-24 18:46:53;ac_curr;"124;0";;"124;0"
2026-08-24 18:46:55;ac_curr;"125;0";;"125;0"
2026-08-24 18:47:01;ac_curr;"126;0";;"126;0"
2026-08-24 18:47:10;dc_fan1;"817;0";;"817;0"
2026-08-24 18:47:14;ac_curr;"125;0";;"125;0"
2026-08-24 18:47:17;dc_fan1;"820;0";;"820;0"
2026-08-24 18:47:20;ac_curr;"124;0";;"124;0"
2026-08-24 18:47:23;dc_fan1;"825;0";;"825;0"
2026-08-24 18:47:26;dc_fan1;"829;0";;"829;0"
2026-08-24 18:47:32;in_water_temp;"44;1";;"44;1"
2026-08-24 18:47:32;out_water_temp;"48;4";;"48;4"
2026-08-24 18:47:32;tank_temp;"44;0";;"44;0"
2026-08-24 18:47:33;ac_curr;"125;0";;"125;0"
2026-08-24 18:47:35;ac_curr;"124;0";;"124;0"
2026-08-24 18:47:38;ac_vol;"228;0";;"228;0"
2026-08-24 18:47:38;ac_curr;"125;0";;"125;0"
2026-08-24 18:47:48;ac_curr;"124;0";;"124;0"
2026-08-24 18:47:51;ac_curr;"125;0";;"125;0"
2026-08-24 18:47:54;flow_rate;"19;0";;"19;0"
2026-08-24 18:47:57;flow_rate;"20;0";;"20;0"
2026-08-24 18:48:01;comp_freq;"67;0";;"67;0"
2026-08-24 18:48:01;ac_curr;"119;0";;"119;0"
2026-08-24 18:48:03;comp_freq;"61;0";;"61;0"
2026-08-24 18:48:03;ac_curr;"107;0";;"107;0"
2026-08-24 18:48:04;out_water_temp;"48;6";;"48;6"
2026-08-24 18:48:06;tidr;"23;4";;"23;4"
2026-08-24 18:48:06;comp_freq;"55;0";;"55;0"
2026-08-24 18:48:06;ac_curr;"93;0";;"93;0"
2026-08-24 18:48:09;back_temp;"7;4";;"7;4"
2026-08-24 18:48:09;comp_freq;"50;0";;"50;0"
2026-08-24 18:48:09;dc_fan1;"835;0";;"835;0"
2026-08-24 18:48:09;ac_curr;"82;0";;"82;0"
2026-08-24 18:48:12;tank_temp;"44;4";;"44;4"
2026-08-24 18:48:13;comp_freq;"44;0";;"44;0"
2026-08-24 18:48:13;m_eev;"121;0";;"121;0"
2026-08-24 18:48:13;ac_vol;"232;0";;"232;0"
2026-08-24 18:48:13;ac_curr;"72;0";;"72;0"
2026-08-24 18:48:15;in_water_temp;"44;4";;"44;4"
2026-08-24 18:48:16;comp_freq;"37;0";;"37;0"
2026-08-24 18:48:16;dc_fan1;"840;0";;"840;0"
2026-08-24 18:48:16;ac_curr;"60;0";;"60;0"
2026-08-24 18:48:18;comp_freq;"32;0";;"32;0"
2026-08-24 18:48:18;ac_curr;"51;0";;"51;0"
2026-08-24 18:48:20;out_water_temp;"48;4";;"48;4"
2026-08-24 18:48:21;back_temp;"8;2";;"8;2"
2026-08-24 18:48:21;comp_freq;"27;0";;"27;0"
2026-08-24 18:48:21;dc_fan1;"844;0";;"844;0"
2026-08-24 18:48:21;ac_curr;"44;0";;"44;0"
2026-08-24 18:48:21;disc_temp;"76;7";;"76;7"
2026-08-24 18:48:25;ac_curr;"43;0";;"43;0"
2026-08-24 18:48:27;out_water_temp;"48;0";;"48;0"
2026-08-24 18:48:37;fault_flag;;False;"0;0"
2026-08-24 18:48:37;back_temp;"9;3";;"9;3"
2026-08-24 18:48:37;protect_flag;;False;"0;0"
2026-08-24 18:48:37;comp_freq;"15;0";;"15;0"
2026-08-24 18:48:37;ac_fan;;close;
2026-08-24 18:48:37;freeze;;False;"0;0"
2026-08-24 18:48:37;dc_fan1;"841;0";;"841;0"
2026-08-24 18:48:37;defrost;;False;"0;0"
2026-08-24 18:48:37;dc_fan2;"0;0";;"0;0"
2026-08-24 18:48:37;in_water_temp;"44;6";;"44;6"
2026-08-24 18:48:37;out_water_temp;"47;5";;"47;5"
2026-08-24 18:48:37;ac_curr;"30;0";;"30;0"
2026-08-24 18:48:37;disc_temp;"75;4";;"75;4"
2026-08-24 18:48:38;comp_freq;"0;0";;"0;0"
2026-08-24 18:48:38;dc_fan1;"828;0";;"828;0"
2026-08-24 18:48:38;ac_curr;"0;0";;"0;0"
2026-08-24 18:48:38;disc_temp;"74;9";;"74;9"
2026-08-24 18:48:40;a_eev;"0;0";;"0;0"
2026-08-24 18:48:40;dc_fan1;"797;0";;"797;0"
2026-08-24 18:48:40;flow_rate;"14;0";;"14;0"
2026-08-24 18:48:40;out_water_temp;"47;3";;"47;3"
2026-08-24 18:48:43;back_temp;"10;1";;"10;1"
2026-08-24 18:48:43;dc_fan1;"771;0";;"771;0"
2026-08-24 18:48:43;flow_rate;"5;0";;"5;0"
2026-08-24 18:48:43;amb_temp;"12;4";;"12;4"
2026-08-24 18:48:43;disc_temp;"73;6";;"73;6"
2026-08-24 18:48:45;out_water_temp;"47;0";;"47;0"
2026-08-24 18:48:47;out_water_temp;"46;8";;"46;8"
2026-08-24 18:48:49;dc_fan1;"783;0";;"783;0"
2026-08-24 18:48:52;out_water_temp;"46;5";;"46;5"
2026-08-24 18:48:53;back_temp;"11;0";;"11;0"
2026-08-24 18:48:53;dc_fan1;"510;0";;"510;0"
2026-08-24 18:48:53;disc_temp;"72;4";;"72;4"
2026-08-24 18:48:55;out_water_temp;"46;1";;"46;1"
2026-08-24 18:48:56;dc_fan1;"310;0";;"310;0"
2026-08-24 18:48:56;flow_rate;"6;0";;"6;0"
2026-08-24 18:48:56;disc_temp;"71;9";;"71;9"
2026-08-24 18:49:07;back_temp;"12;0";;"12;0"
2026-08-24 18:49:07;dc_fan1;"110;0";;"110;0"
2026-08-24 18:49:07;flow_rate;"5;0";;"5;0"
2026-08-24 18:49:07;valve;;True;"1;0"
2026-08-24 18:49:07;out_water_temp;"45;6";;"45;6"
2026-08-24 18:49:07;disc_temp;"70;5";;"70;5"
2026-08-24 18:49:08;dc_fan1;"80;0";;"80;0"
2026-08-24 18:49:08;out_water_temp;"45;3";;"45;3"
2026-08-24 18:49:08;tank_temp;"44;7";;"44;7"
2026-08-24 18:49:11;dc_fan1;"60;0";;"60;0"
2026-08-24 18:49:11;disc_temp;"69;7";;"69;7"
2026-08-24 18:49:15;a_eev;"123;0";;"123;0"
2026-08-24 18:49:15;dc_fan1;"40;0";;"40;0"
2026-08-24 18:49:16;out_water_temp;"45;0";;"45;0"
2026-08-24 18:49:17;back_temp;"12;7";;"12;7"
2026-08-24 18:49:17;a_eev;"205;0";;"205;0"
2026-08-24 18:49:17;dc_fan1;"0;0";;"0;0"
2026-08-24 18:49:17;flow_rate;"6;0";;"6;0"
2026-08-24 18:49:17;disc_temp;"68;9";;"68;9"
2026-08-24 18:49:21;a_eev;"288;0";;"288;0"
2026-08-24 18:49:24;a_eev;"371;0";;"371;0"
2026-08-24 18:49:24;disc_temp;"68;1";;"68;1"
2026-08-24 18:49:26;a_eev;"454;0";;"454;0"
2026-08-24 18:49:30;m_eev;"162;0";;"162;0"
2026-08-24 18:49:30;a_eev;"480;0";;"480;0"
2026-08-24 18:49:33;back_temp;"13;3";;"13;3"
2026-08-24 18:49:33;m_eev;"245;0";;"245;0"
2026-08-24 18:49:33;disc_temp;"67;5";;"67;5"
2026-08-24 18:49:36;m_eev;"327;0";;"327;0"
2026-08-24 18:49:39;m_eev;"410;0";;"410;0"
2026-08-24 18:49:40;out_water_temp;"44;8";;"44;8"
2026-08-24 18:49:42;m_eev;"480;0";;"480;0"
2026-08-24 18:49:42;disc_temp;"66;9";;"66;9"
2026-08-24 18:49:45;back_temp;"13;8";;"13;8"
2026-08-24 18:49:45;a_eev;"440;0";;"440;0"
2026-08-24 18:49:48;a_eev;"358;0";;"358;0"
2026-08-24 18:49:51;a_eev;"275;0";;"275;0"
2026-08-24 18:49:51;disc_temp;"66;4";;"66;4"
2026-08-24 18:49:54;a_eev;"192;0";;"192;0"
2026-08-24 18:49:54;flow_rate;"5;0";;"5;0"
2026-08-24 18:49:57;back_temp;"14;4";;"14;4"
2026-08-24 18:49:57;a_eev;"109;0";;"109;0"
2026-08-24 18:50:01;a_eev;"10;0";;"10;0"
2026-08-24 18:50:01;disc_temp;"65;9";;"65;9"
2026-08-24 18:50:13;back_temp;"14;9";;"14;9"
2026-08-24 18:50:17;disc_temp;"65;3";;"65;3"
2026-08-24 18:50:22;amb_temp;"12;9";;"12;9"
2026-08-24 18:50:28;in_water_temp;"44;4";;"44;4"
2026-08-24 18:50:30;back_temp;"15;5";;"15;5"
2026-08-24 18:50:30;disc_temp;"64;7";;"64;7"
2026-08-24 18:50:31;tank_temp;"45;1";;"45;1"
2026-08-24 18:50:32;flow_rate;"6;0";;"6;0"
2026-08-24 18:50:32;valve;;False;"0;0"
2026-08-24 18:50:36;out_water_temp;"44;4";;"44;4"
2026-08-24 18:50:37;pump_sta;;False;"0;0"
2026-08-24 18:50:37;flow_rate;"0;0";;"0;0"
2026-08-24 18:50:41;disc_temp;"64;2";;"64;2"
2026-08-24 18:50:45;back_temp;"16;0";;"16;0"
2026-08-24 18:50:50;disc_temp;"63;7";;"63;7"
2026-08-24 18:50:51;in_water_temp;"44;1";;"44;1"
2026-08-24 18:50:56;out_water_temp;"44;1";;"44;1"
2026-08-24 18:51:00;back_temp;"16;5";;"16;5"
2026-08-24 18:51:05;disc_temp;"63;2";;"63;2"
2026-08-24 18:51:11;disc_temp;"62;7";;"62;7"
2026-08-24 18:51:16;in_water_temp;"43;9";;"43;9"
2026-08-24 18:51:18;back_temp;"17;0";;"17;0"
2026-08-24 18:51:23;out_water_temp;"43;9";;"43;9"
2026-08-24 18:51:30;disc_temp;"62;2";;"62;2"
2026-08-24 18:51:33;back_temp;"17;5";;"17;5"
2026-08-24 18:51:39;disc_temp;"61;7";;"61;7"
2026-08-24 18:51:45;amb_temp;"13;4";;"13;4"
2026-08-24 18:51:52;disc_temp;"61;1";;"61;1"
2026-08-24 18:51:58;back_temp;"18;1";;"18;1"
2026-08-24 18:52:07;disc_temp;"60;6";;"60;6"
2026-08-24 18:52:11;in_water_temp;"43;6";;"43;6"
2026-08-24 18:52:11;out_water_temp;"43;6";;"43;6"
2026-08-24 18:52:20;back_temp;"18;6";;"18;6"
2026-08-24 18:52:26;disc_temp;"60;1";;"60;1"
2026-08-24 18:52:36;in_water_temp;"43;4";;"43;4"
2026-08-24 18:52:36;out_water_temp;"43;4";;"43;4"
2026-08-24 18:52:38;disc_temp;"59;6";;"59;6"
2026-08-24 18:52:39;out_water_temp;"43;6";;"43;6"
2026-08-24 18:52:41;back_temp;"19;1";;"19;1"
2026-08-24 18:52:44;out_water_temp;"43;4";;"43;4"
2026-08-24 18:52:57;disc_temp;"59;1";;"59;1"
2026-08-24 18:53:07;tidr;"23;4";;"23;4"
2026-08-24 18:53:07;back_temp;"19;6";;"19;6"
2026-08-24 18:53:12;tank_temp;"45;5";;"45;5"
2026-08-24 18:53:13;disc_temp;"58;6";;"58;6"
2026-08-24 18:53:28;back_temp;"20;1";;"20;1"
2026-08-24 18:53:28;amb_temp;"13;9";;"13;9"
2026-08-24 18:53:34;disc_temp;"58;1";;"58;1"
2026-08-24 18:53:39;fault_flag;;False;"0;0"
2026-08-24 18:53:39;protect_flag;;False;"0;0"
2026-08-24 18:53:39;comp_freq;"0;0";;"0;0"
2026-08-24 18:53:39;ac_fan;;close;
2026-08-24 18:53:39;freeze;;False;"0;0"
2026-08-24 18:53:39;defrost;;False;"0;0"
2026-08-24 18:53:39;dc_fan2;"0;0";;"0;0"
2026-08-24 18:53:39;ac_curr;"0;0";;"0;0"
2026-08-24 18:53:49;disc_temp;"57;6";;"57;6"
2026-08-24 18:54:02;back_temp;"20;6";;"20;6"
2026-08-24 18:54:08;disc_temp;"57;1";;"57;1"
2026-08-24 18:54:20;dc_fan1;"0;0";;"0;0"
2026-08-24 18:54:20;out_water_temp;"43;1";;"43;1"
2026-08-24 18:54:32;back_temp;"21;1";;"21;1"
2026-08-24 18:54:32;disc_temp;"56;5";;"56;5"
2026-08-24 18:54:35;in_water_temp;"43;1";;"43;1"
2026-08-24 18:54:44;m_eev;"480;0";;"480;0"
2026-08-24 18:55:00;disc_temp;"56;0";;"56;0"
2026-08-24 18:55:03;a_eev;"10;0";;"10;0"
2026-08-24 18:55:12;back_temp;"21;6";;"21;6"
2026-08-24 18:55:22;disc_temp;"55;5";;"55;5"
2026-08-24 18:55:26;amb_temp;"14;4";;"14;4"
2026-08-24 18:55:27;out_water_temp;"42;9";;"42;9"
2026-08-24 18:55:34;valve;;False;"0;0"
2026-08-24 18:55:40;pump_sta;;False;"0;0"
2026-08-24 18:55:40;flow_rate;"0;0";;"0;0"
2026-08-24 18:55:49;disc_temp;"54;9";;"54;9"
2026-08-24 18:55:53;back_temp;"22;1";;"22;1"
2026-08-24 18:56:12;in_water_temp;"42;9";;"42;9"
2026-08-24 18:56:17;disc_temp;"54;4";;"54;4"
2026-08-24 18:56:38;disc_temp;"53;9";;"53;9"
2026-08-24 18:56:42;back_temp;"22;6";;"22;6"
2026-08-24 18:56:48;out_water_temp;"42;6";;"42;6"
2026-08-24 18:57:19;disc_temp;"53;4";;"53;4"
2026-08-24 18:57:28;out_water_temp;"42;4";;"42;4"
2026-08-24 18:57:41;back_temp;"23;1";;"23;1"
2026-08-24 18:57:45;disc_temp;"52;9";;"52;9"
2026-08-24 18:57:56;in_water_temp;"42;6";;"42;6"
2026-08-24 18:57:57;amb_temp;"14;9";;"14;9"
2026-08-24 18:58:08;tidr;"23;4";;"23;4"
2026-08-24 18:58:12;tank_temp;"45;6";;"45;6"
2026-08-24 18:58:25;disc_temp;"52;4";;"52;4"
2026-08-24 18:58:39;fault_flag;;False;"0;0"
2026-08-24 18:58:39;protect_flag;;False;"0;0"
2026-08-24 18:58:39;comp_freq;"0;0";;"0;0"
2026-08-24 18:58:39;ac_fan;;close;
2026-08-24 18:58:39;freeze;;False;"0;0"
2026-08-24 18:58:39;defrost;;False;"0;0"
2026-08-24 18:58:39;dc_fan2;"0;0";;"0;0"
2026-08-24 18:58:39;ac_curr;"0;0";;"0;0"
2026-08-24 18:58:48;in_water_temp;"42;4";;"42;4"
2026-08-24 18:58:52;back_temp;"23;6";;"23;6"
2026-08-24 18:58:56;out_water_temp;"42;1";;"42;1"
2026-08-24 18:59:05;disc_temp;"51;9";;"51;9"
2026-08-24 18:59:20;dc_fan1;"0;0";;"0;0"
2026-08-24 18:59:35;disc_temp;"51;4";;"51;4"
2026-08-24 18:59:53;m_eev;"480;0";;"480;0"
2026-08-24 18:59:56;out_water_temp;"41;9";;"41;9"
2026-08-24 18:59:57;back_temp;"24;1";;"24;1"
2026-08-24 19:00:04;a_eev;"10;0";;"10;0"
2026-08-24 19:00:28;disc_temp;"50;9";;"50;9"
2026-08-24 19:00:32;in_water_temp;"42;1";;"42;1"
2026-08-24 19:00:36;valve;;False;"0;0"
2026-08-24 19:00:41;pump_sta;;False;"0;0"
2026-08-24 19:00:41;flow_rate;"0;0";;"0;0"
2026-08-24 19:01:05;disc_temp;"50;4";;"50;4"
2026-08-24 19:01:17;back_temp;"24;6";;"24;6"
2026-08-24 19:01:47;out_water_temp;"41;6";;"41;6"
2026-08-24 19:01:52;in_water_temp;"41;9";;"41;9"
2026-08-24 19:02:03;disc_temp;"49;8";;"49;8"
2026-08-24 19:02:20;out_water_temp;"41;4";;"41;4"
2026-08-24 19:02:37;back_temp;"25;1";;"25;1"
2026-08-24 19:03:00;amb_temp;"15;3";;"15;3"
2026-08-24 19:03:09;tidr;"23;4";;"23;4"
2026-08-24 19:03:09;disc_temp;"49;3";;"49;3"
2026-08-24 19:03:21;tank_temp;"45;5";;"45;5"
2026-08-24 19:03:40;fault_flag;;False;"0;0"
2026-08-24 19:03:40;protect_flag;;False;"0;0"
2026-08-24 19:03:40;comp_freq;"0;0";;"0;0"
2026-08-24 19:03:40;ac_fan;;close;
2026-08-24 19:03:40;freeze;;False;"0;0"
2026-08-24 19:03:40;defrost;;False;"0;0"
2026-08-24 19:03:40;dc_fan2;"0;0";;"0;0"
2026-08-24 19:03:40;ac_curr;"0;0";;"0;0"
2026-08-24 19:03:43;in_water_temp;"41;6";;"41;6"
2026-08-24 19:03:52;back_temp;"25;6";;"25;6"
2026-08-24 19:04:09;disc_temp;"48;8";;"48;8"
2026-08-24 19:04:24;dc_fan1;"0;0";;"0;0"
2026-08-24 19:04:24;in_water_temp;"41;4";;"41;4"
2026-08-24 19:04:24;out_water_temp;"41;1";;"41;1"
2026-08-24 19:04:56;m_eev;"480;0";;"480;0"
2026-08-24 19:05:06;a_eev;"10;0";;"10;0"
2026-08-24 19:05:09;disc_temp;"48;3";;"48;3"
2026-08-24 19:05:12;back_temp;"26;1";;"26;1"
2026-08-24 19:05:19;out_water_temp;"40;9";;"40;9"
2026-08-24 19:05:37;valve;;False;"0;0"
2026-08-24 19:05:46;pump_sta;;False;"0;0"
2026-08-24 19:05:46;flow_rate;"0;0";;"0;0"
2026-08-24 19:06:19;in_water_temp;"41;1";;"41;1"
2026-08-24 19:06:29;back_temp;"26;6";;"26;6"
2026-08-24 19:06:32;disc_temp;"47;7";;"47;7"
2026-08-24 19:06:57;tank_temp;"45;1";;"45;1"
2026-08-24 19:07:07;out_water_temp;"40;6";;"40;6"
2026-08-24 19:07:34;back_temp;"27;1";;"27;1"
2026-08-24 19:07:35;in_water_temp;"40;9";;"40;9"
2026-08-24 19:08:03;amb_temp;"15;5";;"15;5"
2026-08-24 19:08:12;tidr;"23;4";;"23;4"
2026-08-24 19:08:18;disc_temp;"47;2";;"47;2"
2026-08-24 19:08:35;tank_temp;"44;8";;"44;8"
2026-08-24 19:08:42;fault_flag;;False;"0;0"
2026-08-24 19:08:42;protect_flag;;False;"0;0"
2026-08-24 19:08:42;comp_freq;"0;0";;"0;0"
2026-08-24 19:08:42;ac_fan;;close;
2026-08-24 19:08:42;freeze;;False;"0;0"
2026-08-24 19:08:42;defrost;;False;"0;0"
2026-08-24 19:08:42;dc_fan2;"0;0";;"0;0"
2026-08-24 19:08:42;ac_curr;"0;0";;"0;0"
2026-08-24 19:08:52;out_water_temp;"40;4";;"40;4"
2026-08-24 19:08:57;back_temp;"27;6";;"27;6"
2026-08-24 19:09:20;in_water_temp;"40;6";;"40;6"
2026-08-24 19:09:25;dc_fan1;"0;0";;"0;0"
2026-08-24 19:09:33;tank_temp;"44;4";;"44;4"
2026-08-24 19:09:57;m_eev;"480;0";;"480;0"
2026-08-24 19:09:57;disc_temp;"46;7";;"46;7"
2026-08-24 19:10:08;a_eev;"10;0";;"10;0"
2026-08-24 19:10:08;tank_temp;"44;0";;"44;0"
2026-08-24 19:10:39;valve;;False;"0;0"
2026-08-24 19:10:41;in_water_temp;"40;4";;"40;4"
2026-08-24 19:10:41;tank_temp;"43;6";;"43;6"
2026-08-24 19:10:48;pump_sta;;False;"0;0"
2026-08-24 19:10:48;flow_rate;"0;0";;"0;0"
2026-08-24 19:10:48;out_water_temp;"40;1";;"40;1"
2026-08-24 19:10:56;tank_temp;"43;2";;"43;2"
2026-08-24 19:11:05;back_temp;"28;1";;"28;1"
2026-08-24 19:11:24;tank_temp;"42;9";;"42;9"
2026-08-24 19:11:45;disc_temp;"46;2";;"46;2"
2026-08-24 19:12:30;out_water_temp;"39;9";;"39;9"
2026-08-24 19:12:40;in_water_temp;"40;1";;"40;1"
2026-08-24 19:12:40;tank_temp;"42;4";;"42;4"
2026-08-24 19:13:04;amb_temp;"15;7";;"15;7"
2026-08-24 19:13:14;tidr;"23;4";;"23;4"
2026-08-24 19:13:45;fault_flag;;False;"0;0"
2026-08-24 19:13:45;protect_flag;;False;"0;0"
2026-08-24 19:13:45;comp_freq;"0;0";;"0;0"
2026-08-24 19:13:45;ac_fan;;close;
2026-08-24 19:13:45;freeze;;False;"0;0"
2026-08-24 19:13:45;defrost;;False;"0;0"
2026-08-24 19:13:45;dc_fan2;"0;0";;"0;0"
2026-08-24 19:13:45;ac_curr;"0;0";;"0;0"
2026-08-24 19:13:48;disc_temp;"45;7";;"45;7"
2026-08-24 19:14:08;in_water_temp;"39;9";;"39;9"
2026-08-24 19:14:16;back_temp;"28;6";;"28;6"
2026-08-24 19:14:28;dc_fan1;"0;0";;"0;0"
2026-08-24 19:14:35;out_water_temp;"39;6";;"39;6"
2026-08-24 19:15:02;m_eev;"480;0";;"480;0"
2026-08-24 19:15:09;a_eev;"10;0";;"10;0"
2026-08-24 19:15:41;valve;;False;"0;0"
2026-08-24 19:15:49;pump_sta;;False;"0;0"
2026-08-24 19:15:49;flow_rate;"0;0";;"0;0"
2026-08-24 19:16:00;in_water_temp;"39;6";;"39;6"
2026-08-24 19:16:08;out_water_temp;"39;4";;"39;4"
2026-08-24 19:16:42;back_temp;"29;1";;"29;1"
2026-08-24 19:16:57;disc_temp;"45;1";;"45;1"
2026-08-24 19:17:20;in_water_temp;"39;4";;"39;4"
2026-08-24 19:17:40;tank_temp;"42;1";;"42;1"
2026-08-24 19:18:05;amb_temp;"15;7";;"15;7"
2026-08-24 19:18:16;tidr;"23;4";;"23;4"
2026-08-24 19:18:44;out_water_temp;"39;1";;"39;1"
2026-08-24 19:18:45;fault_flag;;False;"0;0"
2026-08-24 19:18:45;protect_flag;;False;"0;0"
2026-08-24 19:18:45;comp_freq;"0;0";;"0;0"
2026-08-24 19:18:45;ac_fan;;close;
2026-08-24 19:18:45;freeze;;False;"0;0"
2026-08-24 19:18:45;defrost;;False;"0;0"
2026-08-24 19:18:45;dc_fan2;"0;0";;"0;0"
2026-08-24 19:18:45;ac_curr;"0;0";;"0;0"
2026-08-24 19:19:27;in_water_temp;"39;1";;"39;1"
2026-08-24 19:19:29;back_temp;"29;6";;"29;6"
2026-08-24 19:19:29;dc_fan1;"0;0";;"0;0"
2026-08-24 19:20:05;m_eev;"480;0";;"480;0"
2026-08-24 19:20:15;a_eev;"10;0";;"10;0"
2026-08-24 19:20:15;out_water_temp;"38;9";;"38;9"
2026-08-24 19:20:40;in_water_temp;"38;9";;"38;9"
2026-08-24 19:20:42;valve;;False;"0;0"
2026-08-24 19:20:45;disc_temp;"44;5";;"44;5"
2026-08-24 19:20:57;pump_sta;;False;"0;0"
2026-08-24 19:20:57;flow_rate;"0;0";;"0;0"
2026-08-24 19:21:10;back_temp;"30;1";;"30;1"
2026-08-24 19:22:41;tank_temp;"42;0";;"42;0"
2026-08-24 19:23:01;in_water_temp;"38;6";;"38;6"
2026-08-24 19:23:04;out_water_temp;"38;6";;"38;6"
2026-08-24 19:23:11;amb_temp;"15;7";;"15;7"
2026-08-24 19:23:17;tidr;"23;4";;"23;4"
2026-08-24 19:23:26;disc_temp;"44;0";;"44;0"
2026-08-24 19:23:32;back_temp;"30;6";;"30;6"
2026-08-24 19:23:44;in_water_temp;"38;4";;"38;4"
2026-08-24 19:23:47;fault_flag;;False;"0;0"
2026-08-24 19:23:47;protect_flag;;False;"0;0"
2026-08-24 19:23:47;comp_freq;"0;0";;"0;0"
2026-08-24 19:23:47;ac_fan;;close;
2026-08-24 19:23:47;freeze;;False;"0;0"
2026-08-24 19:23:47;defrost;;False;"0;0"
2026-08-24 19:23:47;dc_fan2;"0;0";;"0;0"
2026-08-24 19:23:47;ac_curr;"0;0";;"0;0"
2026-08-24 19:23:48;out_water_temp;"38;4";;"38;4"
2026-08-24 19:23:52;out_water_temp;"38;6";;"38;6"
2026-08-24 19:24:01;out_water_temp;"38;4";;"38;4"
2026-08-24 19:24:08;out_water_temp;"38;6";;"38;6"
2026-08-24 19:24:12;out_water_temp;"38;4";;"38;4"
2026-08-24 19:24:31;dc_fan1;"0;0";;"0;0"
2026-08-24 19:25:05;m_eev;"480;0";;"480;0"
2026-08-24 19:25:16;a_eev;"10;0";;"10;0"
2026-08-24 19:25:44;valve;;False;"0;0"
2026-08-24 19:25:52;in_water_temp;"38;1";;"38;1"
2026-08-24 19:26:00;pump_sta;;False;"0;0"
2026-08-24 19:26:00;flow_rate;"0;0";;"0;0"
2026-08-24 19:26:28;out_water_temp;"38;1";;"38;1"
2026-08-24 19:26:43;back_temp;"31;1";;"31;1"
2026-08-24 19:27:17;disc_temp;"43;4";;"43;4"
2026-08-24 19:27:23;in_water_temp;"37;9";;"37;9"
2026-08-24 19:27:42;tank_temp;"42;0";;"42;0"
2026-08-24 19:28:13;amb_temp;"15;6";;"15;6"
2026-08-24 19:28:19;tidr;"23;4";;"23;4"
2026-08-24 19:28:33;out_water_temp;"37;9";;"37;9"
2026-08-24 19:28:51;fault_flag;;False;"0;0"
2026-08-24 19:28:51;protect_flag;;False;"0;0"
2026-08-24 19:28:51;comp_freq;"0;0";;"0;0"
2026-08-24 19:28:51;ac_fan;;close;
2026-08-24 19:28:51;freeze;;False;"0;0"
2026-08-24 19:28:51;defrost;;False;"0;0"
2026-08-24 19:28:51;dc_fan2;"0;0";;"0;0"
2026-08-24 19:28:51;ac_curr;"0;0";;"0;0"
2026-08-24 19:29:31;dc_fan1;"0;0";;"0;0"
2026-08-24 19:29:44;in_water_temp;"37;6";;"37;6"
2026-08-24 19:30:02;cool_temp_set_z2;"120;0";;"120;0"
2026-08-24 19:30:02;heat_temp_set_z2;"350;0";;"350;0"
2026-08-24 19:30:02;auto_cool_temp_set_z2;"70;0";;"70;0"
2026-08-24 19:30:02;auto_heat_temp_set_z2;"270;0";;"270;0"
2026-08-24 19:30:02;idr_temp_set;"250;0";;"250;0"
2026-08-24 19:30:02;holiday_sw;;False;"0;0"
2026-08-24 19:30:02;switch;;False;"0;0"
2026-08-24 19:30:02;mute;;False;"0;0"
2026-08-24 19:30:02;cool_temp_set;"12;0";;"12;0"
2026-08-24 19:30:02;heat_temp_set;"41;0";;"41;0"
2026-08-24 19:30:02;auto_heat_temp_set_z1;"350;0";;"350;0"
2026-08-24 19:30:02;hot_water_temp_set;"44;0";;"44;0"
2026-08-24 19:30:02;zone_select;;0;"0;0"
2026-08-24 19:30:02;auto_temp_set;"70;0";;"70;0"
2026-08-24 19:30:02;work_mode;;hot_water;
2026-08-24 19:30:08;m_eev;"480;0";;"480;0"
2026-08-24 19:30:16;a_eev;"10;0";;"10;0"
2026-08-24 19:30:26;disc_temp;"42;9";;"42;9"
2026-08-24 19:30:44;valve;;False;"0;0"
2026-08-24 19:30:57;back_temp;"31;6";;"31;6"
2026-08-24 19:31:01;pump_sta;;False;"0;0"
2026-08-24 19:31:01;flow_rate;"0;0";;"0;0"
2026-08-24 19:31:17;out_water_temp;"37;6";;"37;6"
2026-08-24 19:31:55;in_water_temp;"37;4";;"37;4"
2026-08-24 19:32:42;tank_temp;"42;0";;"42;0"
2026-08-24 19:33:01;back_temp;"32;1";;"32;1"
2026-08-24 19:33:13;amb_temp;"15;7";;"15;7"
2026-08-24 19:33:19;tidr;"23;4";;"23;4"
2026-08-24 19:33:51;fault_flag;;False;"0;0"
2026-08-24 19:33:51;protect_flag;;False;"0;0"
2026-08-24 19:33:51;comp_freq;"0;0";;"0;0"
2026-08-24 19:33:51;ac_fan;;close;
2026-08-24 19:33:51;freeze;;False;"0;0"
2026-08-24 19:33:51;defrost;;False;"0;0"
2026-08-24 19:33:51;dc_fan2;"0;0";;"0;0"
2026-08-24 19:33:51;ac_curr;"0;0";;"0;0"
2026-08-24 19:33:53;out_water_temp;"37;4";;"37;4"
2026-08-24 19:33:54;disc_temp;"42;4";;"42;4"
2026-08-24 19:34:33;dc_fan1;"0;0";;"0;0"
2026-08-24 19:34:41;in_water_temp;"37;1";;"37;1"
2026-08-24 19:35:10;m_eev;"480;0";;"480;0"
2026-08-24 19:35:17;a_eev;"10;0";;"10;0"
2026-08-24 19:35:44;valve;;False;"0;0"
2026-08-24 19:35:59;in_water_temp;"36;9";;"36;9"
2026-08-24 19:36:03;pump_sta;;False;"0;0"
2026-08-24 19:36:03;flow_rate;"0;0";;"0;0"
2026-08-24 19:37:04;out_water_temp;"37;1";;"37;1"
2026-08-24 19:37:45;tank_temp;"41;8";;"41;8"
2026-08-24 19:38:03;back_temp;"32;1";;"32;1"
2026-08-24 19:38:10;disc_temp;"41;8";;"41;8"
2026-08-24 19:38:16;amb_temp;"15;7";;"15;7"
2026-08-24 19:38:25;tidr;"23;4";;"23;4"
2026-08-24 19:38:25;in_water_temp;"36;6";;"36;6"
2026-08-24 19:38:53;fault_flag;;False;"0;0"
2026-08-24 19:38:53;protect_flag;;False;"0;0"
2026-08-24 19:38:53;comp_freq;"0;0";;"0;0"
2026-08-24 19:38:53;ac_fan;;close;
2026-08-24 19:38:53;freeze;;False;"0;0"
2026-08-24 19:38:53;defrost;;False;"0;0"
2026-08-24 19:38:53;dc_fan2;"0;0";;"0;0"
2026-08-24 19:38:53;ac_curr;"0;0";;"0;0"
2026-08-24 19:39:08;out_water_temp;"36;9";;"36;9"
2026-08-24 19:39:34;dc_fan1;"0;0";;"0;0"
2026-08-24 19:40:01;in_water_temp;"36;4";;"36;4"
2026-08-24 19:40:11;m_eev;"480;0";;"480;0"
2026-08-24 19:40:26;a_eev;"10;0";;"10;0"
2026-08-24 19:40:50;valve;;False;"0;0"
2026-08-24 19:41:04;pump_sta;;False;"0;0"
2026-08-24 19:41:04;flow_rate;"0;0";;"0;0"
2026-08-24 19:41:08;tidr;"23;3";;"23;3"
2026-08-24 19:41:41;disc_temp;"41;3";;"41;3"
2026-08-24 19:41:49;out_water_temp;"36;6";;"36;6"
2026-08-24 19:42:27;in_water_temp;"36;1";;"36;1"
2026-08-24 19:42:45;tank_temp;"41;8";;"41;8"
2026-08-24 19:43:04;back_temp;"32;2";;"32;2"
2026-08-24 19:43:17;amb_temp;"15;7";;"15;7"
2026-08-24 19:43:48;out_water_temp;"36;4";;"36;4"
2026-08-24 19:43:53;fault_flag;;False;"0;0"
2026-08-24 19:43:53;protect_flag;;False;"0;0"
2026-08-24 19:43:53;comp_freq;"0;0";;"0;0"
2026-08-24 19:43:53;ac_fan;;close;
2026-08-24 19:43:53;freeze;;False;"0;0"
2026-08-24 19:43:53;defrost;;False;"0;0"
2026-08-24 19:43:53;dc_fan2;"0;0";;"0;0"
2026-08-24 19:43:53;ac_curr;"0;0";;"0;0"
2026-08-24 19:44:08;in_water_temp;"35;9";;"35;9"
2026-08-24 19:44:35;dc_fan1;"0;0";;"0;0"
2026-08-24 19:44:49;disc_temp;"40;8";;"40;8"
2026-08-24 19:45:13;m_eev;"480;0";;"480;0"
2026-08-24 19:45:28;a_eev;"10;0";;"10;0"
2026-08-24 19:45:56;valve;;False;"0;0"
2026-08-24 19:46:05;pump_sta;;False;"0;0"
2026-08-24 19:46:05;flow_rate;"0;0";;"0;0"
2026-08-24 19:46:09;tidr;"23;3";;"23;3"
2026-08-24 19:46:18;tidr;"23;4";;"23;4"
2026-08-24 19:46:36;in_water_temp;"35;6";;"35;6"
2026-08-24 19:46:51;out_water_temp;"36;1";;"36;1"
2026-08-24 19:47:47;tank_temp;"41;6";;"41;6"
2026-08-24 19:48:06;back_temp;"32;3";;"32;3"
2026-08-24 19:48:12;disc_temp;"40;3";;"40;3"
2026-08-24 19:48:18;amb_temp;"15;5";;"15;5"
2026-08-24 19:48:24;in_water_temp;"35;4";;"35;4"
2026-08-24 19:48:54;fault_flag;;False;"0;0"
2026-08-24 19:48:54;protect_flag;;False;"0;0"
2026-08-24 19:48:54;comp_freq;"0;0";;"0;0"
2026-08-24 19:48:54;ac_fan;;close;
2026-08-24 19:48:54;freeze;;False;"0;0"
2026-08-24 19:48:54;defrost;;False;"0;0"
2026-08-24 19:48:54;dc_fan2;"0;0";;"0;0"
2026-08-24 19:48:54;ac_curr;"0;0";;"0;0"
2026-08-24 19:48:57;out_water_temp;"35;9";;"35;9"
2026-08-24 19:49:36;dc_fan1;"0;0";;"0;0"
2026-08-24 19:50:13;m_eev;"480;0";;"480;0"
2026-08-24 19:50:28;a_eev;"10;0";;"10;0"
2026-08-24 19:50:57;valve;;False;"0;0"
2026-08-24 19:51:00;in_water_temp;"35;1";;"35;1"
2026-08-24 19:51:06;pump_sta;;False;"0;0"
2026-08-24 19:51:06;flow_rate;"0;0";;"0;0"
2026-08-24 19:51:20;tidr;"23;4";;"23;4"
2026-08-24 19:51:30;disc_temp;"39;8";;"39;8"
2026-08-24 19:52:16;out_water_temp;"35;6";;"35;6"
2026-08-24 19:52:28;in_water_temp;"34;9";;"34;9"
2026-08-24 19:52:48;tank_temp;"41;6";;"41;6"
2026-08-24 19:53:09;back_temp;"32;2";;"32;2"
2026-08-24 19:53:24;amb_temp;"15;5";;"15;5"
2026-08-24 19:53:58;fault_flag;;False;"0;0"
2026-08-24 19:53:58;protect_flag;;False;"0;0"
2026-08-24 19:53:58;comp_freq;"0;0";;"0;0"
2026-08-24 19:53:58;ac_fan;;close;
2026-08-24 19:53:58;freeze;;False;"0;0"
2026-08-24 19:53:58;defrost;;False;"0;0"
2026-08-24 19:53:58;dc_fan2;"0;0";;"0;0"
2026-08-24 19:53:58;ac_curr;"0;0";;"0;0"
2026-08-24 19:54:01;out_water_temp;"35;4";;"35;4"
2026-08-24 19:54:37;dc_fan1;"0;0";;"0;0"
2026-08-24 19:54:58;disc_temp;"39;3";;"39;3"
2026-08-24 19:55:12;in_water_temp;"34;6";;"34;6"
2026-08-24 19:55:13;m_eev;"480;0";;"480;0"
2026-08-24 19:55:29;a_eev;"10;0";;"10;0"
2026-08-24 19:55:57;valve;;False;"0;0"
2026-08-24 19:56:08;pump_sta;;False;"0;0"
2026-08-24 19:56:08;flow_rate;"0;0";;"0;0"
2026-08-24 19:56:18;tidr;"23;3";;"23;3"
2026-08-24 19:57:33;out_water_temp;"35;1";;"35;1"
2026-08-24 19:57:50;tank_temp;"41;4";;"41;4"
2026-08-24 19:58:08;in_water_temp;"34;4";;"34;4"
2026-08-24 19:58:10;back_temp;"32;0";;"32;0"
2026-08-24 19:58:25;amb_temp;"15;5";;"15;5"
2026-08-24 19:58:30;disc_temp;"38;8";;"38;8"
2026-08-24 19:59:01;fault_flag;;False;"0;0"
2026-08-24 19:59:01;protect_flag;;False;"0;0"
2026-08-24 19:59:01;comp_freq;"0;0";;"0;0"
2026-08-24 19:59:01;ac_fan;;close;
2026-08-24 19:59:01;freeze;;False;"0;0"
2026-08-24 19:59:01;defrost;;False;"0;0"
2026-08-24 19:59:01;dc_fan2;"0;0";;"0;0"
2026-08-24 19:59:01;ac_curr;"0;0";;"0;0"
2026-08-24 19:59:13;out_water_temp;"34;9";;"34;9"
2026-08-24 19:59:38;dc_fan1;"0;0";;"0;0"
2026-08-24 20:00:16;m_eev;"480;0";;"480;0"
2026-08-24 20:00:29;a_eev;"10;0";;"10;0"
2026-08-24 20:00:56;in_water_temp;"34;1";;"34;1"
2026-08-24 20:00:58;valve;;False;"0;0"
2026-08-24 20:01:09;pump_sta;;False;"0;0"
2026-08-24 20:01:09;flow_rate;"0;0";;"0;0"
2026-08-24 20:01:20;tidr;"23;3";;"23;3"
2026-08-24 20:02:29;disc_temp;"38;2";;"38;2"
2026-08-24 20:02:35;in_water_temp;"33;9";;"33;9"
2026-08-24 20:02:48;out_water_temp;"34;6";;"34;6"
2026-08-24 20:02:52;tank_temp;"41;3";;"41;3"
2026-08-24 20:03:11;back_temp;"31;7";;"31;7"
2026-08-24 20:03:12;tank_temp;"41;6";;"41;6"
2026-08-24 20:03:28;amb_temp;"15;4";;"15;4"
2026-08-24 20:04:01;fault_flag;;False;"0;0"
2026-08-24 20:04:01;protect_flag;;False;"0;0"
2026-08-24 20:04:01;comp_freq;"0;0";;"0;0"
2026-08-24 20:04:01;ac_fan;;close;
2026-08-24 20:04:01;freeze;;False;"0;0"
2026-08-24 20:04:01;defrost;;False;"0;0"
2026-08-24 20:04:01;dc_fan2;"0;0";;"0;0"
2026-08-24 20:04:01;ac_curr;"0;0";;"0;0"
2026-08-24 20:04:41;dc_fan1;"0;0";;"0;0"
2026-08-24 20:05:18;m_eev;"480;0";;"480;0"
2026-08-24 20:05:21;in_water_temp;"33;6";;"33;6"
2026-08-24 20:05:30;a_eev;"10;0";;"10;0"
2026-08-24 20:05:56;out_water_temp;"34;4";;"34;4"
2026-08-24 20:06:01;valve;;False;"0;0"
2026-08-24 20:06:11;pump_sta;;False;"0;0"
2026-08-24 20:06:11;flow_rate;"0;0";;"0;0"
2026-08-24 20:06:21;tidr;"23;3";;"23;3"
2026-08-24 20:06:29;tank_temp;"41;3";;"41;3"
2026-08-24 20:06:38;disc_temp;"37;7";;"37;7"
2026-08-24 20:08:05;in_water_temp;"33;4";;"33;4"
2026-08-24 20:08:12;back_temp;"31;5";;"31;5"
2026-08-24 20:08:30;amb_temp;"15;3";;"15;3"
2026-08-24 20:09:03;fault_flag;;False;"0;0"
2026-08-24 20:09:03;protect_flag;;False;"0;0"
2026-08-24 20:09:03;comp_freq;"0;0";;"0;0"
2026-08-24 20:09:03;ac_fan;;close;
2026-08-24 20:09:03;freeze;;False;"0;0"
2026-08-24 20:09:03;defrost;;False;"0;0"
2026-08-24 20:09:03;dc_fan2;"0;0";;"0;0"
2026-08-24 20:09:03;ac_curr;"0;0";;"0;0"
2026-08-24 20:09:25;out_water_temp;"34;1";;"34;1"
2026-08-24 20:09:42;dc_fan1;"0;0";;"0;0"
2026-08-24 20:10:24;m_eev;"480;0";;"480;0"
2026-08-24 20:10:33;a_eev;"10;0";;"10;0"
2026-08-24 20:10:46;disc_temp;"37;2";;"37;2"
2026-08-24 20:10:53;in_water_temp;"33;1";;"33;1"
2026-08-24 20:11:02;valve;;False;"0;0"
2026-08-24 20:11:12;pump_sta;;False;"0;0"
2026-08-24 20:11:12;flow_rate;"0;0";;"0;0"
2026-08-24 20:11:13;out_water_temp;"33;9";;"33;9"
2026-08-24 20:11:21;tidr;"23;3";;"23;3"
2026-08-24 20:11:30;tank_temp;"41;3";;"41;3"
2026-08-24 20:13:05;in_water_temp;"32;9";;"32;9"
2026-08-24 20:13:13;back_temp;"31;2";;"31;2"
2026-08-24 20:13:32;amb_temp;"15;2";;"15;2"
2026-08-24 20:14:04;fault_flag;;False;"0;0"
2026-08-24 20:14:04;protect_flag;;False;"0;0"
2026-08-24 20:14:04;comp_freq;"0;0";;"0;0"
2026-08-24 20:14:04;ac_fan;;close;
2026-08-24 20:14:04;freeze;;False;"0;0"
2026-08-24 20:14:04;defrost;;False;"0;0"
2026-08-24 20:14:04;dc_fan2;"0;0";;"0;0"
2026-08-24 20:14:04;ac_curr;"0;0";;"0;0"
2026-08-24 20:14:29;disc_temp;"36;6";;"36;6"
2026-08-24 20:14:43;dc_fan1;"0;0";;"0;0"
2026-08-24 20:14:45;out_water_temp;"33;6";;"33;6"
2026-08-24 20:15:11;tidr;"23;4";;"23;4"
2026-08-24 20:15:24;m_eev;"480;0";;"480;0"
2026-08-24 20:15:35;a_eev;"10;0";;"10;0"
2026-08-24 20:15:53;in_water_temp;"32;6";;"32;6"
2026-08-24 20:16:03;valve;;False;"0;0"
2026-08-24 20:16:13;pump_sta;;False;"0;0"
2026-08-24 20:16:13;flow_rate;"0;0";;"0;0"
2026-08-24 20:16:32;tank_temp;"41;3";;"41;3"
2026-08-24 20:17:48;out_water_temp;"33;4";;"33;4"
2026-08-24 20:18:01;in_water_temp;"32;4";;"32;4"
2026-08-24 20:18:14;back_temp;"30;8";;"30;8"
2026-08-24 20:18:35;amb_temp;"15;1";;"15;1"
2026-08-24 20:19:00;disc_temp;"36;1";;"36;1"
2026-08-24 20:19:06;fault_flag;;False;"0;0"
2026-08-24 20:19:06;protect_flag;;False;"0;0"
2026-08-24 20:19:06;comp_freq;"0;0";;"0;0"
2026-08-24 20:19:06;ac_fan;;close;
2026-08-24 20:19:06;freeze;;False;"0;0"
2026-08-24 20:19:06;defrost;;False;"0;0"
2026-08-24 20:19:06;dc_fan2;"0;0";;"0;0"
2026-08-24 20:19:06;ac_curr;"0;0";;"0;0"
2026-08-24 20:19:44;dc_fan1;"0;0";;"0;0"
2026-08-24 20:20:14;tidr;"23;4";;"23;4"
2026-08-24 20:20:26;m_eev;"480;0";;"480;0"
2026-08-24 20:20:36;a_eev;"10;0";;"10;0"
2026-08-24 20:20:57;in_water_temp;"32;1";;"32;1"
2026-08-24 20:21:03;valve;;False;"0;0"
2026-08-24 20:21:08;out_water_temp;"33;1";;"33;1"
2026-08-24 20:21:14;pump_sta;;False;"0;0"
2026-08-24 20:21:14;flow_rate;"0;0";;"0;0"
2026-08-24 20:21:34;tank_temp;"41;3";;"41;3"
2026-08-24 20:22:44;in_water_temp;"31;9";;"31;9"
2026-08-24 20:23:21;back_temp;"30;5";;"30;5"
2026-08-24 20:23:26;tidr;"23;5";;"23;5"
2026-08-24 20:23:29;tidr;"23;4";;"23;4"
2026-08-24 20:23:32;disc_temp;"35;5";;"35;5"
2026-08-24 20:23:38;amb_temp;"15;0";;"15;0"
2026-08-24 20:23:44;out_water_temp;"32;9";;"32;9"
2026-08-24 20:24:08;fault_flag;;False;"0;0"
2026-08-24 20:24:08;protect_flag;;False;"0;0"
2026-08-24 20:24:08;comp_freq;"0;0";;"0;0"
2026-08-24 20:24:08;ac_fan;;close;
2026-08-24 20:24:08;freeze;;False;"0;0"
2026-08-24 20:24:08;defrost;;False;"0;0"
2026-08-24 20:24:08;dc_fan2;"0;0";;"0;0"
2026-08-24 20:24:08;ac_curr;"0;0";;"0;0"
2026-08-24 20:24:44;dc_fan1;"0;0";;"0;0"
2026-08-24 20:25:12;tidr;"23;5";;"23;5"
2026-08-24 20:25:29;m_eev;"480;0";;"480;0"
2026-08-24 20:25:37;a_eev;"10;0";;"10;0"
2026-08-24 20:25:57;in_water_temp;"31;6";;"31;6"
2026-08-24 20:26:09;valve;;False;"0;0"
2026-08-24 20:26:15;pump_sta;;False;"0;0"
2026-08-24 20:26:15;flow_rate;"0;0";;"0;0"
2026-08-24 20:26:37;tank_temp;"41;2";;"41;2"
2026-08-24 20:27:05;tidr;"23;4";;"23;4"
2026-08-24 20:27:05;out_water_temp;"32;6";;"32;6"
2026-08-24 20:28:04;disc_temp;"35;0";;"35;0"
2026-08-24 20:28:22;back_temp;"30;1";;"30;1"
2026-08-24 20:28:33;tidr;"23;5";;"23;5"
2026-08-24 20:28:40;amb_temp;"15;0";;"15;0"
2026-08-24 20:29:00;tidr;"23;4";;"23;4"
2026-08-24 20:29:09;fault_flag;;False;"0;0"
2026-08-24 20:29:09;protect_flag;;False;"0;0"
2026-08-24 20:29:09;comp_freq;"0;0";;"0;0"
2026-08-24 20:29:09;ac_fan;;close;
2026-08-24 20:29:09;freeze;;False;"0;0"
2026-08-24 20:29:09;defrost;;False;"0;0"
2026-08-24 20:29:09;dc_fan2;"0;0";;"0;0"
2026-08-24 20:29:09;ac_curr;"0;0";;"0;0"
2026-08-24 20:29:24;in_water_temp;"31;4";;"31;4"
2026-08-24 20:29:26;out_water_temp;"32;4";;"32;4"
2026-08-24 20:29:46;dc_fan1;"0;0";;"0;0"
2026-08-24 20:30:20;tidr;"23;5";;"23;5"
2026-08-24 20:30:32;m_eev;"480;0";;"480;0"
2026-08-24 20:30:38;a_eev;"10;0";;"10;0"
2026-08-24 20:30:41;tidr;"23;4";;"23;4"
2026-08-24 20:31:10;valve;;False;"0;0"
2026-08-24 20:31:16;pump_sta;;False;"0;0"
2026-08-24 20:31:16;flow_rate;"0;0";;"0;0"
2026-08-24 20:31:38;tank_temp;"41;2";;"41;2"
2026-08-24 20:32:05;tidr;"23;5";;"23;5"
2026-08-24 20:32:32;in_water_temp;"31;1";;"31;1"
2026-08-24 20:32:48;disc_temp;"34;4";;"34;4"
